Sales Method,Total Sales,Operating Profit,Data_Type
In-store,600000,300000.0,Derived from Adidas master dataset
In-store,500000,150000.0,Derived from Adidas master dataset
In-store,400000,140000.0,Derived from Adidas master dataset
In-store,382500,133875.0,Derived from Adidas master dataset
In-store,540000,162000.0,Derived from Adidas master dataset
In-store,500000,125000.0,Derived from Adidas master dataset
In-store,625000,312500.0,Derived from Adidas master dataset
Outlet,450000,135000.0,Derived from Adidas master dataset
Outlet,380000,133000.0,Derived from Adidas master dataset
Outlet,371250,129937.5,Derived from Adidas master dataset
Outlet,540000,162000.0,Derived from Adidas master dataset
Outlet,500000,125000.0,Derived from Adidas master dataset
Outlet,610000,305000.0,Derived from Adidas master dataset
Outlet,462500,138750.0,Derived from Adidas master dataset
Outlet,380000,133000.0,Derived from Adidas master dataset
Outlet,360000,126000.0,Derived from Adidas master dataset
Outlet,510000,153000.0,Derived from Adidas master dataset
Outlet,475000,118750.0,Derived from Adidas master dataset
Outlet,600000,300000.0,Derived from Adidas master dataset
Outlet,450000,135000.0,Derived from Adidas master dataset
Outlet,360000,126000.0,Derived from Adidas master dataset
Outlet,371250,129937.5,Derived from Adidas master dataset
Outlet,495000,148500.0,Derived from Adidas master dataset
Outlet,475000,118750.0,Derived from Adidas master dataset
Outlet,732000,366000.0,Derived from Adidas master dataset
Outlet,508750,152625.0,Derived from Adidas master dataset
Outlet,450000,157500.0,Derived from Adidas master dataset
Outlet,425000,148750.0,Derived from Adidas master dataset
Outlet,525000,157500.0,Derived from Adidas master dataset
Outlet,650000,162500.0,Derived from Adidas master dataset
Outlet,750000,375000.0,Derived from Adidas master dataset
Outlet,550000,165000.0,Derived from Adidas master dataset
Outlet,462500,161875.0,Derived from Adidas master dataset
Outlet,450000,157500.0,Derived from Adidas master dataset
Outlet,540000,162000.0,Derived from Adidas master dataset
Outlet,682500,170625.0,Derived from Adidas master dataset
Outlet,765000,382500.0,Derived from Adidas master dataset
Outlet,563750,169125.0,Derived from Adidas master dataset
Outlet,475000,166250.0,Derived from Adidas master dataset
Outlet,450000,157500.0,Derived from Adidas master dataset
Outlet,555000,166500.0,Derived from Adidas master dataset
Outlet,715000,178750.0,Derived from Adidas master dataset
Outlet,750000,375000.0,Derived from Adidas master dataset
Outlet,563750,169125.0,Derived from Adidas master dataset
Outlet,475000,166250.0,Derived from Adidas master dataset
Outlet,462500,161875.0,Derived from Adidas master dataset
Outlet,540000,162000.0,Derived from Adidas master dataset
Outlet,698750,174687.5,Derived from Adidas master dataset
Outlet,720000,360000.0,Derived from Adidas master dataset
Outlet,550000,165000.0,Derived from Adidas master dataset
Outlet,462500,161875.0,Derived from Adidas master dataset
Outlet,450000,157500.0,Derived from Adidas master dataset
Outlet,540000,162000.0,Derived from Adidas master dataset
Outlet,650000,162500.0,Derived from Adidas master dataset
Outlet,568750,170625.0,Derived from Adidas master dataset
Outlet,700000,175000.0,Derived from Adidas master dataset
Outlet,747500,373750.0,Derived from Adidas master dataset
Outlet,536250,160875.0,Derived from Adidas master dataset
Outlet,506000,177100.0,Derived from Adidas master dataset
Outlet,495000,173250.0,Derived from Adidas master dataset
Outlet,568750,170625.0,Derived from Adidas master dataset
Outlet,682500,170625.0,Derived from Adidas master dataset
Outlet,780000,390000.0,Derived from Adidas master dataset
Outlet,550000,165000.0,Derived from Adidas master dataset
Outlet,522500,182875.0,Derived from Adidas master dataset
Outlet,495000,173250.0,Derived from Adidas master dataset
Outlet,585000,175500.0,Derived from Adidas master dataset
Outlet,700000,175000.0,Derived from Adidas master dataset
Outlet,225000,78750.0,Derived from Adidas master dataset
Outlet,315000,110250.0,Derived from Adidas master dataset
Outlet,245000,85750.0,Derived from Adidas master dataset
Outlet,245000,110250.0,Derived from Adidas master dataset
Outlet,220000,66000.0,Derived from Adidas master dataset
Outlet,245000,122500.0,Derived from Adidas master dataset
Outlet,212500,74375.0,Derived from Adidas master dataset
Outlet,297500,104125.0,Derived from Adidas master dataset
Outlet,236250,82687.5,Derived from Adidas master dataset
Outlet,218750,98437.5,Derived from Adidas master dataset
Outlet,200000,60000.0,Derived from Adidas master dataset
Outlet,245000,122500.0,Derived from Adidas master dataset
Outlet,262500,91875.0,Derived from Adidas master dataset
Outlet,350000,122500.0,Derived from Adidas master dataset
Outlet,245000,85750.0,Derived from Adidas master dataset
Outlet,240000,108000.0,Derived from Adidas master dataset
Outlet,225000,67500.0,Derived from Adidas master dataset
Outlet,260000,130000.0,Derived from Adidas master dataset
Outlet,270000,94500.0,Derived from Adidas master dataset
Outlet,360000,126000.0,Derived from Adidas master dataset
Outlet,253750,88812.5,Derived from Adidas master dataset
Outlet,250000,112500.0,Derived from Adidas master dataset
Outlet,236250,70875.0,Derived from Adidas master dataset
Outlet,320000,160000.0,Derived from Adidas master dataset
Outlet,277500,97125.0,Derived from Adidas master dataset
Outlet,370000,129500.0,Derived from Adidas master dataset
Outlet,271250,94937.5,Derived from Adidas master dataset
Outlet,280000,126000.0,Derived from Adidas master dataset
Outlet,270000,81000.0,Derived from Adidas master dataset
Outlet,380000,190000.0,Derived from Adidas master dataset
Outlet,380000,133000.0,Derived from Adidas master dataset
Outlet,427500,149625.0,Derived from Adidas master dataset
Outlet,320000,112000.0,Derived from Adidas master dataset
Outlet,300000,135000.0,Derived from Adidas master dataset
Outlet,292500,87750.0,Derived from Adidas master dataset
Outlet,500000,250000.0,Derived from Adidas master dataset
Outlet,380000,133000.0,Derived from Adidas master dataset
Outlet,427500,149625.0,Derived from Adidas master dataset
Outlet,440000,154000.0,Derived from Adidas master dataset
Outlet,280000,126000.0,Derived from Adidas master dataset
Outlet,315000,94500.0,Derived from Adidas master dataset
Outlet,487500,243750.0,Derived from Adidas master dataset
Outlet,370000,129500.0,Derived from Adidas master dataset
Outlet,416250,145687.5,Derived from Adidas master dataset
Outlet,440000,154000.0,Derived from Adidas master dataset
Outlet,260000,117000.0,Derived from Adidas master dataset
Outlet,292500,87750.0,Derived from Adidas master dataset
Outlet,450000,225000.0,Derived from Adidas master dataset
Outlet,382500,133875.0,Derived from Adidas master dataset
Outlet,382500,133875.0,Derived from Adidas master dataset
Outlet,450000,157500.0,Derived from Adidas master dataset
Outlet,312500,140625.0,Derived from Adidas master dataset
Outlet,281250,84375.0,Derived from Adidas master dataset
Outlet,467500,233750.0,Derived from Adidas master dataset
Outlet,360000,126000.0,Derived from Adidas master dataset
Outlet,360000,126000.0,Derived from Adidas master dataset
Outlet,375000,131250.0,Derived from Adidas master dataset
Outlet,300000,135000.0,Derived from Adidas master dataset
Outlet,258750,77625.0,Derived from Adidas master dataset
Outlet,412500,206250.0,Derived from Adidas master dataset
Outlet,405000,141750.0,Derived from Adidas master dataset
Outlet,405000,141750.0,Derived from Adidas master dataset
Outlet,412500,144375.0,Derived from Adidas master dataset
Outlet,337500,151875.0,Derived from Adidas master dataset
Outlet,292500,87750.0,Derived from Adidas master dataset
Outlet,467500,233750.0,Derived from Adidas master dataset
Outlet,427500,149625.0,Derived from Adidas master dataset
Outlet,427500,149625.0,Derived from Adidas master dataset
Outlet,425000,148750.0,Derived from Adidas master dataset
Outlet,350000,157500.0,Derived from Adidas master dataset
Outlet,292500,87750.0,Derived from Adidas master dataset
Outlet,495000,247500.0,Derived from Adidas master dataset
Outlet,310000,108500.0,Derived from Adidas master dataset
Outlet,387500,77500.0,Derived from Adidas master dataset
Outlet,387500,135625.0,Derived from Adidas master dataset
Outlet,312500,93750.0,Derived from Adidas master dataset
Outlet,316250,158125.0,Derived from Adidas master dataset
Outlet,387500,58125.0,Derived from Adidas master dataset
Outlet,330000,115500.0,Derived from Adidas master dataset
Outlet,362500,72500.0,Derived from Adidas master dataset
Outlet,362500,126875.0,Derived from Adidas master dataset
Outlet,287500,86250.0,Derived from Adidas master dataset
Outlet,275000,137500.0,Derived from Adidas master dataset
Outlet,350000,52500.0,Derived from Adidas master dataset
Outlet,425000,148750.0,Derived from Adidas master dataset
Outlet,420000,84000.0,Derived from Adidas master dataset
Outlet,420000,147000.0,Derived from Adidas master dataset
Outlet,360000,108000.0,Derived from Adidas master dataset
Outlet,325000,162500.0,Derived from Adidas master dataset
Outlet,420000,63000.0,Derived from Adidas master dataset
Outlet,525000,183750.0,Derived from Adidas master dataset
Outlet,438750,87750.0,Derived from Adidas master dataset
Outlet,471250,164937.5,Derived from Adidas master dataset
Outlet,375000,112500.0,Derived from Adidas master dataset
Outlet,341250,170625.0,Derived from Adidas master dataset
Outlet,560000,84000.0,Derived from Adidas master dataset
Outlet,540000,216000.0,Derived from Adidas master dataset
Outlet,487500,121875.0,Derived from Adidas master dataset
Outlet,487500,195000.0,Derived from Adidas master dataset
Outlet,390000,136500.0,Derived from Adidas master dataset
Outlet,357500,196625.0,Derived from Adidas master dataset
Outlet,580000,116000.0,Derived from Adidas master dataset
Outlet,585000,234000.0,Derived from Adidas master dataset
Outlet,536250,134062.5,Derived from Adidas master dataset
Outlet,536250,214500.0,Derived from Adidas master dataset
Outlet,420000,147000.0,Derived from Adidas master dataset
Outlet,373750,205562.5,Derived from Adidas master dataset
Outlet,700000,140000.0,Derived from Adidas master dataset
Outlet,615000,215250.0,Derived from Adidas master dataset
Outlet,568750,113750.0,Derived from Adidas master dataset
Outlet,536250,187687.5,Derived from Adidas master dataset
Outlet,435000,130500.0,Derived from Adidas master dataset
Outlet,503750,251875.0,Derived from Adidas master dataset
Outlet,620000,93000.0,Derived from Adidas master dataset
Outlet,633750,221812.5,Derived from Adidas master dataset
Outlet,647500,129500.0,Derived from Adidas master dataset
Outlet,520000,182000.0,Derived from Adidas master dataset
Outlet,487500,146250.0,Derived from Adidas master dataset
Outlet,562500,281250.0,Derived from Adidas master dataset
Outlet,580000,87000.0,Derived from Adidas master dataset
Outlet,508750,152625.0,Derived from Adidas master dataset
Outlet,555000,83250.0,Derived from Adidas master dataset
Outlet,426250,127875.0,Derived from Adidas master dataset
Outlet,398750,99687.5,Derived from Adidas master dataset
Outlet,471250,212062.5,Derived from Adidas master dataset
Outlet,542500,54250.0,Derived from Adidas master dataset
Outlet,481250,144375.0,Derived from Adidas master dataset
Outlet,525000,78750.0,Derived from Adidas master dataset
Outlet,385000,115500.0,Derived from Adidas master dataset
Outlet,371250,92812.5,Derived from Adidas master dataset
Outlet,422500,190125.0,Derived from Adidas master dataset
Outlet,490000,49000.0,Derived from Adidas master dataset
Outlet,481250,144375.0,Derived from Adidas master dataset
Outlet,525000,78750.0,Derived from Adidas master dataset
Outlet,398750,119625.0,Derived from Adidas master dataset
Outlet,385000,96250.0,Derived from Adidas master dataset
Outlet,422500,190125.0,Derived from Adidas master dataset
Outlet,542500,54250.0,Derived from Adidas master dataset
Outlet,536250,160875.0,Derived from Adidas master dataset
Outlet,585000,87750.0,Derived from Adidas master dataset
Outlet,426250,127875.0,Derived from Adidas master dataset
Outlet,426250,106562.5,Derived from Adidas master dataset
Outlet,455000,204750.0,Derived from Adidas master dataset
Outlet,560000,56000.0,Derived from Adidas master dataset
Outlet,245000,98000.0,Derived from Adidas master dataset
Outlet,315000,78750.0,Derived from Adidas master dataset
Outlet,315000,126000.0,Derived from Adidas master dataset
Outlet,247500,86625.0,Derived from Adidas master dataset
Outlet,250000,137500.0,Derived from Adidas master dataset
Outlet,315000,63000.0,Derived from Adidas master dataset
Outlet,262500,105000.0,Derived from Adidas master dataset
Outlet,292500,73125.0,Derived from Adidas master dataset
Outlet,303750,121500.0,Derived from Adidas master dataset
Outlet,236250,82687.5,Derived from Adidas master dataset
Outlet,225000,123750.0,Derived from Adidas master dataset
Outlet,292500,58500.0,Derived from Adidas master dataset
Outlet,280000,112000.0,Derived from Adidas master dataset
Outlet,292500,73125.0,Derived from Adidas master dataset
Outlet,292500,117000.0,Derived from Adidas master dataset
Outlet,247500,86625.0,Derived from Adidas master dataset
Outlet,212500,116875.0,Derived from Adidas master dataset
Outlet,281250,56250.0,Derived from Adidas master dataset
Outlet,360000,144000.0,Derived from Adidas master dataset
Outlet,300000,75000.0,Derived from Adidas master dataset
Outlet,312500,125000.0,Derived from Adidas master dataset
Outlet,236250,82687.5,Derived from Adidas master dataset
Outlet,212500,116875.0,Derived from Adidas master dataset
Outlet,390000,78000.0,Derived from Adidas master dataset
Outlet,360000,144000.0,Derived from Adidas master dataset
Outlet,325000,81250.0,Derived from Adidas master dataset
Outlet,325000,130000.0,Derived from Adidas master dataset
Outlet,247500,86625.0,Derived from Adidas master dataset
Outlet,225000,123750.0,Derived from Adidas master dataset
Outlet,406250,81250.0,Derived from Adidas master dataset
Outlet,405000,162000.0,Derived from Adidas master dataset
Outlet,375000,93750.0,Derived from Adidas master dataset
Outlet,375000,150000.0,Derived from Adidas master dataset
Outlet,281250,98437.5,Derived from Adidas master dataset
Outlet,250000,137500.0,Derived from Adidas master dataset
Outlet,520000,104000.0,Derived from Adidas master dataset
Outlet,427500,171000.0,Derived from Adidas master dataset
Outlet,400000,100000.0,Derived from Adidas master dataset
Outlet,375000,150000.0,Derived from Adidas master dataset
Outlet,292500,102375.0,Derived from Adidas master dataset
Outlet,350000,192500.0,Derived from Adidas master dataset
Outlet,455000,91000.0,Derived from Adidas master dataset
Outlet,450000,180000.0,Derived from Adidas master dataset
Outlet,467500,116875.0,Derived from Adidas master dataset
Outlet,362500,145000.0,Derived from Adidas master dataset
Outlet,337500,118125.0,Derived from Adidas master dataset
Outlet,405000,222750.0,Derived from Adidas master dataset
Outlet,422500,84500.0,Derived from Adidas master dataset
Outlet,425000,170000.0,Derived from Adidas master dataset
Outlet,467500,116875.0,Derived from Adidas master dataset
Outlet,350000,140000.0,Derived from Adidas master dataset
Outlet,325000,113750.0,Derived from Adidas master dataset
Outlet,390000,214500.0,Derived from Adidas master dataset
Outlet,455000,91000.0,Derived from Adidas master dataset
Outlet,400000,160000.0,Derived from Adidas master dataset
Outlet,440000,110000.0,Derived from Adidas master dataset
Outlet,325000,130000.0,Derived from Adidas master dataset
Outlet,312500,109375.0,Derived from Adidas master dataset
Outlet,360000,198000.0,Derived from Adidas master dataset
Outlet,422500,84500.0,Derived from Adidas master dataset
Outlet,412500,165000.0,Derived from Adidas master dataset
Outlet,453750,113437.5,Derived from Adidas master dataset
Outlet,337500,135000.0,Derived from Adidas master dataset
Outlet,325000,113750.0,Derived from Adidas master dataset
Outlet,360000,198000.0,Derived from Adidas master dataset
Outlet,455000,91000.0,Derived from Adidas master dataset
Outlet,450000,180000.0,Derived from Adidas master dataset
Outlet,495000,123750.0,Derived from Adidas master dataset
Outlet,350000,140000.0,Derived from Adidas master dataset
Outlet,350000,122500.0,Derived from Adidas master dataset
Outlet,375000,206250.0,Derived from Adidas master dataset
Outlet,471250,94250.0,Derived from Adidas master dataset
Outlet,213750,85500.0,Derived from Adidas master dataset
Outlet,123750,43312.5,Derived from Adidas master dataset
Outlet,96250,33687.5,Derived from Adidas master dataset
Outlet,50000,20000.0,Derived from Adidas master dataset
Outlet,96250,33687.5,Derived from Adidas master dataset
Outlet,123750,61875.0,Derived from Adidas master dataset
Outlet,236250,94500.0,Derived from Adidas master dataset
Outlet,78750,27562.5,Derived from Adidas master dataset
Outlet,78750,27562.5,Derived from Adidas master dataset
Outlet,40000,16000.0,Derived from Adidas master dataset
Outlet,96250,33687.5,Derived from Adidas master dataset
Outlet,123750,61875.0,Derived from Adidas master dataset
Outlet,247500,99000.0,Derived from Adidas master dataset
Outlet,100000,35000.0,Derived from Adidas master dataset
Outlet,90000,31500.0,Derived from Adidas master dataset
Outlet,33750,13500.0,Derived from Adidas master dataset
Outlet,75000,26250.0,Derived from Adidas master dataset
Outlet,112500,56250.0,Derived from Adidas master dataset
Outlet,225000,90000.0,Derived from Adidas master dataset
Outlet,75000,26250.0,Derived from Adidas master dataset
Outlet,60000,21000.0,Derived from Adidas master dataset
Outlet,33750,13500.0,Derived from Adidas master dataset
Outlet,60000,21000.0,Derived from Adidas master dataset
Outlet,112500,56250.0,Derived from Adidas master dataset
Outlet,297000,118800.0,Derived from Adidas master dataset
Outlet,110000,38500.0,Derived from Adidas master dataset
Outlet,87500,30625.0,Derived from Adidas master dataset
Outlet,50000,20000.0,Derived from Adidas master dataset
Outlet,75000,26250.0,Derived from Adidas master dataset
Outlet,162500,81250.0,Derived from Adidas master dataset
Outlet,250000,100000.0,Derived from Adidas master dataset
Outlet,112500,39375.0,Derived from Adidas master dataset
Outlet,80000,28000.0,Derived from Adidas master dataset
Outlet,70000,28000.0,Derived from Adidas master dataset
Outlet,87500,30625.0,Derived from Adidas master dataset
Outlet,192500,96250.0,Derived from Adidas master dataset
Outlet,287500,115000.0,Derived from Adidas master dataset
Outlet,146250,51187.5,Derived from Adidas master dataset
Outlet,100000,35000.0,Derived from Adidas master dataset
Outlet,80000,32000.0,Derived from Adidas master dataset
Outlet,112500,39375.0,Derived from Adidas master dataset
Outlet,220000,110000.0,Derived from Adidas master dataset
Outlet,275000,110000.0,Derived from Adidas master dataset
Outlet,146250,51187.5,Derived from Adidas master dataset
Outlet,100000,35000.0,Derived from Adidas master dataset
Outlet,90000,36000.0,Derived from Adidas master dataset
Outlet,100000,35000.0,Derived from Adidas master dataset
Outlet,206250,103125.0,Derived from Adidas master dataset
Outlet,250000,100000.0,Derived from Adidas master dataset
Outlet,135000,47250.0,Derived from Adidas master dataset
Outlet,80000,28000.0,Derived from Adidas master dataset
Outlet,70000,28000.0,Derived from Adidas master dataset
Outlet,87500,30625.0,Derived from Adidas master dataset
Outlet,137500,68750.0,Derived from Adidas master dataset
Outlet,255000,102000.0,Derived from Adidas master dataset
Outlet,125000,43750.0,Derived from Adidas master dataset
Outlet,75000,26250.0,Derived from Adidas master dataset
Outlet,62500,25000.0,Derived from Adidas master dataset
Outlet,75000,26250.0,Derived from Adidas master dataset
Outlet,162500,81250.0,Derived from Adidas master dataset
Outlet,240000,96000.0,Derived from Adidas master dataset
Outlet,125000,43750.0,Derived from Adidas master dataset
Outlet,97500,34125.0,Derived from Adidas master dataset
Outlet,87500,35000.0,Derived from Adidas master dataset
Outlet,90000,31500.0,Derived from Adidas master dataset
Outlet,162500,81250.0,Derived from Adidas master dataset
Outlet,300000,120000.0,Derived from Adidas master dataset
Outlet,150000,52500.0,Derived from Adidas master dataset
Outlet,125000,43750.0,Derived from Adidas master dataset
Outlet,100000,40000.0,Derived from Adidas master dataset
Outlet,120000,42000.0,Derived from Adidas master dataset
Outlet,195000,97500.0,Derived from Adidas master dataset
Outlet,145000,43500.0,Derived from Adidas master dataset
Outlet,217500,65250.0,Derived from Adidas master dataset
Outlet,157500,47250.0,Derived from Adidas master dataset
Outlet,183750,73500.0,Derived from Adidas master dataset
Outlet,150000,37500.0,Derived from Adidas master dataset
Outlet,183750,82687.5,Derived from Adidas master dataset
Outlet,168750,50625.0,Derived from Adidas master dataset
Outlet,227500,68250.0,Derived from Adidas master dataset
Outlet,166250,49875.0,Derived from Adidas master dataset
Outlet,148750,59500.0,Derived from Adidas master dataset
Outlet,120000,30000.0,Derived from Adidas master dataset
Outlet,175000,78750.0,Derived from Adidas master dataset
Outlet,202500,70875.0,Derived from Adidas master dataset
Outlet,270000,94500.0,Derived from Adidas master dataset
Outlet,150000,52500.0,Derived from Adidas master dataset
Outlet,140000,63000.0,Derived from Adidas master dataset
Outlet,120000,36000.0,Derived from Adidas master dataset
Outlet,157500,78750.0,Derived from Adidas master dataset
Outlet,140000,49000.0,Derived from Adidas master dataset
Outlet,210000,73500.0,Derived from Adidas master dataset
Outlet,131250,45937.5,Derived from Adidas master dataset
Outlet,127500,57375.0,Derived from Adidas master dataset
Outlet,113750,34125.0,Derived from Adidas master dataset
Outlet,180000,90000.0,Derived from Adidas master dataset
Outlet,150000,52500.0,Derived from Adidas master dataset
Outlet,232500,81375.0,Derived from Adidas master dataset
Outlet,156250,54687.5,Derived from Adidas master dataset
Outlet,192500,86625.0,Derived from Adidas master dataset
Outlet,225000,67500.0,Derived from Adidas master dataset
Outlet,360000,180000.0,Derived from Adidas master dataset
Outlet,360000,126000.0,Derived from Adidas master dataset
Outlet,400000,140000.0,Derived from Adidas master dataset
Outlet,292500,102375.0,Derived from Adidas master dataset
Outlet,270000,121500.0,Derived from Adidas master dataset
Outlet,250000,75000.0,Derived from Adidas master dataset
Outlet,481250,240625.0,Derived from Adidas master dataset
Outlet,371250,148500.0,Derived from Adidas master dataset
Outlet,412500,165000.0,Derived from Adidas master dataset
Outlet,438750,175500.0,Derived from Adidas master dataset
Outlet,258750,129375.0,Derived from Adidas master dataset
Outlet,287500,100625.0,Derived from Adidas master dataset
Outlet,510000,280500.0,Derived from Adidas master dataset
Outlet,400000,160000.0,Derived from Adidas master dataset
Outlet,440000,176000.0,Derived from Adidas master dataset
Outlet,487500,195000.0,Derived from Adidas master dataset
Outlet,262500,131250.0,Derived from Adidas master dataset
Outlet,288750,101062.5,Derived from Adidas master dataset
Outlet,465000,255750.0,Derived from Adidas master dataset
Outlet,398750,159500.0,Derived from Adidas master dataset
Outlet,371250,148500.0,Derived from Adidas master dataset
Outlet,435000,174000.0,Derived from Adidas master dataset
Outlet,270000,135000.0,Derived from Adidas master dataset
Outlet,247500,86625.0,Derived from Adidas master dataset
Outlet,337500,185625.0,Derived from Adidas master dataset
Outlet,250000,100000.0,Derived from Adidas master dataset
Outlet,250000,100000.0,Derived from Adidas master dataset
Outlet,258750,103500.0,Derived from Adidas master dataset
Outlet,191250,95625.0,Derived from Adidas master dataset
Outlet,160000,56000.0,Derived from Adidas master dataset
Outlet,287500,158125.0,Derived from Adidas master dataset
Outlet,290000,116000.0,Derived from Adidas master dataset
Outlet,290000,116000.0,Derived from Adidas master dataset
Outlet,422500,169000.0,Derived from Adidas master dataset
Outlet,325000,162500.0,Derived from Adidas master dataset
Outlet,285000,99750.0,Derived from Adidas master dataset
Outlet,472500,259875.0,Derived from Adidas master dataset
Outlet,495000,198000.0,Derived from Adidas master dataset
Outlet,495000,198000.0,Derived from Adidas master dataset
Outlet,471250,188500.0,Derived from Adidas master dataset
Outlet,373750,186875.0,Derived from Adidas master dataset
Outlet,315000,110250.0,Derived from Adidas master dataset
Outlet,542500,298375.0,Derived from Adidas master dataset
Outlet,191250,105187.5,Derived from Adidas master dataset
Outlet,101250,35437.5,Derived from Adidas master dataset
Outlet,78750,31500.0,Derived from Adidas master dataset
Outlet,30000,12000.0,Derived from Adidas master dataset
Outlet,68750,24062.5,Derived from Adidas master dataset
Outlet,101250,30375.0,Derived from Adidas master dataset
Outlet,213750,117562.5,Derived from Adidas master dataset
Outlet,56250,19687.5,Derived from Adidas master dataset
Outlet,61250,24500.0,Derived from Adidas master dataset
Outlet,20000,8000.0,Derived from Adidas master dataset
Outlet,68750,24062.5,Derived from Adidas master dataset
Outlet,101250,30375.0,Derived from Adidas master dataset
Outlet,222500,122375.0,Derived from Adidas master dataset
Outlet,75000,26250.0,Derived from Adidas master dataset
Outlet,70000,28000.0,Derived from Adidas master dataset
Outlet,11250,4500.0,Derived from Adidas master dataset
Outlet,45000,13500.0,Derived from Adidas master dataset
Outlet,87500,21875.0,Derived from Adidas master dataset
Outlet,225000,112500.0,Derived from Adidas master dataset
Outlet,75000,22500.0,Derived from Adidas master dataset
Outlet,60000,21000.0,Derived from Adidas master dataset
Outlet,33750,11812.5,Derived from Adidas master dataset
Outlet,45000,13500.0,Derived from Adidas master dataset
Outlet,100000,25000.0,Derived from Adidas master dataset
Outlet,282000,141000.0,Derived from Adidas master dataset
Outlet,105000,31500.0,Derived from Adidas master dataset
Outlet,82500,28875.0,Derived from Adidas master dataset
Outlet,55000,19250.0,Derived from Adidas master dataset
Outlet,81250,24375.0,Derived from Adidas master dataset
Outlet,175000,52500.0,Derived from Adidas master dataset
Outlet,325000,178750.0,Derived from Adidas master dataset
Outlet,150000,52500.0,Derived from Adidas master dataset
Outlet,96250,38500.0,Derived from Adidas master dataset
Outlet,82500,33000.0,Derived from Adidas master dataset
Outlet,97500,34125.0,Derived from Adidas master dataset
Outlet,210000,63000.0,Derived from Adidas master dataset
Outlet,325000,178750.0,Derived from Adidas master dataset
Outlet,180000,63000.0,Derived from Adidas master dataset
Outlet,123750,49500.0,Derived from Adidas master dataset
Outlet,96250,38500.0,Derived from Adidas master dataset
Outlet,130000,45500.0,Derived from Adidas master dataset
Outlet,262500,78750.0,Derived from Adidas master dataset
Outlet,341250,187687.5,Derived from Adidas master dataset
Outlet,180000,63000.0,Derived from Adidas master dataset
Outlet,123750,49500.0,Derived from Adidas master dataset
Outlet,110000,44000.0,Derived from Adidas master dataset
Outlet,113750,39812.5,Derived from Adidas master dataset
Outlet,245000,73500.0,Derived from Adidas master dataset
Outlet,308750,154375.0,Derived from Adidas master dataset
Outlet,137500,41250.0,Derived from Adidas master dataset
Outlet,90000,31500.0,Derived from Adidas master dataset
Outlet,78750,27562.5,Derived from Adidas master dataset
Outlet,68750,20625.0,Derived from Adidas master dataset
Outlet,135000,33750.0,Derived from Adidas master dataset
Outlet,240000,120000.0,Derived from Adidas master dataset
Outlet,112500,33750.0,Derived from Adidas master dataset
Outlet,62500,21875.0,Derived from Adidas master dataset
Outlet,50000,17500.0,Derived from Adidas master dataset
Outlet,60000,18000.0,Derived from Adidas master dataset
Outlet,146250,36562.5,Derived from Adidas master dataset
Outlet,262500,144375.0,Derived from Adidas master dataset
Outlet,120000,42000.0,Derived from Adidas master dataset
Outlet,117000,46800.0,Derived from Adidas master dataset
Outlet,105000,42000.0,Derived from Adidas master dataset
Outlet,105000,36750.0,Derived from Adidas master dataset
Outlet,187500,56250.0,Derived from Adidas master dataset
Outlet,332500,182875.0,Derived from Adidas master dataset
Outlet,165000,57750.0,Derived from Adidas master dataset
Outlet,135000,54000.0,Derived from Adidas master dataset
Outlet,105000,42000.0,Derived from Adidas master dataset
Outlet,122500,42875.0,Derived from Adidas master dataset
Outlet,206250,61875.0,Derived from Adidas master dataset
Outlet,157500,63000.0,Derived from Adidas master dataset
Outlet,202500,50625.0,Derived from Adidas master dataset
Outlet,202500,81000.0,Derived from Adidas master dataset
Outlet,135000,47250.0,Derived from Adidas master dataset
Outlet,125000,68750.0,Derived from Adidas master dataset
Outlet,213750,42750.0,Derived from Adidas master dataset
Outlet,183750,73500.0,Derived from Adidas master dataset
Outlet,191250,47812.5,Derived from Adidas master dataset
Outlet,191250,76500.0,Derived from Adidas master dataset
Outlet,123750,43312.5,Derived from Adidas master dataset
Outlet,100000,55000.0,Derived from Adidas master dataset
Outlet,180000,36000.0,Derived from Adidas master dataset
Outlet,247500,99000.0,Derived from Adidas master dataset
Outlet,220000,55000.0,Derived from Adidas master dataset
Outlet,220000,88000.0,Derived from Adidas master dataset
Outlet,165000,57750.0,Derived from Adidas master dataset
Outlet,105000,57750.0,Derived from Adidas master dataset
Outlet,206250,41250.0,Derived from Adidas master dataset
Outlet,330000,132000.0,Derived from Adidas master dataset
Outlet,227500,56875.0,Derived from Adidas master dataset
Outlet,260000,104000.0,Derived from Adidas master dataset
Outlet,180000,63000.0,Derived from Adidas master dataset
Outlet,130000,71500.0,Derived from Adidas master dataset
Outlet,280000,56000.0,Derived from Adidas master dataset
Outlet,330000,148500.0,Derived from Adidas master dataset
Outlet,260000,78000.0,Derived from Adidas master dataset
Outlet,260000,117000.0,Derived from Adidas master dataset
Outlet,180000,72000.0,Derived from Adidas master dataset
Outlet,130000,78000.0,Derived from Adidas master dataset
Outlet,360000,90000.0,Derived from Adidas master dataset
Outlet,420000,189000.0,Derived from Adidas master dataset
Outlet,357500,107250.0,Derived from Adidas master dataset
Outlet,357500,160875.0,Derived from Adidas master dataset
Outlet,255000,102000.0,Derived from Adidas master dataset
Outlet,195000,117000.0,Derived from Adidas master dataset
Outlet,480000,120000.0,Derived from Adidas master dataset
Outlet,450000,180000.0,Derived from Adidas master dataset
Outlet,390000,97500.0,Derived from Adidas master dataset
In-store,357500,143000.0,Derived from Adidas master dataset
In-store,270000,94500.0,Derived from Adidas master dataset
In-store,325000,178750.0,Derived from Adidas master dataset
In-store,400000,80000.0,Derived from Adidas master dataset
In-store,455000,182000.0,Derived from Adidas master dataset
In-store,455000,113750.0,Derived from Adidas master dataset
In-store,341250,136500.0,Derived from Adidas master dataset
In-store,308750,108062.5,Derived from Adidas master dataset
In-store,356250,195937.5,Derived from Adidas master dataset
In-store,320000,64000.0,Derived from Adidas master dataset
In-store,360000,126000.0,Derived from Adidas master dataset
In-store,390000,78000.0,Derived from Adidas master dataset
In-store,270000,94500.0,Derived from Adidas master dataset
In-store,240000,72000.0,Derived from Adidas master dataset
In-store,280000,140000.0,Derived from Adidas master dataset
In-store,337500,50625.0,Derived from Adidas master dataset
In-store,330000,115500.0,Derived from Adidas master dataset
In-store,357500,71500.0,Derived from Adidas master dataset
In-store,225000,78750.0,Derived from Adidas master dataset
In-store,210000,63000.0,Derived from Adidas master dataset
In-store,227500,113750.0,Derived from Adidas master dataset
In-store,281250,42187.5,Derived from Adidas master dataset
In-store,345000,120750.0,Derived from Adidas master dataset
In-store,373750,74750.0,Derived from Adidas master dataset
In-store,255000,89250.0,Derived from Adidas master dataset
In-store,240000,72000.0,Derived from Adidas master dataset
In-store,245000,122500.0,Derived from Adidas master dataset
In-store,356250,53437.5,Derived from Adidas master dataset
In-store,405000,141750.0,Derived from Adidas master dataset
In-store,438750,87750.0,Derived from Adidas master dataset
In-store,285000,99750.0,Derived from Adidas master dataset
In-store,285000,85500.0,Derived from Adidas master dataset
In-store,280000,140000.0,Derived from Adidas master dataset
In-store,375000,56250.0,Derived from Adidas master dataset
In-store,127500,44625.0,Derived from Adidas master dataset
In-store,170000,34000.0,Derived from Adidas master dataset
In-store,170000,59500.0,Derived from Adidas master dataset
In-store,110000,33000.0,Derived from Adidas master dataset
In-store,101250,50625.0,Derived from Adidas master dataset
In-store,190000,28500.0,Derived from Adidas master dataset
In-store,157500,55125.0,Derived from Adidas master dataset
In-store,170000,34000.0,Derived from Adidas master dataset
In-store,170000,59500.0,Derived from Adidas master dataset
In-store,110000,33000.0,Derived from Adidas master dataset
In-store,90000,45000.0,Derived from Adidas master dataset
In-store,160000,24000.0,Derived from Adidas master dataset
In-store,220000,77000.0,Derived from Adidas master dataset
In-store,200000,40000.0,Derived from Adidas master dataset
In-store,220000,77000.0,Derived from Adidas master dataset
In-store,165000,49500.0,Derived from Adidas master dataset
In-store,90000,45000.0,Derived from Adidas master dataset
In-store,192500,28875.0,Derived from Adidas master dataset
In-store,315000,110250.0,Derived from Adidas master dataset
In-store,211250,42250.0,Derived from Adidas master dataset
In-store,243750,85312.5,Derived from Adidas master dataset
In-store,165000,49500.0,Derived from Adidas master dataset
In-store,113750,56875.0,Derived from Adidas master dataset
In-store,260000,39000.0,Derived from Adidas master dataset
In-store,315000,157500.0,Derived from Adidas master dataset
In-store,243750,85312.5,Derived from Adidas master dataset
In-store,243750,121875.0,Derived from Adidas master dataset
In-store,165000,74250.0,Derived from Adidas master dataset
In-store,113750,73937.5,Derived from Adidas master dataset
In-store,380000,114000.0,Derived from Adidas master dataset
In-store,435000,217500.0,Derived from Adidas master dataset
In-store,373750,130812.5,Derived from Adidas master dataset
In-store,373750,186875.0,Derived from Adidas master dataset
In-store,292500,131625.0,Derived from Adidas master dataset
In-store,227500,147875.0,Derived from Adidas master dataset
In-store,531250,159375.0,Derived from Adidas master dataset
In-store,503750,226687.5,Derived from Adidas master dataset
In-store,437500,131250.0,Derived from Adidas master dataset
In-store,402500,181125.0,Derived from Adidas master dataset
In-store,308750,123500.0,Derived from Adidas master dataset
In-store,367500,220500.0,Derived from Adidas master dataset
In-store,446250,111562.5,Derived from Adidas master dataset
In-store,507500,228375.0,Derived from Adidas master dataset
In-store,506250,151875.0,Derived from Adidas master dataset
In-store,385000,173250.0,Derived from Adidas master dataset
In-store,350000,140000.0,Derived from Adidas master dataset
In-store,375000,225000.0,Derived from Adidas master dataset
In-store,320000,80000.0,Derived from Adidas master dataset
In-store,390000,156000.0,Derived from Adidas master dataset
In-store,420000,105000.0,Derived from Adidas master dataset
In-store,292500,117000.0,Derived from Adidas master dataset
In-store,260000,91000.0,Derived from Adidas master dataset
In-store,300000,165000.0,Derived from Adidas master dataset
In-store,297500,59500.0,Derived from Adidas master dataset
In-store,288750,115500.0,Derived from Adidas master dataset
In-store,315000,78750.0,Derived from Adidas master dataset
In-store,192500,77000.0,Derived from Adidas master dataset
In-store,178750,62562.5,Derived from Adidas master dataset
In-store,195000,107250.0,Derived from Adidas master dataset
In-store,245000,49000.0,Derived from Adidas master dataset
In-store,316250,126500.0,Derived from Adidas master dataset
In-store,345000,86250.0,Derived from Adidas master dataset
In-store,233750,93500.0,Derived from Adidas master dataset
In-store,260000,91000.0,Derived from Adidas master dataset
In-store,281250,154687.5,Derived from Adidas master dataset
In-store,400000,80000.0,Derived from Adidas master dataset
In-store,455000,182000.0,Derived from Adidas master dataset
In-store,490000,122500.0,Derived from Adidas master dataset
In-store,325000,130000.0,Derived from Adidas master dataset
In-store,325000,113750.0,Derived from Adidas master dataset
In-store,318750,175312.5,Derived from Adidas master dataset
In-store,420000,84000.0,Derived from Adidas master dataset
In-store,180000,54000.0,Derived from Adidas master dataset
In-store,225000,56250.0,Derived from Adidas master dataset
In-store,225000,56250.0,Derived from Adidas master dataset
In-store,150000,45000.0,Derived from Adidas master dataset
In-store,137500,34375.0,Derived from Adidas master dataset
In-store,250000,50000.0,Derived from Adidas master dataset
In-store,220000,66000.0,Derived from Adidas master dataset
In-store,225000,56250.0,Derived from Adidas master dataset
In-store,225000,56250.0,Derived from Adidas master dataset
In-store,150000,45000.0,Derived from Adidas master dataset
In-store,123750,30937.5,Derived from Adidas master dataset
In-store,212500,42500.0,Derived from Adidas master dataset
In-store,287500,86250.0,Derived from Adidas master dataset
In-store,255000,63750.0,Derived from Adidas master dataset
In-store,276250,69062.5,Derived from Adidas master dataset
In-store,211250,63375.0,Derived from Adidas master dataset
In-store,122500,30625.0,Derived from Adidas master dataset
In-store,243750,48750.0,Derived from Adidas master dataset
In-store,385000,115500.0,Derived from Adidas master dataset
In-store,262500,65625.0,Derived from Adidas master dataset
In-store,300000,75000.0,Derived from Adidas master dataset
In-store,180000,54000.0,Derived from Adidas master dataset
In-store,130000,32500.0,Derived from Adidas master dataset
In-store,280000,56000.0,Derived from Adidas master dataset
In-store,330000,99000.0,Derived from Adidas master dataset
In-store,260000,65000.0,Derived from Adidas master dataset
In-store,260000,65000.0,Derived from Adidas master dataset
In-store,180000,54000.0,Derived from Adidas master dataset
In-store,130000,32500.0,Derived from Adidas master dataset
In-store,400000,80000.0,Derived from Adidas master dataset
In-store,562500,168750.0,Derived from Adidas master dataset
In-store,500000,125000.0,Derived from Adidas master dataset
In-store,500000,125000.0,Derived from Adidas master dataset
In-store,400000,120000.0,Derived from Adidas master dataset
In-store,318750,79687.5,Derived from Adidas master dataset
In-store,675000,135000.0,Derived from Adidas master dataset
In-store,660000,198000.0,Derived from Adidas master dataset
In-store,573750,143437.5,Derived from Adidas master dataset
In-store,531250,132812.5,Derived from Adidas master dataset
In-store,420000,126000.0,Derived from Adidas master dataset
In-store,488750,122187.5,Derived from Adidas master dataset
In-store,575000,115000.0,Derived from Adidas master dataset
In-store,658750,197625.0,Derived from Adidas master dataset
In-store,600000,150000.0,Derived from Adidas master dataset
In-store,468750,117187.5,Derived from Adidas master dataset
In-store,431250,129375.0,Derived from Adidas master dataset
In-store,431250,107812.5,Derived from Adidas master dataset
In-store,320000,64000.0,Derived from Adidas master dataset
In-store,420000,126000.0,Derived from Adidas master dataset
In-store,450000,112500.0,Derived from Adidas master dataset
In-store,315000,78750.0,Derived from Adidas master dataset
In-store,280000,84000.0,Derived from Adidas master dataset
In-store,340000,85000.0,Derived from Adidas master dataset
In-store,292500,58500.0,Derived from Adidas master dataset
In-store,330000,99000.0,Derived from Adidas master dataset
In-store,357500,89375.0,Derived from Adidas master dataset
In-store,225000,56250.0,Derived from Adidas master dataset
In-store,210000,63000.0,Derived from Adidas master dataset
In-store,227500,56875.0,Derived from Adidas master dataset
In-store,281250,56250.0,Derived from Adidas master dataset
In-store,360000,108000.0,Derived from Adidas master dataset
In-store,406250,101562.5,Derived from Adidas master dataset
In-store,285000,71250.0,Derived from Adidas master dataset
In-store,315000,94500.0,Derived from Adidas master dataset
In-store,382500,95625.0,Derived from Adidas master dataset
In-store,522500,104500.0,Derived from Adidas master dataset
In-store,600000,180000.0,Derived from Adidas master dataset
In-store,637500,159375.0,Derived from Adidas master dataset
In-store,440000,110000.0,Derived from Adidas master dataset
In-store,440000,132000.0,Derived from Adidas master dataset
In-store,427500,106875.0,Derived from Adidas master dataset
In-store,546250,109250.0,Derived from Adidas master dataset
In-store,472500,212625.0,Derived from Adidas master dataset
In-store,382500,133875.0,Derived from Adidas master dataset
In-store,297500,74375.0,Derived from Adidas master dataset
In-store,280000,84000.0,Derived from Adidas master dataset
In-store,412500,144375.0,Derived from Adidas master dataset
In-store,382500,191250.0,Derived from Adidas master dataset
In-store,495000,222750.0,Derived from Adidas master dataset
In-store,337500,118125.0,Derived from Adidas master dataset
In-store,280000,70000.0,Derived from Adidas master dataset
In-store,270000,81000.0,Derived from Adidas master dataset
In-store,412500,144375.0,Derived from Adidas master dataset
In-store,382500,191250.0,Derived from Adidas master dataset
In-store,481500,216675.0,Derived from Adidas master dataset
In-store,337500,118125.0,Derived from Adidas master dataset
In-store,271250,67812.5,Derived from Adidas master dataset
In-store,250000,75000.0,Derived from Adidas master dataset
In-store,371250,129937.5,Derived from Adidas master dataset
In-store,348750,174375.0,Derived from Adidas master dataset
In-store,461250,207562.5,Derived from Adidas master dataset
In-store,326250,114187.5,Derived from Adidas master dataset
In-store,253750,63437.5,Derived from Adidas master dataset
In-store,260000,78000.0,Derived from Adidas master dataset
In-store,371250,129937.5,Derived from Adidas master dataset
In-store,360000,180000.0,Derived from Adidas master dataset
In-store,588500,264825.0,Derived from Adidas master dataset
In-store,426250,149187.5,Derived from Adidas master dataset
In-store,375000,93750.0,Derived from Adidas master dataset
In-store,350000,105000.0,Derived from Adidas master dataset
In-store,435000,152250.0,Derived from Adidas master dataset
In-store,536250,268125.0,Derived from Adidas master dataset
In-store,645000,290250.0,Derived from Adidas master dataset
In-store,453750,158812.5,Derived from Adidas master dataset
In-store,400000,100000.0,Derived from Adidas master dataset
In-store,387500,116250.0,Derived from Adidas master dataset
In-store,503750,176312.5,Derived from Adidas master dataset
In-store,647500,323750.0,Derived from Adidas master dataset
In-store,747500,336375.0,Derived from Adidas master dataset
In-store,540000,189000.0,Derived from Adidas master dataset
In-store,453750,113437.5,Derived from Adidas master dataset
In-store,426250,127875.0,Derived from Adidas master dataset
In-store,520000,182000.0,Derived from Adidas master dataset
In-store,682500,341250.0,Derived from Adidas master dataset
In-store,731250,329062.5,Derived from Adidas master dataset
In-store,540000,189000.0,Derived from Adidas master dataset
In-store,453750,113437.5,Derived from Adidas master dataset
In-store,348750,104625.0,Derived from Adidas master dataset
In-store,412500,144375.0,Derived from Adidas master dataset
In-store,555000,277500.0,Derived from Adidas master dataset
In-store,577500,259875.0,Derived from Adidas master dataset
In-store,425000,148750.0,Derived from Adidas master dataset
In-store,337500,84375.0,Derived from Adidas master dataset
In-store,326250,97875.0,Derived from Adidas master dataset
In-store,398750,139562.5,Derived from Adidas master dataset
In-store,495000,247500.0,Derived from Adidas master dataset
In-store,600000,270000.0,Derived from Adidas master dataset
In-store,412500,144375.0,Derived from Adidas master dataset
In-store,362500,90625.0,Derived from Adidas master dataset
In-store,350000,105000.0,Derived from Adidas master dataset
In-store,420000,147000.0,Derived from Adidas master dataset
In-store,536250,268125.0,Derived from Adidas master dataset
In-store,585000,263250.0,Derived from Adidas master dataset
In-store,400000,140000.0,Derived from Adidas master dataset
In-store,372500,93125.0,Derived from Adidas master dataset
In-store,387500,116250.0,Derived from Adidas master dataset
In-store,487500,170625.0,Derived from Adidas master dataset
In-store,595000,297500.0,Derived from Adidas master dataset
In-store,698750,314437.5,Derived from Adidas master dataset
In-store,481250,168437.5,Derived from Adidas master dataset
In-store,453750,113437.5,Derived from Adidas master dataset
In-store,426250,127875.0,Derived from Adidas master dataset
In-store,503750,176312.5,Derived from Adidas master dataset
In-store,612500,306250.0,Derived from Adidas master dataset
In-store,157500,55125.0,Derived from Adidas master dataset
In-store,87500,26250.0,Derived from Adidas master dataset
In-store,62500,18750.0,Derived from Adidas master dataset
In-store,30000,10500.0,Derived from Adidas master dataset
In-store,67500,20250.0,Derived from Adidas master dataset
In-store,87500,39375.0,Derived from Adidas master dataset
In-store,175000,61250.0,Derived from Adidas master dataset
In-store,52500,15750.0,Derived from Adidas master dataset
In-store,50000,15000.0,Derived from Adidas master dataset
In-store,22500,7875.0,Derived from Adidas master dataset
In-store,67500,20250.0,Derived from Adidas master dataset
In-store,78750,35437.5,Derived from Adidas master dataset
In-store,178000,62300.0,Derived from Adidas master dataset
In-store,50000,15000.0,Derived from Adidas master dataset
In-store,52500,15750.0,Derived from Adidas master dataset
In-store,8750,3062.5,Derived from Adidas master dataset
In-store,37500,11250.0,Derived from Adidas master dataset
In-store,70000,31500.0,Derived from Adidas master dataset
In-store,160000,56000.0,Derived from Adidas master dataset
In-store,40000,12000.0,Derived from Adidas master dataset
In-store,30000,9000.0,Derived from Adidas master dataset
In-store,8750,3062.5,Derived from Adidas master dataset
In-store,25000,7500.0,Derived from Adidas master dataset
In-store,70000,31500.0,Derived from Adidas master dataset
In-store,222500,77875.0,Derived from Adidas master dataset
In-store,67500,20250.0,Derived from Adidas master dataset
In-store,50000,15000.0,Derived from Adidas master dataset
In-store,20000,7000.0,Derived from Adidas master dataset
In-store,41250,12375.0,Derived from Adidas master dataset
In-store,105000,47250.0,Derived from Adidas master dataset
Outlet,191250,66937.5,Derived from Adidas master dataset
Outlet,70000,21000.0,Derived from Adidas master dataset
Outlet,61250,18375.0,Derived from Adidas master dataset
Outlet,52500,18375.0,Derived from Adidas master dataset
Outlet,75000,22500.0,Derived from Adidas master dataset
Outlet,178750,80437.5,Derived from Adidas master dataset
Outlet,275000,96250.0,Derived from Adidas master dataset
Outlet,135000,40500.0,Derived from Adidas master dataset
Outlet,90000,27000.0,Derived from Adidas master dataset
Outlet,70000,24500.0,Derived from Adidas master dataset
Outlet,100000,30000.0,Derived from Adidas master dataset
Outlet,206250,92812.5,Derived from Adidas master dataset
Outlet,262500,91875.0,Derived from Adidas master dataset
Outlet,135000,40500.0,Derived from Adidas master dataset
Outlet,90000,27000.0,Derived from Adidas master dataset
Outlet,61250,21437.5,Derived from Adidas master dataset
Outlet,67500,20250.0,Derived from Adidas master dataset
Outlet,162500,73125.0,Derived from Adidas master dataset
Outlet,202500,70875.0,Derived from Adidas master dataset
Outlet,100000,30000.0,Derived from Adidas master dataset
Outlet,37500,11250.0,Derived from Adidas master dataset
Outlet,31250,10937.5,Derived from Adidas master dataset
Outlet,43750,13125.0,Derived from Adidas master dataset
Outlet,80000,36000.0,Derived from Adidas master dataset
Outlet,168750,59062.5,Derived from Adidas master dataset
Outlet,70000,21000.0,Derived from Adidas master dataset
Outlet,35000,10500.0,Derived from Adidas master dataset
Outlet,26250,9187.5,Derived from Adidas master dataset
Outlet,33750,10125.0,Derived from Adidas master dataset
Outlet,100000,45000.0,Derived from Adidas master dataset
Outlet,175000,61250.0,Derived from Adidas master dataset
Outlet,80000,24000.0,Derived from Adidas master dataset
Outlet,58000,17400.0,Derived from Adidas master dataset
Outlet,60000,21000.0,Derived from Adidas master dataset
Outlet,68750,20625.0,Derived from Adidas master dataset
Outlet,135000,60750.0,Derived from Adidas master dataset
Outlet,261250,91437.5,Derived from Adidas master dataset
Outlet,123750,37125.0,Derived from Adidas master dataset
Outlet,101250,30375.0,Derived from Adidas master dataset
Outlet,78750,27562.5,Derived from Adidas master dataset
Outlet,96250,28875.0,Derived from Adidas master dataset
Outlet,165000,74250.0,Derived from Adidas master dataset
Outlet,166250,74812.5,Derived from Adidas master dataset
Outlet,213750,64125.0,Derived from Adidas master dataset
Outlet,213750,96187.5,Derived from Adidas master dataset
Outlet,146250,58500.0,Derived from Adidas master dataset
Outlet,137500,82500.0,Derived from Adidas master dataset
Outlet,213750,53437.5,Derived from Adidas master dataset
Outlet,183750,82687.5,Derived from Adidas master dataset
Outlet,191250,57375.0,Derived from Adidas master dataset
Outlet,202500,91125.0,Derived from Adidas master dataset
Outlet,135000,54000.0,Derived from Adidas master dataset
Outlet,112500,67500.0,Derived from Adidas master dataset
Outlet,191250,47812.5,Derived from Adidas master dataset
Outlet,201250,90562.5,Derived from Adidas master dataset
Outlet,191250,57375.0,Derived from Adidas master dataset
Outlet,191250,86062.5,Derived from Adidas master dataset
Outlet,146250,58500.0,Derived from Adidas master dataset
Outlet,100000,60000.0,Derived from Adidas master dataset
Outlet,180000,45000.0,Derived from Adidas master dataset
Outlet,258750,116437.5,Derived from Adidas master dataset
Outlet,168750,50625.0,Derived from Adidas master dataset
Outlet,180000,81000.0,Derived from Adidas master dataset
Outlet,120000,48000.0,Derived from Adidas master dataset
Outlet,90000,54000.0,Derived from Adidas master dataset
Outlet,225000,56250.0,Derived from Adidas master dataset
Outlet,230000,103500.0,Derived from Adidas master dataset
Outlet,191250,57375.0,Derived from Adidas master dataset
Outlet,191250,86062.5,Derived from Adidas master dataset
Outlet,130000,52000.0,Derived from Adidas master dataset
Outlet,101250,60750.0,Derived from Adidas master dataset
Outlet,240000,60000.0,Derived from Adidas master dataset
Outlet,270000,121500.0,Derived from Adidas master dataset
Outlet,236250,70875.0,Derived from Adidas master dataset
Outlet,247500,111375.0,Derived from Adidas master dataset
Outlet,170000,68000.0,Derived from Adidas master dataset
Outlet,135000,81000.0,Derived from Adidas master dataset
Outlet,360000,90000.0,Derived from Adidas master dataset
Outlet,300000,135000.0,Derived from Adidas master dataset
Outlet,270000,81000.0,Derived from Adidas master dataset
Outlet,247500,111375.0,Derived from Adidas master dataset
Outlet,180000,72000.0,Derived from Adidas master dataset
Outlet,213750,128250.0,Derived from Adidas master dataset
Outlet,285000,71250.0,Derived from Adidas master dataset
Outlet,303750,136687.5,Derived from Adidas master dataset
Outlet,343750,103125.0,Derived from Adidas master dataset
Outlet,250000,112500.0,Derived from Adidas master dataset
Outlet,191250,76500.0,Derived from Adidas master dataset
Outlet,233750,140250.0,Derived from Adidas master dataset
Outlet,240000,60000.0,Derived from Adidas master dataset
Outlet,270000,121500.0,Derived from Adidas master dataset
Outlet,300000,90000.0,Derived from Adidas master dataset
Outlet,202500,91125.0,Derived from Adidas master dataset
Outlet,180000,72000.0,Derived from Adidas master dataset
Outlet,220000,132000.0,Derived from Adidas master dataset
Outlet,270000,67500.0,Derived from Adidas master dataset
Outlet,247500,111375.0,Derived from Adidas master dataset
Outlet,275000,82500.0,Derived from Adidas master dataset
Outlet,180000,81000.0,Derived from Adidas master dataset
Outlet,168750,67500.0,Derived from Adidas master dataset
Outlet,192500,115500.0,Derived from Adidas master dataset
Outlet,240000,60000.0,Derived from Adidas master dataset
Outlet,230000,103500.0,Derived from Adidas master dataset
Outlet,258750,77625.0,Derived from Adidas master dataset
Outlet,170000,76500.0,Derived from Adidas master dataset
Outlet,170000,68000.0,Derived from Adidas master dataset
Outlet,206250,123750.0,Derived from Adidas master dataset
Outlet,285000,71250.0,Derived from Adidas master dataset
Outlet,303750,136687.5,Derived from Adidas master dataset
Outlet,337500,101250.0,Derived from Adidas master dataset
Outlet,213750,96187.5,Derived from Adidas master dataset
Outlet,213750,85500.0,Derived from Adidas master dataset
Outlet,220000,132000.0,Derived from Adidas master dataset
Outlet,300000,75000.0,Derived from Adidas master dataset
Outlet,140000,49000.0,Derived from Adidas master dataset
Outlet,210000,73500.0,Derived from Adidas master dataset
Outlet,150000,52500.0,Derived from Adidas master dataset
Outlet,175000,78750.0,Derived from Adidas master dataset
Outlet,140000,42000.0,Derived from Adidas master dataset
Outlet,175000,87500.0,Derived from Adidas master dataset
Outlet,162500,56875.0,Derived from Adidas master dataset
Outlet,218750,76562.5,Derived from Adidas master dataset
Outlet,157500,55125.0,Derived from Adidas master dataset
Outlet,140000,63000.0,Derived from Adidas master dataset
Outlet,110000,33000.0,Derived from Adidas master dataset
Outlet,166250,83125.0,Derived from Adidas master dataset
Outlet,195000,78000.0,Derived from Adidas master dataset
Outlet,260000,104000.0,Derived from Adidas master dataset
Outlet,142500,57000.0,Derived from Adidas master dataset
Outlet,131250,65625.0,Derived from Adidas master dataset
Outlet,110000,38500.0,Derived from Adidas master dataset
Outlet,148750,81812.5,Derived from Adidas master dataset
Outlet,135000,54000.0,Derived from Adidas master dataset
Outlet,168750,67500.0,Derived from Adidas master dataset
Outlet,100000,40000.0,Derived from Adidas master dataset
Outlet,100000,50000.0,Derived from Adidas master dataset
Outlet,90000,31500.0,Derived from Adidas master dataset
Outlet,143750,79062.5,Derived from Adidas master dataset
Outlet,108750,43500.0,Derived from Adidas master dataset
Outlet,187500,75000.0,Derived from Adidas master dataset
Outlet,120000,48000.0,Derived from Adidas master dataset
Outlet,157500,78750.0,Derived from Adidas master dataset
Outlet,191250,66937.5,Derived from Adidas master dataset
Outlet,310000,170500.0,Derived from Adidas master dataset
Outlet,310000,124000.0,Derived from Adidas master dataset
Outlet,348750,139500.0,Derived from Adidas master dataset
Outlet,260000,104000.0,Derived from Adidas master dataset
Outlet,240000,120000.0,Derived from Adidas master dataset
Outlet,225000,78750.0,Derived from Adidas master dataset
Outlet,437500,240625.0,Derived from Adidas master dataset
Outlet,330000,148500.0,Derived from Adidas master dataset
Outlet,371250,167062.5,Derived from Adidas master dataset
Outlet,390000,175500.0,Derived from Adidas master dataset
Outlet,230000,126500.0,Derived from Adidas master dataset
Outlet,247500,99000.0,Derived from Adidas master dataset
Outlet,453750,272250.0,Derived from Adidas master dataset
Outlet,348750,156937.5,Derived from Adidas master dataset
Outlet,426250,191812.5,Derived from Adidas master dataset
Outlet,475000,213750.0,Derived from Adidas master dataset
Outlet,213750,117562.5,Derived from Adidas master dataset
Outlet,237500,95000.0,Derived from Adidas master dataset
Outlet,398750,239250.0,Derived from Adidas master dataset
Outlet,337500,151875.0,Derived from Adidas master dataset
Outlet,312500,140625.0,Derived from Adidas master dataset
Outlet,371250,167062.5,Derived from Adidas master dataset
Outlet,220000,121000.0,Derived from Adidas master dataset
Outlet,200000,80000.0,Derived from Adidas master dataset
Outlet,281250,168750.0,Derived from Adidas master dataset
Outlet,201250,90562.5,Derived from Adidas master dataset
Outlet,201250,90562.5,Derived from Adidas master dataset
Outlet,210000,94500.0,Derived from Adidas master dataset
Outlet,150000,82500.0,Derived from Adidas master dataset
Outlet,122500,49000.0,Derived from Adidas master dataset
Outlet,236250,141750.0,Derived from Adidas master dataset
Outlet,202500,91125.0,Derived from Adidas master dataset
Outlet,202500,91125.0,Derived from Adidas master dataset
Outlet,330000,148500.0,Derived from Adidas master dataset
Outlet,261250,143687.5,Derived from Adidas master dataset
Outlet,247500,99000.0,Derived from Adidas master dataset
Outlet,422500,253500.0,Derived from Adidas master dataset
Outlet,440000,198000.0,Derived from Adidas master dataset
Outlet,440000,198000.0,Derived from Adidas master dataset
Outlet,420000,189000.0,Derived from Adidas master dataset
Outlet,330000,181500.0,Derived from Adidas master dataset
Outlet,275000,110000.0,Derived from Adidas master dataset
Outlet,487500,292500.0,Derived from Adidas master dataset
Outlet,148750,59500.0,Derived from Adidas master dataset
Outlet,78750,27562.5,Derived from Adidas master dataset
Outlet,56250,19687.5,Derived from Adidas master dataset
Outlet,22500,9000.0,Derived from Adidas master dataset
Outlet,56250,19687.5,Derived from Adidas master dataset
Outlet,78750,39375.0,Derived from Adidas master dataset
Outlet,166250,66500.0,Derived from Adidas master dataset
Outlet,43750,15312.5,Derived from Adidas master dataset
Outlet,43750,15312.5,Derived from Adidas master dataset
Outlet,15000,6000.0,Derived from Adidas master dataset
Outlet,56250,19687.5,Derived from Adidas master dataset
Outlet,70000,35000.0,Derived from Adidas master dataset
Outlet,168000,67200.0,Derived from Adidas master dataset
Outlet,40000,14000.0,Derived from Adidas master dataset
Outlet,45000,15750.0,Derived from Adidas master dataset
Outlet,0,0.0,Derived from Adidas master dataset
Outlet,25000,8750.0,Derived from Adidas master dataset
Outlet,60000,30000.0,Derived from Adidas master dataset
Outlet,150000,60000.0,Derived from Adidas master dataset
Outlet,26250,9187.5,Derived from Adidas master dataset
Outlet,18750,6562.5,Derived from Adidas master dataset
Outlet,0,0.0,Derived from Adidas master dataset
Outlet,11250,3937.5,Derived from Adidas master dataset
Outlet,52500,26250.0,Derived from Adidas master dataset
Outlet,189000,75600.0,Derived from Adidas master dataset
Outlet,50000,17500.0,Derived from Adidas master dataset
Outlet,35000,12250.0,Derived from Adidas master dataset
Outlet,8750,3500.0,Derived from Adidas master dataset
Outlet,25000,8750.0,Derived from Adidas master dataset
Outlet,82500,41250.0,Derived from Adidas master dataset
Outlet,160000,64000.0,Derived from Adidas master dataset
Outlet,52500,18375.0,Derived from Adidas master dataset
Outlet,52500,18375.0,Derived from Adidas master dataset
Outlet,45000,18000.0,Derived from Adidas master dataset
Outlet,67500,23625.0,Derived from Adidas master dataset
Outlet,162500,81250.0,Derived from Adidas master dataset
Outlet,247500,99000.0,Derived from Adidas master dataset
Outlet,120000,42000.0,Derived from Adidas master dataset
Outlet,78750,27562.5,Derived from Adidas master dataset
Outlet,61250,24500.0,Derived from Adidas master dataset
Outlet,78750,27562.5,Derived from Adidas master dataset
Outlet,175000,87500.0,Derived from Adidas master dataset
Outlet,225000,90000.0,Derived from Adidas master dataset
Outlet,123750,43312.5,Derived from Adidas master dataset
Outlet,80000,28000.0,Derived from Adidas master dataset
Outlet,37500,15000.0,Derived from Adidas master dataset
Outlet,40000,14000.0,Derived from Adidas master dataset
Outlet,123750,61875.0,Derived from Adidas master dataset
Outlet,160000,64000.0,Derived from Adidas master dataset
Outlet,70000,24500.0,Derived from Adidas master dataset
Outlet,20000,7000.0,Derived from Adidas master dataset
Outlet,15000,6000.0,Derived from Adidas master dataset
Outlet,22500,7875.0,Derived from Adidas master dataset
Outlet,52500,26250.0,Derived from Adidas master dataset
Outlet,130000,52000.0,Derived from Adidas master dataset
Outlet,45000,15750.0,Derived from Adidas master dataset
Outlet,15000,5250.0,Derived from Adidas master dataset
Outlet,7500,3000.0,Derived from Adidas master dataset
Outlet,10000,3500.0,Derived from Adidas master dataset
Outlet,67500,33750.0,Derived from Adidas master dataset
Outlet,120000,48000.0,Derived from Adidas master dataset
Outlet,45000,15750.0,Derived from Adidas master dataset
Outlet,28500,9975.0,Derived from Adidas master dataset
Outlet,37500,15000.0,Derived from Adidas master dataset
Outlet,50000,17500.0,Derived from Adidas master dataset
Outlet,110000,55000.0,Derived from Adidas master dataset
Outlet,225000,90000.0,Derived from Adidas master dataset
Outlet,100000,35000.0,Derived from Adidas master dataset
Outlet,80000,28000.0,Derived from Adidas master dataset
Outlet,60000,24000.0,Derived from Adidas master dataset
Outlet,75000,26250.0,Derived from Adidas master dataset
Outlet,137500,68750.0,Derived from Adidas master dataset
Outlet,135000,54000.0,Derived from Adidas master dataset
Outlet,202500,81000.0,Derived from Adidas master dataset
Outlet,142500,57000.0,Derived from Adidas master dataset
Outlet,166250,83125.0,Derived from Adidas master dataset
Outlet,130000,45500.0,Derived from Adidas master dataset
Outlet,166250,91437.5,Derived from Adidas master dataset
Outlet,156250,62500.0,Derived from Adidas master dataset
Outlet,210000,84000.0,Derived from Adidas master dataset
Outlet,148750,59500.0,Derived from Adidas master dataset
Outlet,131250,65625.0,Derived from Adidas master dataset
Outlet,100000,35000.0,Derived from Adidas master dataset
Outlet,157500,86625.0,Derived from Adidas master dataset
Outlet,187500,84375.0,Derived from Adidas master dataset
Outlet,250000,112500.0,Derived from Adidas master dataset
Outlet,135000,60750.0,Derived from Adidas master dataset
Outlet,122500,67375.0,Derived from Adidas master dataset
Outlet,100000,40000.0,Derived from Adidas master dataset
Outlet,140000,84000.0,Derived from Adidas master dataset
Outlet,130000,58500.0,Derived from Adidas master dataset
Outlet,130000,58500.0,Derived from Adidas master dataset
Outlet,71250,32062.5,Derived from Adidas master dataset
Outlet,75000,41250.0,Derived from Adidas master dataset
Outlet,68750,27500.0,Derived from Adidas master dataset
Outlet,110000,66000.0,Derived from Adidas master dataset
Outlet,70000,31500.0,Derived from Adidas master dataset
Outlet,145000,65250.0,Derived from Adidas master dataset
Outlet,86250,38812.5,Derived from Adidas master dataset
Outlet,175000,96250.0,Derived from Adidas master dataset
Outlet,200000,80000.0,Derived from Adidas master dataset
Outlet,337500,202500.0,Derived from Adidas master dataset
Outlet,337500,151875.0,Derived from Adidas master dataset
Outlet,375000,168750.0,Derived from Adidas master dataset
Outlet,292500,131625.0,Derived from Adidas master dataset
Outlet,270000,148500.0,Derived from Adidas master dataset
Outlet,250000,100000.0,Derived from Adidas master dataset
Outlet,481250,288750.0,Derived from Adidas master dataset
Outlet,371250,185625.0,Derived from Adidas master dataset
Outlet,412500,206250.0,Derived from Adidas master dataset
Outlet,438750,219375.0,Derived from Adidas master dataset
Outlet,258750,155250.0,Derived from Adidas master dataset
Outlet,262500,118125.0,Derived from Adidas master dataset
Outlet,480000,312000.0,Derived from Adidas master dataset
Outlet,300000,150000.0,Derived from Adidas master dataset
Outlet,412500,206250.0,Derived from Adidas master dataset
Outlet,508750,254375.0,Derived from Adidas master dataset
Outlet,212500,127500.0,Derived from Adidas master dataset
Outlet,233750,105187.5,Derived from Adidas master dataset
Outlet,405000,263250.0,Derived from Adidas master dataset
Outlet,343750,171875.0,Derived from Adidas master dataset
Outlet,316250,158125.0,Derived from Adidas master dataset
Outlet,375000,187500.0,Derived from Adidas master dataset
Outlet,210000,126000.0,Derived from Adidas master dataset
Outlet,157500,70875.0,Derived from Adidas master dataset
Outlet,230000,149500.0,Derived from Adidas master dataset
Outlet,157500,78750.0,Derived from Adidas master dataset
Outlet,157500,78750.0,Derived from Adidas master dataset
Outlet,166250,83125.0,Derived from Adidas master dataset
Outlet,113750,68250.0,Derived from Adidas master dataset
Outlet,90000,40500.0,Derived from Adidas master dataset
Outlet,190000,123500.0,Derived from Adidas master dataset
Outlet,125000,62500.0,Derived from Adidas master dataset
Outlet,125000,62500.0,Derived from Adidas master dataset
Outlet,258750,129375.0,Derived from Adidas master dataset
Outlet,202500,121500.0,Derived from Adidas master dataset
Outlet,212500,95625.0,Derived from Adidas master dataset
Outlet,375000,243750.0,Derived from Adidas master dataset
Outlet,465000,232500.0,Derived from Adidas master dataset
Outlet,465000,232500.0,Derived from Adidas master dataset
Outlet,455000,227500.0,Derived from Adidas master dataset
Outlet,357500,214500.0,Derived from Adidas master dataset
Outlet,300000,135000.0,Derived from Adidas master dataset
Outlet,525000,341250.0,Derived from Adidas master dataset
Outlet,180000,63000.0,Derived from Adidas master dataset
Outlet,100000,35000.0,Derived from Adidas master dataset
Outlet,75000,30000.0,Derived from Adidas master dataset
Outlet,35000,10500.0,Derived from Adidas master dataset
Outlet,75000,18750.0,Derived from Adidas master dataset
Outlet,100000,40000.0,Derived from Adidas master dataset
Outlet,200000,70000.0,Derived from Adidas master dataset
Outlet,60000,21000.0,Derived from Adidas master dataset
Outlet,60000,24000.0,Derived from Adidas master dataset
Outlet,26250,7875.0,Derived from Adidas master dataset
Outlet,75000,18750.0,Derived from Adidas master dataset
Outlet,100000,40000.0,Derived from Adidas master dataset
Outlet,188000,65800.0,Derived from Adidas master dataset
Outlet,70000,24500.0,Derived from Adidas master dataset
Outlet,60000,24000.0,Derived from Adidas master dataset
Outlet,17500,5250.0,Derived from Adidas master dataset
Outlet,50000,12500.0,Derived from Adidas master dataset
Outlet,80000,32000.0,Derived from Adidas master dataset
Outlet,180000,63000.0,Derived from Adidas master dataset
Outlet,60000,21000.0,Derived from Adidas master dataset
Outlet,45000,18000.0,Derived from Adidas master dataset
Outlet,26250,7875.0,Derived from Adidas master dataset
Outlet,37500,9375.0,Derived from Adidas master dataset
Outlet,90000,36000.0,Derived from Adidas master dataset
Outlet,272250,95287.5,Derived from Adidas master dataset
Outlet,100000,35000.0,Derived from Adidas master dataset
Outlet,78750,31500.0,Derived from Adidas master dataset
Outlet,56250,16875.0,Derived from Adidas master dataset
Outlet,82500,20625.0,Derived from Adidas master dataset
Outlet,165000,66000.0,Derived from Adidas master dataset
Outlet,288750,101062.5,Derived from Adidas master dataset
Outlet,137500,48125.0,Derived from Adidas master dataset
Outlet,90000,36000.0,Derived from Adidas master dataset
Outlet,78750,23625.0,Derived from Adidas master dataset
Outlet,96250,24062.5,Derived from Adidas master dataset
Outlet,195000,78000.0,Derived from Adidas master dataset
Outlet,302500,105875.0,Derived from Adidas master dataset
Outlet,150000,52500.0,Derived from Adidas master dataset
Outlet,101250,40500.0,Derived from Adidas master dataset
Outlet,78750,23625.0,Derived from Adidas master dataset
Outlet,110000,27500.0,Derived from Adidas master dataset
Outlet,225000,90000.0,Derived from Adidas master dataset
Outlet,288750,101062.5,Derived from Adidas master dataset
Outlet,150000,52500.0,Derived from Adidas master dataset
Outlet,101250,40500.0,Derived from Adidas master dataset
Outlet,78750,23625.0,Derived from Adidas master dataset
Outlet,82500,20625.0,Derived from Adidas master dataset
Outlet,195000,78000.0,Derived from Adidas master dataset
Outlet,247500,86625.0,Derived from Adidas master dataset
Outlet,125000,43750.0,Derived from Adidas master dataset
Outlet,67500,27000.0,Derived from Adidas master dataset
Outlet,56250,16875.0,Derived from Adidas master dataset
Outlet,68750,17187.5,Derived from Adidas master dataset
Outlet,135000,54000.0,Derived from Adidas master dataset
Outlet,240000,84000.0,Derived from Adidas master dataset
Outlet,123750,43312.5,Derived from Adidas master dataset
Outlet,68750,27500.0,Derived from Adidas master dataset
Outlet,55000,16500.0,Derived from Adidas master dataset
Outlet,65000,16250.0,Derived from Adidas master dataset
Outlet,157500,63000.0,Derived from Adidas master dataset
Outlet,243750,85312.5,Derived from Adidas master dataset
Outlet,110000,38500.0,Derived from Adidas master dataset
Outlet,107250,42900.0,Derived from Adidas master dataset
Outlet,96250,28875.0,Derived from Adidas master dataset
Outlet,97500,24375.0,Derived from Adidas master dataset
Outlet,175000,70000.0,Derived from Adidas master dataset
Outlet,308750,108062.5,Derived from Adidas master dataset
Outlet,151250,52937.5,Derived from Adidas master dataset
Outlet,137500,55000.0,Derived from Adidas master dataset
Outlet,110000,33000.0,Derived from Adidas master dataset
Outlet,130000,32500.0,Derived from Adidas master dataset
Outlet,210000,84000.0,Derived from Adidas master dataset
Outlet,131250,32812.5,Derived from Adidas master dataset
Outlet,168750,33750.0,Derived from Adidas master dataset
Outlet,168750,42187.5,Derived from Adidas master dataset
Outlet,101250,25312.5,Derived from Adidas master dataset
Outlet,165000,49500.0,Derived from Adidas master dataset
Outlet,316250,110687.5,Derived from Adidas master dataset
Outlet,123750,43312.5,Derived from Adidas master dataset
Outlet,123750,30937.5,Derived from Adidas master dataset
Outlet,87500,21875.0,Derived from Adidas master dataset
Outlet,162500,40625.0,Derived from Adidas master dataset
Outlet,192500,57750.0,Derived from Adidas master dataset
Outlet,299750,104912.5,Derived from Adidas master dataset
Outlet,137500,48125.0,Derived from Adidas master dataset
Outlet,123750,30937.5,Derived from Adidas master dataset
Outlet,62500,15625.0,Derived from Adidas master dataset
Outlet,113750,28437.5,Derived from Adidas master dataset
Outlet,151250,45375.0,Derived from Adidas master dataset
Outlet,288750,101062.5,Derived from Adidas master dataset
Outlet,123750,43312.5,Derived from Adidas master dataset
Outlet,101250,25312.5,Derived from Adidas master dataset
Outlet,75000,18750.0,Derived from Adidas master dataset
Outlet,90000,22500.0,Derived from Adidas master dataset
Outlet,150000,45000.0,Derived from Adidas master dataset
Outlet,370500,129675.0,Derived from Adidas master dataset
Outlet,165000,57750.0,Derived from Adidas master dataset
Outlet,165000,41250.0,Derived from Adidas master dataset
Outlet,137500,34375.0,Derived from Adidas master dataset
Outlet,178750,44687.5,Derived from Adidas master dataset
Outlet,280000,84000.0,Derived from Adidas master dataset
Outlet,422500,147875.0,Derived from Adidas master dataset
Outlet,240000,84000.0,Derived from Adidas master dataset
Outlet,178750,44687.5,Derived from Adidas master dataset
Outlet,165000,41250.0,Derived from Adidas master dataset
Outlet,195000,48750.0,Derived from Adidas master dataset
Outlet,315000,94500.0,Derived from Adidas master dataset
Outlet,438750,153562.5,Derived from Adidas master dataset
Outlet,255000,89250.0,Derived from Adidas master dataset
Outlet,192500,48125.0,Derived from Adidas master dataset
Outlet,165000,41250.0,Derived from Adidas master dataset
Outlet,211250,52812.5,Derived from Adidas master dataset
Outlet,350000,105000.0,Derived from Adidas master dataset
Outlet,422500,147875.0,Derived from Adidas master dataset
Outlet,255000,89250.0,Derived from Adidas master dataset
Outlet,192500,48125.0,Derived from Adidas master dataset
Outlet,137500,34375.0,Derived from Adidas master dataset
Outlet,146250,36562.5,Derived from Adidas master dataset
Outlet,280000,84000.0,Derived from Adidas master dataset
Outlet,341250,119437.5,Derived from Adidas master dataset
Outlet,195000,68250.0,Derived from Adidas master dataset
Outlet,123750,30937.5,Derived from Adidas master dataset
Outlet,110000,27500.0,Derived from Adidas master dataset
Outlet,130000,32500.0,Derived from Adidas master dataset
Outlet,210000,63000.0,Derived from Adidas master dataset
Outlet,315000,110250.0,Derived from Adidas master dataset
Outlet,178750,62562.5,Derived from Adidas master dataset
Outlet,113750,28437.5,Derived from Adidas master dataset
Outlet,97500,24375.0,Derived from Adidas master dataset
Outlet,112500,28125.0,Derived from Adidas master dataset
Outlet,220000,66000.0,Derived from Adidas master dataset
Outlet,318750,111562.5,Derived from Adidas master dataset
Outlet,195000,68250.0,Derived from Adidas master dataset
Outlet,208000,52000.0,Derived from Adidas master dataset
Outlet,195000,48750.0,Derived from Adidas master dataset
Outlet,206250,51562.5,Derived from Adidas master dataset
Outlet,300000,90000.0,Derived from Adidas master dataset
Outlet,450000,157500.0,Derived from Adidas master dataset
Outlet,260000,91000.0,Derived from Adidas master dataset
Outlet,131250,32812.5,Derived from Adidas master dataset
Outlet,168750,33750.0,Derived from Adidas master dataset
Outlet,168750,42187.5,Derived from Adidas master dataset
Outlet,101250,25312.5,Derived from Adidas master dataset
Outlet,87500,13125.0,Derived from Adidas master dataset
Outlet,191250,76500.0,Derived from Adidas master dataset
Outlet,166250,41562.5,Derived from Adidas master dataset
Outlet,168750,33750.0,Derived from Adidas master dataset
Outlet,168750,42187.5,Derived from Adidas master dataset
Outlet,101250,25312.5,Derived from Adidas master dataset
Outlet,75000,11250.0,Derived from Adidas master dataset
Outlet,157500,63000.0,Derived from Adidas master dataset
Outlet,225000,56250.0,Derived from Adidas master dataset
Outlet,192500,38500.0,Derived from Adidas master dataset
Outlet,225000,56250.0,Derived from Adidas master dataset
Outlet,151250,37812.5,Derived from Adidas master dataset
Outlet,75000,11250.0,Derived from Adidas master dataset
Outlet,178750,71500.0,Derived from Adidas master dataset
Outlet,300000,75000.0,Derived from Adidas master dataset
Outlet,195000,39000.0,Derived from Adidas master dataset
Outlet,227500,56875.0,Derived from Adidas master dataset
Outlet,125000,31250.0,Derived from Adidas master dataset
Outlet,82500,12375.0,Derived from Adidas master dataset
Outlet,227500,91000.0,Derived from Adidas master dataset
Outlet,288750,72187.5,Derived from Adidas master dataset
Outlet,225000,45000.0,Derived from Adidas master dataset
Outlet,225000,56250.0,Derived from Adidas master dataset
Outlet,151250,37812.5,Derived from Adidas master dataset
Outlet,105000,15750.0,Derived from Adidas master dataset
Outlet,356250,142500.0,Derived from Adidas master dataset
Outlet,507500,126875.0,Derived from Adidas master dataset
Outlet,450000,90000.0,Derived from Adidas master dataset
Outlet,450000,112500.0,Derived from Adidas master dataset
Outlet,356250,89062.5,Derived from Adidas master dataset
Outlet,297500,44625.0,Derived from Adidas master dataset
Outlet,650000,260000.0,Derived from Adidas master dataset
Outlet,640000,160000.0,Derived from Adidas master dataset
Outlet,552500,110500.0,Derived from Adidas master dataset
Outlet,510000,127500.0,Derived from Adidas master dataset
Outlet,400000,100000.0,Derived from Adidas master dataset
Outlet,467500,70125.0,Derived from Adidas master dataset
Outlet,550000,220000.0,Derived from Adidas master dataset
Outlet,637500,159375.0,Derived from Adidas master dataset
Outlet,543750,108750.0,Derived from Adidas master dataset
Outlet,420000,105000.0,Derived from Adidas master dataset
Outlet,367500,91875.0,Derived from Adidas master dataset
Outlet,367500,55125.0,Derived from Adidas master dataset
Outlet,262500,105000.0,Derived from Adidas master dataset
Outlet,357500,89375.0,Derived from Adidas master dataset
Outlet,385000,77000.0,Derived from Adidas master dataset
Outlet,243750,60937.5,Derived from Adidas master dataset
Outlet,211250,52812.5,Derived from Adidas master dataset
Outlet,262500,39375.0,Derived from Adidas master dataset
Outlet,225000,90000.0,Derived from Adidas master dataset
Outlet,261250,65312.5,Derived from Adidas master dataset
Outlet,308750,61750.0,Derived from Adidas master dataset
Outlet,180000,45000.0,Derived from Adidas master dataset
Outlet,151250,37812.5,Derived from Adidas master dataset
Outlet,162500,24375.0,Derived from Adidas master dataset
Outlet,210000,84000.0,Derived from Adidas master dataset
Outlet,288750,72187.5,Derived from Adidas master dataset
Outlet,360000,72000.0,Derived from Adidas master dataset
Outlet,233750,58437.5,Derived from Adidas master dataset
Outlet,260000,65000.0,Derived from Adidas master dataset
Outlet,318750,47812.5,Derived from Adidas master dataset
Outlet,450000,180000.0,Derived from Adidas master dataset
Outlet,525000,131250.0,Derived from Adidas master dataset
Outlet,595000,119000.0,Derived from Adidas master dataset
Outlet,400000,100000.0,Derived from Adidas master dataset
Outlet,400000,100000.0,Derived from Adidas master dataset
Outlet,382500,57375.0,Derived from Adidas master dataset
Outlet,498750,199500.0,Derived from Adidas master dataset
Outlet,170000,51000.0,Derived from Adidas master dataset
Outlet,212500,53125.0,Derived from Adidas master dataset
Outlet,212500,63750.0,Derived from Adidas master dataset
Outlet,137500,41250.0,Derived from Adidas master dataset
Outlet,123750,24750.0,Derived from Adidas master dataset
Outlet,237500,106875.0,Derived from Adidas master dataset
Outlet,210000,63000.0,Derived from Adidas master dataset
Outlet,212500,53125.0,Derived from Adidas master dataset
Outlet,212500,63750.0,Derived from Adidas master dataset
Outlet,137500,41250.0,Derived from Adidas master dataset
Outlet,110000,22000.0,Derived from Adidas master dataset
Outlet,200000,90000.0,Derived from Adidas master dataset
Outlet,275000,82500.0,Derived from Adidas master dataset
Outlet,240000,60000.0,Derived from Adidas master dataset
Outlet,276250,82875.0,Derived from Adidas master dataset
Outlet,195000,58500.0,Derived from Adidas master dataset
Outlet,113750,22750.0,Derived from Adidas master dataset
Outlet,225000,101250.0,Derived from Adidas master dataset
Outlet,357500,107250.0,Derived from Adidas master dataset
Outlet,245000,61250.0,Derived from Adidas master dataset
Outlet,280000,84000.0,Derived from Adidas master dataset
Outlet,165000,49500.0,Derived from Adidas master dataset
Outlet,120000,24000.0,Derived from Adidas master dataset
Outlet,281250,126562.5,Derived from Adidas master dataset
Outlet,345000,103500.0,Derived from Adidas master dataset
Outlet,276250,69062.5,Derived from Adidas master dataset
Outlet,276250,82875.0,Derived from Adidas master dataset
Outlet,195000,58500.0,Derived from Adidas master dataset
Outlet,123750,24750.0,Derived from Adidas master dataset
Outlet,402500,181125.0,Derived from Adidas master dataset
Outlet,536250,160875.0,Derived from Adidas master dataset
In-store,490000,122500.0,Derived from Adidas master dataset
In-store,595000,178500.0,Derived from Adidas master dataset
In-store,488750,146625.0,Derived from Adidas master dataset
In-store,427500,85500.0,Derived from Adidas master dataset
In-store,825000,371250.0,Derived from Adidas master dataset
In-store,810000,243000.0,Derived from Adidas master dataset
In-store,712500,178125.0,Derived from Adidas master dataset
In-store,665000,199500.0,Derived from Adidas master dataset
In-store,540000,162000.0,Derived from Adidas master dataset
In-store,617500,123500.0,Derived from Adidas master dataset
In-store,715000,321750.0,Derived from Adidas master dataset
In-store,807500,242250.0,Derived from Adidas master dataset
In-store,701250,175312.5,Derived from Adidas master dataset
In-store,560000,168000.0,Derived from Adidas master dataset
In-store,380000,114000.0,Derived from Adidas master dataset
In-store,380000,76000.0,Derived from Adidas master dataset
In-store,255000,114750.0,Derived from Adidas master dataset
In-store,300000,90000.0,Derived from Adidas master dataset
In-store,325000,81250.0,Derived from Adidas master dataset
In-store,180000,54000.0,Derived from Adidas master dataset
In-store,150000,45000.0,Derived from Adidas master dataset
In-store,192500,38500.0,Derived from Adidas master dataset
In-store,165000,74250.0,Derived from Adidas master dataset
In-store,200000,60000.0,Derived from Adidas master dataset
In-store,373750,93437.5,Derived from Adidas master dataset
In-store,240000,72000.0,Derived from Adidas master dataset
In-store,206250,61875.0,Derived from Adidas master dataset
In-store,227500,45500.0,Derived from Adidas master dataset
In-store,280000,126000.0,Derived from Adidas master dataset
In-store,343750,103125.0,Derived from Adidas master dataset
In-store,420000,105000.0,Derived from Adidas master dataset
In-store,288750,86625.0,Derived from Adidas master dataset
In-store,325000,97500.0,Derived from Adidas master dataset
In-store,403750,80750.0,Derived from Adidas master dataset
In-store,540000,243000.0,Derived from Adidas master dataset
In-store,600000,180000.0,Derived from Adidas master dataset
In-store,680000,170000.0,Derived from Adidas master dataset
In-store,480000,144000.0,Derived from Adidas master dataset
In-store,480000,144000.0,Derived from Adidas master dataset
In-store,472500,94500.0,Derived from Adidas master dataset
In-store,593750,267187.5,Derived from Adidas master dataset
In-store,382500,172125.0,Derived from Adidas master dataset
In-store,292500,102375.0,Derived from Adidas master dataset
In-store,227500,56875.0,Derived from Adidas master dataset
In-store,200000,60000.0,Derived from Adidas master dataset
In-store,302500,105875.0,Derived from Adidas master dataset
In-store,292500,146250.0,Derived from Adidas master dataset
In-store,405000,182250.0,Derived from Adidas master dataset
In-store,247500,86625.0,Derived from Adidas master dataset
In-store,210000,52500.0,Derived from Adidas master dataset
In-store,190000,57000.0,Derived from Adidas master dataset
In-store,302500,105875.0,Derived from Adidas master dataset
In-store,292500,146250.0,Derived from Adidas master dataset
In-store,391500,176175.0,Derived from Adidas master dataset
In-store,247500,86625.0,Derived from Adidas master dataset
In-store,201250,50312.5,Derived from Adidas master dataset
In-store,170000,51000.0,Derived from Adidas master dataset
In-store,261250,91437.5,Derived from Adidas master dataset
In-store,258750,129375.0,Derived from Adidas master dataset
In-store,371250,167062.5,Derived from Adidas master dataset
In-store,236250,82687.5,Derived from Adidas master dataset
In-store,183750,45937.5,Derived from Adidas master dataset
In-store,180000,54000.0,Derived from Adidas master dataset
In-store,261250,91437.5,Derived from Adidas master dataset
In-store,270000,135000.0,Derived from Adidas master dataset
In-store,478500,215325.0,Derived from Adidas master dataset
In-store,316250,110687.5,Derived from Adidas master dataset
In-store,275000,68750.0,Derived from Adidas master dataset
In-store,250000,75000.0,Derived from Adidas master dataset
In-store,315000,110250.0,Derived from Adidas master dataset
In-store,406250,203125.0,Derived from Adidas master dataset
In-store,525000,236250.0,Derived from Adidas master dataset
In-store,343750,120312.5,Derived from Adidas master dataset
In-store,300000,75000.0,Derived from Adidas master dataset
In-store,287500,86250.0,Derived from Adidas master dataset
In-store,373750,130812.5,Derived from Adidas master dataset
In-store,507500,253750.0,Derived from Adidas master dataset
In-store,617500,277875.0,Derived from Adidas master dataset
In-store,420000,147000.0,Derived from Adidas master dataset
In-store,343750,85937.5,Derived from Adidas master dataset
In-store,316250,94875.0,Derived from Adidas master dataset
In-store,390000,136500.0,Derived from Adidas master dataset
In-store,542500,271250.0,Derived from Adidas master dataset
In-store,601250,270562.5,Derived from Adidas master dataset
In-store,420000,147000.0,Derived from Adidas master dataset
In-store,343750,85937.5,Derived from Adidas master dataset
In-store,258750,77625.0,Derived from Adidas master dataset
In-store,302500,105875.0,Derived from Adidas master dataset
In-store,435000,217500.0,Derived from Adidas master dataset
In-store,467500,210375.0,Derived from Adidas master dataset
In-store,325000,113750.0,Derived from Adidas master dataset
In-store,247500,61875.0,Derived from Adidas master dataset
In-store,236250,70875.0,Derived from Adidas master dataset
In-store,288750,101062.5,Derived from Adidas master dataset
In-store,375000,187500.0,Derived from Adidas master dataset
In-store,480000,216000.0,Derived from Adidas master dataset
In-store,312500,109375.0,Derived from Adidas master dataset
In-store,262500,65625.0,Derived from Adidas master dataset
In-store,250000,75000.0,Derived from Adidas master dataset
In-store,300000,105000.0,Derived from Adidas master dataset
In-store,406250,203125.0,Derived from Adidas master dataset
In-store,465000,209250.0,Derived from Adidas master dataset
In-store,300000,105000.0,Derived from Adidas master dataset
In-store,272500,68125.0,Derived from Adidas master dataset
In-store,287500,86250.0,Derived from Adidas master dataset
In-store,357500,125125.0,Derived from Adidas master dataset
In-store,455000,227500.0,Derived from Adidas master dataset
In-store,568750,255937.5,Derived from Adidas master dataset
In-store,371250,129937.5,Derived from Adidas master dataset
In-store,343750,85937.5,Derived from Adidas master dataset
In-store,316250,94875.0,Derived from Adidas master dataset
In-store,373750,130812.5,Derived from Adidas master dataset
In-store,472500,236250.0,Derived from Adidas master dataset
In-store,320000,160000.0,Derived from Adidas master dataset
In-store,240000,72000.0,Derived from Adidas master dataset
In-store,180000,63000.0,Derived from Adidas master dataset
In-store,157500,55125.0,Derived from Adidas master dataset
In-store,250000,75000.0,Derived from Adidas master dataset
In-store,240000,60000.0,Derived from Adidas master dataset
In-store,340000,170000.0,Derived from Adidas master dataset
In-store,200000,60000.0,Derived from Adidas master dataset
In-store,165000,57750.0,Derived from Adidas master dataset
In-store,148750,52062.5,Derived from Adidas master dataset
In-store,250000,75000.0,Derived from Adidas master dataset
In-store,240000,60000.0,Derived from Adidas master dataset
In-store,328000,164000.0,Derived from Adidas master dataset
In-store,210000,63000.0,Derived from Adidas master dataset
In-store,165000,57750.0,Derived from Adidas master dataset
In-store,140000,49000.0,Derived from Adidas master dataset
In-store,225000,67500.0,Derived from Adidas master dataset
In-store,220000,55000.0,Derived from Adidas master dataset
In-store,320000,160000.0,Derived from Adidas master dataset
In-store,200000,60000.0,Derived from Adidas master dataset
In-store,150000,52500.0,Derived from Adidas master dataset
In-store,148750,52062.5,Derived from Adidas master dataset
In-store,212500,63750.0,Derived from Adidas master dataset
In-store,220000,55000.0,Derived from Adidas master dataset
In-store,410000,205000.0,Derived from Adidas master dataset
In-store,236250,70875.0,Derived from Adidas master dataset
In-store,200000,70000.0,Derived from Adidas master dataset
In-store,180000,63000.0,Derived from Adidas master dataset
In-store,237500,71250.0,Derived from Adidas master dataset
In-store,330000,82500.0,Derived from Adidas master dataset
In-store,425000,212500.0,Derived from Adidas master dataset
In-store,270000,81000.0,Derived from Adidas master dataset
In-store,210000,73500.0,Derived from Adidas master dataset
In-store,200000,70000.0,Derived from Adidas master dataset
In-store,250000,75000.0,Derived from Adidas master dataset
In-store,357500,89375.0,Derived from Adidas master dataset
In-store,437500,218750.0,Derived from Adidas master dataset
In-store,281250,84375.0,Derived from Adidas master dataset
In-store,220000,77000.0,Derived from Adidas master dataset
In-store,200000,70000.0,Derived from Adidas master dataset
In-store,262500,78750.0,Derived from Adidas master dataset
In-store,385000,96250.0,Derived from Adidas master dataset
In-store,425000,212500.0,Derived from Adidas master dataset
In-store,281250,84375.0,Derived from Adidas master dataset
In-store,220000,77000.0,Derived from Adidas master dataset
In-store,210000,73500.0,Derived from Adidas master dataset
In-store,250000,75000.0,Derived from Adidas master dataset
In-store,371250,92812.5,Derived from Adidas master dataset
In-store,400000,200000.0,Derived from Adidas master dataset
In-store,270000,81000.0,Derived from Adidas master dataset
In-store,210000,73500.0,Derived from Adidas master dataset
In-store,200000,70000.0,Derived from Adidas master dataset
In-store,250000,75000.0,Derived from Adidas master dataset
In-store,330000,82500.0,Derived from Adidas master dataset
In-store,426250,213125.0,Derived from Adidas master dataset
In-store,270000,81000.0,Derived from Adidas master dataset
In-store,225000,78750.0,Derived from Adidas master dataset
In-store,213750,74812.5,Derived from Adidas master dataset
In-store,261250,78375.0,Derived from Adidas master dataset
In-store,360000,90000.0,Derived from Adidas master dataset
In-store,412500,206250.0,Derived from Adidas master dataset
In-store,258750,77625.0,Derived from Adidas master dataset
In-store,234000,81900.0,Derived from Adidas master dataset
In-store,225000,78750.0,Derived from Adidas master dataset
In-store,261250,78375.0,Derived from Adidas master dataset
In-store,345000,86250.0,Derived from Adidas master dataset
In-store,440000,220000.0,Derived from Adidas master dataset
In-store,270000,81000.0,Derived from Adidas master dataset
In-store,247500,86625.0,Derived from Adidas master dataset
In-store,225000,78750.0,Derived from Adidas master dataset
In-store,275000,82500.0,Derived from Adidas master dataset
In-store,360000,90000.0,Derived from Adidas master dataset
In-store,105000,36750.0,Derived from Adidas master dataset
In-store,140000,49000.0,Derived from Adidas master dataset
In-store,140000,49000.0,Derived from Adidas master dataset
In-store,80000,28000.0,Derived from Adidas master dataset
In-store,67500,27000.0,Derived from Adidas master dataset
In-store,160000,48000.0,Derived from Adidas master dataset
In-store,135000,47250.0,Derived from Adidas master dataset
In-store,140000,49000.0,Derived from Adidas master dataset
In-store,140000,49000.0,Derived from Adidas master dataset
In-store,80000,28000.0,Derived from Adidas master dataset
In-store,56250,22500.0,Derived from Adidas master dataset
In-store,130000,39000.0,Derived from Adidas master dataset
In-store,190000,66500.0,Derived from Adidas master dataset
In-store,162500,56875.0,Derived from Adidas master dataset
In-store,192500,67375.0,Derived from Adidas master dataset
In-store,125000,43750.0,Derived from Adidas master dataset
In-store,55000,22000.0,Derived from Adidas master dataset
In-store,150000,45000.0,Derived from Adidas master dataset
In-store,261250,91437.5,Derived from Adidas master dataset
In-store,165000,57750.0,Derived from Adidas master dataset
In-store,195000,68250.0,Derived from Adidas master dataset
In-store,101250,35437.5,Derived from Adidas master dataset
In-store,62500,25000.0,Derived from Adidas master dataset
In-store,195000,58500.0,Derived from Adidas master dataset
In-store,250000,87500.0,Derived from Adidas master dataset
In-store,192500,67375.0,Derived from Adidas master dataset
In-store,192500,67375.0,Derived from Adidas master dataset
In-store,137500,48125.0,Derived from Adidas master dataset
In-store,78750,31500.0,Derived from Adidas master dataset
In-store,315000,94500.0,Derived from Adidas master dataset
In-store,426250,149187.5,Derived from Adidas master dataset
In-store,422500,147875.0,Derived from Adidas master dataset
In-store,520000,182000.0,Derived from Adidas master dataset
In-store,420000,147000.0,Derived from Adidas master dataset
In-store,360000,144000.0,Derived from Adidas master dataset
In-store,735000,220500.0,Derived from Adidas master dataset
In-store,722500,252875.0,Derived from Adidas master dataset
In-store,630000,220500.0,Derived from Adidas master dataset
In-store,585000,204750.0,Derived from Adidas master dataset
In-store,467500,163625.0,Derived from Adidas master dataset
In-store,540000,216000.0,Derived from Adidas master dataset
In-store,630000,189000.0,Derived from Adidas master dataset
In-store,720000,252000.0,Derived from Adidas master dataset
In-store,620000,217000.0,Derived from Adidas master dataset
In-store,455000,159250.0,Derived from Adidas master dataset
In-store,297500,104125.0,Derived from Adidas master dataset
In-store,297500,119000.0,Derived from Adidas master dataset
In-store,187500,56250.0,Derived from Adidas master dataset
In-store,225000,78750.0,Derived from Adidas master dataset
In-store,247500,86625.0,Derived from Adidas master dataset
In-store,125000,43750.0,Derived from Adidas master dataset
In-store,100000,35000.0,Derived from Adidas master dataset
In-store,135000,54000.0,Derived from Adidas master dataset
In-store,112500,33750.0,Derived from Adidas master dataset
In-store,140000,49000.0,Derived from Adidas master dataset
In-store,288750,101062.5,Derived from Adidas master dataset
In-store,175000,61250.0,Derived from Adidas master dataset
In-store,146250,51187.5,Derived from Adidas master dataset
In-store,165000,66000.0,Derived from Adidas master dataset
In-store,210000,63000.0,Derived from Adidas master dataset
In-store,258750,90562.5,Derived from Adidas master dataset
In-store,325000,113750.0,Derived from Adidas master dataset
In-store,213750,74812.5,Derived from Adidas master dataset
In-store,247500,86625.0,Derived from Adidas master dataset
In-store,318750,127500.0,Derived from Adidas master dataset
In-store,440000,132000.0,Derived from Adidas master dataset
In-store,487500,170625.0,Derived from Adidas master dataset
In-store,562500,196875.0,Derived from Adidas master dataset
In-store,385000,134750.0,Derived from Adidas master dataset
In-store,385000,134750.0,Derived from Adidas master dataset
In-store,380000,152000.0,Derived from Adidas master dataset
In-store,488750,146625.0,Derived from Adidas master dataset
In-store,262500,131250.0,Derived from Adidas master dataset
In-store,192500,77000.0,Derived from Adidas master dataset
In-store,137500,41250.0,Derived from Adidas master dataset
In-store,120000,42000.0,Derived from Adidas master dataset
In-store,202500,81000.0,Derived from Adidas master dataset
In-store,192500,105875.0,Derived from Adidas master dataset
In-store,280000,140000.0,Derived from Adidas master dataset
In-store,157500,63000.0,Derived from Adidas master dataset
In-store,125000,37500.0,Derived from Adidas master dataset
In-store,112500,39375.0,Derived from Adidas master dataset
In-store,202500,81000.0,Derived from Adidas master dataset
In-store,192500,105875.0,Derived from Adidas master dataset
In-store,269500,134750.0,Derived from Adidas master dataset
In-store,157500,63000.0,Derived from Adidas master dataset
In-store,118750,35625.0,Derived from Adidas master dataset
In-store,97500,34125.0,Derived from Adidas master dataset
In-store,168750,67500.0,Derived from Adidas master dataset
In-store,166250,91437.5,Derived from Adidas master dataset
In-store,253750,126875.0,Derived from Adidas master dataset
In-store,170000,68000.0,Derived from Adidas master dataset
In-store,135000,40500.0,Derived from Adidas master dataset
In-store,131250,45937.5,Derived from Adidas master dataset
In-store,200000,80000.0,Derived from Adidas master dataset
In-store,210000,115500.0,Derived from Adidas master dataset
In-store,397500,198750.0,Derived from Adidas master dataset
In-store,250000,100000.0,Derived from Adidas master dataset
In-store,213750,64125.0,Derived from Adidas master dataset
In-store,202500,70875.0,Derived from Adidas master dataset
In-store,261250,104500.0,Derived from Adidas master dataset
In-store,345000,189750.0,Derived from Adidas master dataset
In-store,453750,226875.0,Derived from Adidas master dataset
In-store,287500,115000.0,Derived from Adidas master dataset
In-store,247500,74250.0,Derived from Adidas master dataset
In-store,236250,82687.5,Derived from Adidas master dataset
In-store,315000,126000.0,Derived from Adidas master dataset
In-store,438750,241312.5,Derived from Adidas master dataset
In-store,540000,270000.0,Derived from Adidas master dataset
In-store,357500,143000.0,Derived from Adidas master dataset
In-store,287500,86250.0,Derived from Adidas master dataset
In-store,262500,91875.0,Derived from Adidas master dataset
In-store,330000,132000.0,Derived from Adidas master dataset
In-store,471250,259187.5,Derived from Adidas master dataset
In-store,525000,262500.0,Derived from Adidas master dataset
In-store,357500,143000.0,Derived from Adidas master dataset
In-store,258750,77625.0,Derived from Adidas master dataset
In-store,183750,64312.5,Derived from Adidas master dataset
In-store,225000,90000.0,Derived from Adidas master dataset
In-store,337500,185625.0,Derived from Adidas master dataset
In-store,360000,180000.0,Derived from Adidas master dataset
In-store,240000,96000.0,Derived from Adidas master dataset
In-store,175000,52500.0,Derived from Adidas master dataset
In-store,166250,58187.5,Derived from Adidas master dataset
In-store,213750,85500.0,Derived from Adidas master dataset
In-store,287500,158125.0,Derived from Adidas master dataset
In-store,375000,187500.0,Derived from Adidas master dataset
In-store,230000,92000.0,Derived from Adidas master dataset
In-store,170000,51000.0,Derived from Adidas master dataset
In-store,160000,56000.0,Derived from Adidas master dataset
In-store,200000,80000.0,Derived from Adidas master dataset
In-store,288750,158812.5,Derived from Adidas master dataset
In-store,337500,168750.0,Derived from Adidas master dataset
In-store,225000,90000.0,Derived from Adidas master dataset
In-store,200250,60075.0,Derived from Adidas master dataset
In-store,213750,74812.5,Derived from Adidas master dataset
In-store,270000,108000.0,Derived from Adidas master dataset
In-store,406250,223437.5,Derived from Adidas master dataset
In-store,510000,255000.0,Derived from Adidas master dataset
In-store,325000,130000.0,Derived from Adidas master dataset
In-store,300000,90000.0,Derived from Adidas master dataset
In-store,275000,96250.0,Derived from Adidas master dataset
In-store,330000,132000.0,Derived from Adidas master dataset
In-store,422500,232375.0,Derived from Adidas master dataset
In-store,187500,75000.0,Derived from Adidas master dataset
In-store,127500,44625.0,Derived from Adidas master dataset
In-store,85000,29750.0,Derived from Adidas master dataset
In-store,68750,27500.0,Derived from Adidas master dataset
In-store,130000,45500.0,Derived from Adidas master dataset
In-store,127500,63750.0,Derived from Adidas master dataset
In-store,202500,81000.0,Derived from Adidas master dataset
In-store,97500,34125.0,Derived from Adidas master dataset
In-store,75000,26250.0,Derived from Adidas master dataset
In-store,62500,25000.0,Derived from Adidas master dataset
In-store,130000,45500.0,Derived from Adidas master dataset
In-store,120000,60000.0,Derived from Adidas master dataset
In-store,217000,86800.0,Derived from Adidas master dataset
In-store,105000,36750.0,Derived from Adidas master dataset
In-store,87500,30625.0,Derived from Adidas master dataset
In-store,60000,24000.0,Derived from Adidas master dataset
In-store,112500,39375.0,Derived from Adidas master dataset
In-store,122500,61250.0,Derived from Adidas master dataset
In-store,201250,80500.0,Derived from Adidas master dataset
In-store,82500,28875.0,Derived from Adidas master dataset
In-store,55000,19250.0,Derived from Adidas master dataset
In-store,50000,20000.0,Derived from Adidas master dataset
In-store,90000,31500.0,Derived from Adidas master dataset
In-store,105000,52500.0,Derived from Adidas master dataset
In-store,248000,99200.0,Derived from Adidas master dataset
In-store,113750,39812.5,Derived from Adidas master dataset
In-store,90000,31500.0,Derived from Adidas master dataset
In-store,67500,27000.0,Derived from Adidas master dataset
In-store,112500,39375.0,Derived from Adidas master dataset
In-store,175000,87500.0,Derived from Adidas master dataset
In-store,210000,84000.0,Derived from Adidas master dataset
In-store,105000,36750.0,Derived from Adidas master dataset
In-store,93750,32812.5,Derived from Adidas master dataset
In-store,87500,35000.0,Derived from Adidas master dataset
In-store,140000,49000.0,Derived from Adidas master dataset
In-store,236250,118125.0,Derived from Adidas master dataset
In-store,300000,120000.0,Derived from Adidas master dataset
In-store,175000,61250.0,Derived from Adidas master dataset
In-store,127500,44625.0,Derived from Adidas master dataset
In-store,112500,45000.0,Derived from Adidas master dataset
In-store,150000,52500.0,Derived from Adidas master dataset
In-store,247500,123750.0,Derived from Adidas master dataset
In-store,280000,112000.0,Derived from Adidas master dataset
In-store,190000,66500.0,Derived from Adidas master dataset
In-store,140000,49000.0,Derived from Adidas master dataset
In-store,81250,32500.0,Derived from Adidas master dataset
In-store,105000,36750.0,Derived from Adidas master dataset
In-store,190000,95000.0,Derived from Adidas master dataset
In-store,210000,84000.0,Derived from Adidas master dataset
In-store,120000,42000.0,Derived from Adidas master dataset
In-store,45000,15750.0,Derived from Adidas master dataset
In-store,41250,16500.0,Derived from Adidas master dataset
In-store,68750,24062.5,Derived from Adidas master dataset
In-store,105000,52500.0,Derived from Adidas master dataset
In-store,183750,73500.0,Derived from Adidas master dataset
In-store,87500,30625.0,Derived from Adidas master dataset
In-store,62500,21875.0,Derived from Adidas master dataset
In-store,56250,22500.0,Derived from Adidas master dataset
In-store,78750,27562.5,Derived from Adidas master dataset
In-store,140000,70000.0,Derived from Adidas master dataset
In-store,175000,70000.0,Derived from Adidas master dataset
In-store,87500,30625.0,Derived from Adidas master dataset
In-store,73750,25812.5,Derived from Adidas master dataset
In-store,81250,32500.0,Derived from Adidas master dataset
In-store,135000,47250.0,Derived from Adidas master dataset
In-store,200000,100000.0,Derived from Adidas master dataset
In-store,292500,117000.0,Derived from Adidas master dataset
In-store,157500,55125.0,Derived from Adidas master dataset
In-store,140000,49000.0,Derived from Adidas master dataset
In-store,122500,49000.0,Derived from Adidas master dataset
In-store,157500,55125.0,Derived from Adidas master dataset
In-store,225000,112500.0,Derived from Adidas master dataset
In-store,168750,67500.0,Derived from Adidas master dataset
In-store,118750,41562.5,Derived from Adidas master dataset
In-store,71250,24937.5,Derived from Adidas master dataset
In-store,65000,26000.0,Derived from Adidas master dataset
In-store,131250,45937.5,Derived from Adidas master dataset
In-store,118750,59375.0,Derived from Adidas master dataset
In-store,181250,72500.0,Derived from Adidas master dataset
In-store,93750,32812.5,Derived from Adidas master dataset
In-store,63750,22312.5,Derived from Adidas master dataset
In-store,60000,24000.0,Derived from Adidas master dataset
In-store,131250,45937.5,Derived from Adidas master dataset
In-store,112500,56250.0,Derived from Adidas master dataset
In-store,201000,80400.0,Derived from Adidas master dataset
In-store,105000,36750.0,Derived from Adidas master dataset
In-store,80000,28000.0,Derived from Adidas master dataset
In-store,62500,25000.0,Derived from Adidas master dataset
In-store,120000,42000.0,Derived from Adidas master dataset
In-store,120000,60000.0,Derived from Adidas master dataset
In-store,187500,75000.0,Derived from Adidas master dataset
In-store,81250,28437.5,Derived from Adidas master dataset
In-store,48750,17062.5,Derived from Adidas master dataset
In-store,50000,20000.0,Derived from Adidas master dataset
In-store,96250,33687.5,Derived from Adidas master dataset
In-store,100000,50000.0,Derived from Adidas master dataset
In-store,234500,93800.0,Derived from Adidas master dataset
In-store,112500,39375.0,Derived from Adidas master dataset
In-store,87500,30625.0,Derived from Adidas master dataset
In-store,68750,27500.0,Derived from Adidas master dataset
In-store,120000,42000.0,Derived from Adidas master dataset
In-store,180000,90000.0,Derived from Adidas master dataset
In-store,195000,78000.0,Derived from Adidas master dataset
In-store,100000,35000.0,Derived from Adidas master dataset
In-store,85000,29750.0,Derived from Adidas master dataset
In-store,80000,32000.0,Derived from Adidas master dataset
In-store,140000,49000.0,Derived from Adidas master dataset
In-store,230000,115000.0,Derived from Adidas master dataset
In-store,280000,112000.0,Derived from Adidas master dataset
In-store,165000,57750.0,Derived from Adidas master dataset
In-store,118750,41562.5,Derived from Adidas master dataset
In-store,106250,42500.0,Derived from Adidas master dataset
In-store,148750,52062.5,Derived from Adidas master dataset
In-store,240000,120000.0,Derived from Adidas master dataset
In-store,262500,105000.0,Derived from Adidas master dataset
In-store,183750,64312.5,Derived from Adidas master dataset
In-store,135000,47250.0,Derived from Adidas master dataset
In-store,75000,30000.0,Derived from Adidas master dataset
In-store,105000,36750.0,Derived from Adidas master dataset
In-store,183750,91875.0,Derived from Adidas master dataset
In-store,195000,78000.0,Derived from Adidas master dataset
In-store,112500,39375.0,Derived from Adidas master dataset
In-store,35000,12250.0,Derived from Adidas master dataset
In-store,32500,13000.0,Derived from Adidas master dataset
In-store,65000,22750.0,Derived from Adidas master dataset
In-store,100000,50000.0,Derived from Adidas master dataset
In-store,172500,69000.0,Derived from Adidas master dataset
In-store,80000,28000.0,Derived from Adidas master dataset
In-store,60000,21000.0,Derived from Adidas master dataset
In-store,55000,22000.0,Derived from Adidas master dataset
In-store,82500,28875.0,Derived from Adidas master dataset
In-store,140000,70000.0,Derived from Adidas master dataset
In-store,165000,66000.0,Derived from Adidas master dataset
In-store,80000,28000.0,Derived from Adidas master dataset
In-store,69000,24150.0,Derived from Adidas master dataset
In-store,75000,30000.0,Derived from Adidas master dataset
In-store,140000,49000.0,Derived from Adidas master dataset
In-store,202500,101250.0,Derived from Adidas master dataset
In-store,280000,112000.0,Derived from Adidas master dataset
In-store,150000,52500.0,Derived from Adidas master dataset
In-store,135000,47250.0,Derived from Adidas master dataset
In-store,120000,48000.0,Derived from Adidas master dataset
In-store,160000,56000.0,Derived from Adidas master dataset
In-store,225000,112500.0,Derived from Adidas master dataset
In-store,105000,36750.0,Derived from Adidas master dataset
In-store,140000,49000.0,Derived from Adidas master dataset
In-store,140000,49000.0,Derived from Adidas master dataset
In-store,80000,28000.0,Derived from Adidas master dataset
In-store,67500,27000.0,Derived from Adidas master dataset
In-store,160000,48000.0,Derived from Adidas master dataset
In-store,135000,47250.0,Derived from Adidas master dataset
In-store,140000,49000.0,Derived from Adidas master dataset
In-store,140000,49000.0,Derived from Adidas master dataset
In-store,80000,28000.0,Derived from Adidas master dataset
In-store,56250,22500.0,Derived from Adidas master dataset
In-store,130000,39000.0,Derived from Adidas master dataset
In-store,190000,66500.0,Derived from Adidas master dataset
In-store,162500,56875.0,Derived from Adidas master dataset
In-store,192500,67375.0,Derived from Adidas master dataset
In-store,125000,43750.0,Derived from Adidas master dataset
In-store,55000,22000.0,Derived from Adidas master dataset
In-store,150000,45000.0,Derived from Adidas master dataset
In-store,261250,91437.5,Derived from Adidas master dataset
In-store,165000,57750.0,Derived from Adidas master dataset
In-store,195000,68250.0,Derived from Adidas master dataset
In-store,101250,35437.5,Derived from Adidas master dataset
In-store,62500,25000.0,Derived from Adidas master dataset
In-store,195000,58500.0,Derived from Adidas master dataset
In-store,250000,87500.0,Derived from Adidas master dataset
In-store,192500,67375.0,Derived from Adidas master dataset
In-store,192500,67375.0,Derived from Adidas master dataset
In-store,137500,48125.0,Derived from Adidas master dataset
In-store,78750,31500.0,Derived from Adidas master dataset
In-store,315000,94500.0,Derived from Adidas master dataset
In-store,426250,149187.5,Derived from Adidas master dataset
In-store,422500,147875.0,Derived from Adidas master dataset
In-store,520000,182000.0,Derived from Adidas master dataset
In-store,420000,147000.0,Derived from Adidas master dataset
In-store,360000,144000.0,Derived from Adidas master dataset
In-store,735000,220500.0,Derived from Adidas master dataset
In-store,722500,252875.0,Derived from Adidas master dataset
In-store,630000,220500.0,Derived from Adidas master dataset
In-store,585000,204750.0,Derived from Adidas master dataset
In-store,467500,163625.0,Derived from Adidas master dataset
In-store,540000,216000.0,Derived from Adidas master dataset
In-store,630000,189000.0,Derived from Adidas master dataset
In-store,720000,252000.0,Derived from Adidas master dataset
In-store,620000,217000.0,Derived from Adidas master dataset
In-store,455000,159250.0,Derived from Adidas master dataset
In-store,297500,104125.0,Derived from Adidas master dataset
In-store,297500,119000.0,Derived from Adidas master dataset
In-store,187500,56250.0,Derived from Adidas master dataset
In-store,225000,78750.0,Derived from Adidas master dataset
In-store,247500,86625.0,Derived from Adidas master dataset
In-store,125000,43750.0,Derived from Adidas master dataset
In-store,100000,35000.0,Derived from Adidas master dataset
In-store,135000,54000.0,Derived from Adidas master dataset
In-store,112500,33750.0,Derived from Adidas master dataset
In-store,140000,49000.0,Derived from Adidas master dataset
In-store,288750,101062.5,Derived from Adidas master dataset
In-store,175000,61250.0,Derived from Adidas master dataset
In-store,146250,51187.5,Derived from Adidas master dataset
In-store,165000,66000.0,Derived from Adidas master dataset
In-store,210000,63000.0,Derived from Adidas master dataset
In-store,258750,90562.5,Derived from Adidas master dataset
In-store,325000,113750.0,Derived from Adidas master dataset
In-store,213750,74812.5,Derived from Adidas master dataset
In-store,247500,86625.0,Derived from Adidas master dataset
In-store,318750,127500.0,Derived from Adidas master dataset
In-store,440000,132000.0,Derived from Adidas master dataset
In-store,487500,170625.0,Derived from Adidas master dataset
In-store,562500,196875.0,Derived from Adidas master dataset
In-store,385000,134750.0,Derived from Adidas master dataset
In-store,385000,134750.0,Derived from Adidas master dataset
In-store,380000,152000.0,Derived from Adidas master dataset
In-store,488750,146625.0,Derived from Adidas master dataset
In-store,140000,56000.0,Derived from Adidas master dataset
In-store,180000,72000.0,Derived from Adidas master dataset
In-store,180000,72000.0,Derived from Adidas master dataset
In-store,112500,45000.0,Derived from Adidas master dataset
In-store,100000,45000.0,Derived from Adidas master dataset
In-store,202500,70875.0,Derived from Adidas master dataset
In-store,175000,70000.0,Derived from Adidas master dataset
In-store,180000,72000.0,Derived from Adidas master dataset
In-store,180000,72000.0,Derived from Adidas master dataset
In-store,112500,45000.0,Derived from Adidas master dataset
In-store,87500,39375.0,Derived from Adidas master dataset
In-store,168750,59062.5,Derived from Adidas master dataset
In-store,236250,94500.0,Derived from Adidas master dataset
In-store,206250,82500.0,Derived from Adidas master dataset
In-store,240000,96000.0,Derived from Adidas master dataset
In-store,165000,66000.0,Derived from Adidas master dataset
In-store,90000,40500.0,Derived from Adidas master dataset
In-store,157500,55125.0,Derived from Adidas master dataset
In-store,262500,105000.0,Derived from Adidas master dataset
In-store,178750,71500.0,Derived from Adidas master dataset
In-store,206250,82500.0,Derived from Adidas master dataset
In-store,110000,44000.0,Derived from Adidas master dataset
In-store,78750,35437.5,Derived from Adidas master dataset
In-store,210000,73500.0,Derived from Adidas master dataset
In-store,247500,99000.0,Derived from Adidas master dataset
In-store,200000,80000.0,Derived from Adidas master dataset
In-store,200000,80000.0,Derived from Adidas master dataset
In-store,146250,58500.0,Derived from Adidas master dataset
In-store,90000,40500.0,Derived from Adidas master dataset
Online,373750,130812.5,Derived from Adidas master dataset
Online,495000,198000.0,Derived from Adidas master dataset
Online,490000,196000.0,Derived from Adidas master dataset
Online,595000,238000.0,Derived from Adidas master dataset
Online,488750,195500.0,Derived from Adidas master dataset
Online,427500,192375.0,Derived from Adidas master dataset
Online,825000,288750.0,Derived from Adidas master dataset
Online,810000,324000.0,Derived from Adidas master dataset
Online,712500,285000.0,Derived from Adidas master dataset
Online,665000,266000.0,Derived from Adidas master dataset
Online,540000,216000.0,Derived from Adidas master dataset
Online,617500,277875.0,Derived from Adidas master dataset
Online,715000,250250.0,Derived from Adidas master dataset
Online,807500,323000.0,Derived from Adidas master dataset
Online,701250,280500.0,Derived from Adidas master dataset
Online,525000,210000.0,Derived from Adidas master dataset
Online,356250,142500.0,Derived from Adidas master dataset
Online,308750,138937.5,Derived from Adidas master dataset
Online,210000,73500.0,Derived from Adidas master dataset
Online,225000,90000.0,Derived from Adidas master dataset
Online,250000,100000.0,Derived from Adidas master dataset
Online,135000,54000.0,Derived from Adidas master dataset
Online,112500,45000.0,Derived from Adidas master dataset
Online,151250,68062.5,Derived from Adidas master dataset
Online,120000,42000.0,Derived from Adidas master dataset
Online,140000,56000.0,Derived from Adidas master dataset
Online,287500,115000.0,Derived from Adidas master dataset
Online,180000,72000.0,Derived from Adidas master dataset
Online,150000,60000.0,Derived from Adidas master dataset
Online,175000,78750.0,Derived from Adidas master dataset
Online,220000,77000.0,Derived from Adidas master dataset
Online,250000,100000.0,Derived from Adidas master dataset
Online,315000,126000.0,Derived from Adidas master dataset
Online,210000,84000.0,Derived from Adidas master dataset
Online,250000,100000.0,Derived from Adidas master dataset
Online,332500,149625.0,Derived from Adidas master dataset
Online,510000,178500.0,Derived from Adidas master dataset
Online,560000,224000.0,Derived from Adidas master dataset
Online,640000,256000.0,Derived from Adidas master dataset
Online,450000,180000.0,Derived from Adidas master dataset
Online,450000,180000.0,Derived from Adidas master dataset
Online,446250,200812.5,Derived from Adidas master dataset
Online,562500,196875.0,Derived from Adidas master dataset
Online,135000,40500.0,Derived from Adidas master dataset
Online,202500,60750.0,Derived from Adidas master dataset
Online,142500,42750.0,Derived from Adidas master dataset
Online,166250,66500.0,Derived from Adidas master dataset
Online,130000,32500.0,Derived from Adidas master dataset
Online,166250,74812.5,Derived from Adidas master dataset
Online,156250,46875.0,Derived from Adidas master dataset
Online,210000,63000.0,Derived from Adidas master dataset
Online,148750,44625.0,Derived from Adidas master dataset
Online,131250,52500.0,Derived from Adidas master dataset
Online,100000,25000.0,Derived from Adidas master dataset
Online,157500,70875.0,Derived from Adidas master dataset
Online,187500,65625.0,Derived from Adidas master dataset
Online,250000,87500.0,Derived from Adidas master dataset
Online,135000,47250.0,Derived from Adidas master dataset
Online,122500,55125.0,Derived from Adidas master dataset
Online,100000,30000.0,Derived from Adidas master dataset
Online,140000,70000.0,Derived from Adidas master dataset
Online,130000,45500.0,Derived from Adidas master dataset
Online,195000,68250.0,Derived from Adidas master dataset
Online,118750,41562.5,Derived from Adidas master dataset
Online,112500,50625.0,Derived from Adidas master dataset
Online,96250,28875.0,Derived from Adidas master dataset
Online,165000,82500.0,Derived from Adidas master dataset
Online,140000,49000.0,Derived from Adidas master dataset
Online,217500,76125.0,Derived from Adidas master dataset
Online,143750,50312.5,Derived from Adidas master dataset
Online,175000,78750.0,Derived from Adidas master dataset
Online,200000,60000.0,Derived from Adidas master dataset
Online,337500,168750.0,Derived from Adidas master dataset
Online,337500,118125.0,Derived from Adidas master dataset
Online,375000,131250.0,Derived from Adidas master dataset
Online,300000,105000.0,Derived from Adidas master dataset
Online,275000,123750.0,Derived from Adidas master dataset
Online,247500,74250.0,Derived from Adidas master dataset
Online,495000,247500.0,Derived from Adidas master dataset
Online,387500,155000.0,Derived from Adidas master dataset
Online,426250,170500.0,Derived from Adidas master dataset
Online,462500,185000.0,Derived from Adidas master dataset
Online,262500,131250.0,Derived from Adidas master dataset
Online,288750,101062.5,Derived from Adidas master dataset
Online,520000,286000.0,Derived from Adidas master dataset
Online,375000,150000.0,Derived from Adidas master dataset
Online,412500,165000.0,Derived from Adidas master dataset
Online,462500,185000.0,Derived from Adidas master dataset
Online,237500,118750.0,Derived from Adidas master dataset
Online,261250,91437.5,Derived from Adidas master dataset
Online,435000,239250.0,Derived from Adidas master dataset
Online,371250,148500.0,Derived from Adidas master dataset
Online,343750,137500.0,Derived from Adidas master dataset
Online,405000,162000.0,Derived from Adidas master dataset
Online,240000,120000.0,Derived from Adidas master dataset
Online,220000,77000.0,Derived from Adidas master dataset
Online,312500,171875.0,Derived from Adidas master dataset
Online,230000,92000.0,Derived from Adidas master dataset
Online,230000,92000.0,Derived from Adidas master dataset
Online,236250,94500.0,Derived from Adidas master dataset
Online,168750,84375.0,Derived from Adidas master dataset
Online,122500,42875.0,Derived from Adidas master dataset
Online,236250,129937.5,Derived from Adidas master dataset
Online,236250,94500.0,Derived from Adidas master dataset
Online,236250,94500.0,Derived from Adidas master dataset
Online,360000,144000.0,Derived from Adidas master dataset
Online,270000,135000.0,Derived from Adidas master dataset
Online,233750,81812.5,Derived from Adidas master dataset
Online,406250,223437.5,Derived from Adidas master dataset
Online,426250,170500.0,Derived from Adidas master dataset
Online,426250,170500.0,Derived from Adidas master dataset
Online,405000,162000.0,Derived from Adidas master dataset
Online,315000,157500.0,Derived from Adidas master dataset
Online,261250,91437.5,Derived from Adidas master dataset
Online,471250,259187.5,Derived from Adidas master dataset
Online,127500,44625.0,Derived from Adidas master dataset
Online,170000,68000.0,Derived from Adidas master dataset
Online,170000,59500.0,Derived from Adidas master dataset
Online,110000,38500.0,Derived from Adidas master dataset
Online,101250,30375.0,Derived from Adidas master dataset
Online,170000,42500.0,Derived from Adidas master dataset
Online,142500,49875.0,Derived from Adidas master dataset
Online,150000,60000.0,Derived from Adidas master dataset
Online,150000,52500.0,Derived from Adidas master dataset
Online,90000,31500.0,Derived from Adidas master dataset
Online,67500,20250.0,Derived from Adidas master dataset
Online,140000,35000.0,Derived from Adidas master dataset
Online,200000,70000.0,Derived from Adidas master dataset
Online,175000,70000.0,Derived from Adidas master dataset
Online,175000,61250.0,Derived from Adidas master dataset
Online,112500,39375.0,Derived from Adidas master dataset
Online,68750,20625.0,Derived from Adidas master dataset
Online,162500,40625.0,Derived from Adidas master dataset
Online,250000,87500.0,Derived from Adidas master dataset
Online,165000,66000.0,Derived from Adidas master dataset
Online,192500,67375.0,Derived from Adidas master dataset
Online,125000,43750.0,Derived from Adidas master dataset
Online,82500,24750.0,Derived from Adidas master dataset
Online,227500,56875.0,Derived from Adidas master dataset
Online,262500,91875.0,Derived from Adidas master dataset
Online,206250,82500.0,Derived from Adidas master dataset
Online,220000,77000.0,Derived from Adidas master dataset
Online,150000,52500.0,Derived from Adidas master dataset
Online,110000,33000.0,Derived from Adidas master dataset
Online,262500,65625.0,Derived from Adidas master dataset
Online,312500,109375.0,Derived from Adidas master dataset
Online,261250,104500.0,Derived from Adidas master dataset
Online,261250,91437.5,Derived from Adidas master dataset
Online,175000,61250.0,Derived from Adidas master dataset
Online,123750,37125.0,Derived from Adidas master dataset
Online,367500,91875.0,Derived from Adidas master dataset
Online,337500,118125.0,Derived from Adidas master dataset
Online,288750,115500.0,Derived from Adidas master dataset
Online,261250,91437.5,Derived from Adidas master dataset
Online,187500,65625.0,Derived from Adidas master dataset
Online,233750,70125.0,Derived from Adidas master dataset
Online,297500,74375.0,Derived from Adidas master dataset
Online,343750,120312.5,Derived from Adidas master dataset
Online,345000,138000.0,Derived from Adidas master dataset
Online,247500,86625.0,Derived from Adidas master dataset
Online,220000,77000.0,Derived from Adidas master dataset
Online,260000,78000.0,Derived from Adidas master dataset
Online,262500,65625.0,Derived from Adidas master dataset
Online,258750,90562.5,Derived from Adidas master dataset
Online,287500,115000.0,Derived from Adidas master dataset
Online,191250,66937.5,Derived from Adidas master dataset
Online,168750,59062.5,Derived from Adidas master dataset
Online,206250,61875.0,Derived from Adidas master dataset
Online,255000,63750.0,Derived from Adidas master dataset
Online,225000,78750.0,Derived from Adidas master dataset
Online,250000,100000.0,Derived from Adidas master dataset
Online,146250,51187.5,Derived from Adidas master dataset
Online,135000,47250.0,Derived from Adidas master dataset
Online,151250,45375.0,Derived from Adidas master dataset
Online,195000,48750.0,Derived from Adidas master dataset
Online,225000,78750.0,Derived from Adidas master dataset
Online,262500,105000.0,Derived from Adidas master dataset
Online,168750,59062.5,Derived from Adidas master dataset
Online,157500,55125.0,Derived from Adidas master dataset
Online,165000,49500.0,Derived from Adidas master dataset
Online,255000,63750.0,Derived from Adidas master dataset
Online,281250,98437.5,Derived from Adidas master dataset
Online,312500,125000.0,Derived from Adidas master dataset
Online,191250,66937.5,Derived from Adidas master dataset
Online,191250,66937.5,Derived from Adidas master dataset
Online,192500,57750.0,Derived from Adidas master dataset
Online,270000,67500.0,Derived from Adidas master dataset
Online,166250,58187.5,Derived from Adidas master dataset
Online,213750,85500.0,Derived from Adidas master dataset
Online,213750,74812.5,Derived from Adidas master dataset
Online,146250,51187.5,Derived from Adidas master dataset
Online,137500,41250.0,Derived from Adidas master dataset
Online,213750,53437.5,Derived from Adidas master dataset
Online,183750,64312.5,Derived from Adidas master dataset
Online,191250,76500.0,Derived from Adidas master dataset
Online,191250,66937.5,Derived from Adidas master dataset
Online,123750,43312.5,Derived from Adidas master dataset
Online,100000,30000.0,Derived from Adidas master dataset
Online,180000,45000.0,Derived from Adidas master dataset
Online,247500,86625.0,Derived from Adidas master dataset
Online,220000,88000.0,Derived from Adidas master dataset
Online,220000,77000.0,Derived from Adidas master dataset
Online,151250,52937.5,Derived from Adidas master dataset
Online,105000,31500.0,Derived from Adidas master dataset
Online,206250,51562.5,Derived from Adidas master dataset
Online,302500,105875.0,Derived from Adidas master dataset
Online,210000,84000.0,Derived from Adidas master dataset
Online,240000,84000.0,Derived from Adidas master dataset
Online,165000,57750.0,Derived from Adidas master dataset
Online,120000,36000.0,Derived from Adidas master dataset
Online,281250,70312.5,Derived from Adidas master dataset
Online,316250,110687.5,Derived from Adidas master dataset
Online,255000,102000.0,Derived from Adidas master dataset
Online,270000,94500.0,Derived from Adidas master dataset
Online,192500,67375.0,Derived from Adidas master dataset
Online,150000,45000.0,Derived from Adidas master dataset
Online,318750,79687.5,Derived from Adidas master dataset
Online,385000,134750.0,Derived from Adidas master dataset
Online,330000,132000.0,Derived from Adidas master dataset
Online,330000,115500.0,Derived from Adidas master dataset
Online,233750,81812.5,Derived from Adidas master dataset
Online,180000,54000.0,Derived from Adidas master dataset
Online,450000,112500.0,Derived from Adidas master dataset
Online,412500,144375.0,Derived from Adidas master dataset
Online,360000,144000.0,Derived from Adidas master dataset
Online,330000,115500.0,Derived from Adidas master dataset
Online,247500,86625.0,Derived from Adidas master dataset
Online,300000,90000.0,Derived from Adidas master dataset
Online,375000,93750.0,Derived from Adidas master dataset
Online,420000,147000.0,Derived from Adidas master dataset
Online,422500,169000.0,Derived from Adidas master dataset
Online,315000,110250.0,Derived from Adidas master dataset
Online,285000,99750.0,Derived from Adidas master dataset
Online,332500,99750.0,Derived from Adidas master dataset
Online,337500,84375.0,Derived from Adidas master dataset
Online,312500,109375.0,Derived from Adidas master dataset
Online,343750,137500.0,Derived from Adidas master dataset
Online,237500,83125.0,Derived from Adidas master dataset
Online,212500,74375.0,Derived from Adidas master dataset
Online,255000,76500.0,Derived from Adidas master dataset
Online,308750,77187.5,Derived from Adidas master dataset
Online,275000,96250.0,Derived from Adidas master dataset
Online,302500,121000.0,Derived from Adidas master dataset
Online,187500,65625.0,Derived from Adidas master dataset
Online,175000,61250.0,Derived from Adidas master dataset
Online,195000,58500.0,Derived from Adidas master dataset
Online,281250,70312.5,Derived from Adidas master dataset
Online,330000,115500.0,Derived from Adidas master dataset
Online,390000,156000.0,Derived from Adidas master dataset
Online,270000,94500.0,Derived from Adidas master dataset
Online,255000,89250.0,Derived from Adidas master dataset
Online,262500,78750.0,Derived from Adidas master dataset
Online,375000,93750.0,Derived from Adidas master dataset
Online,420000,147000.0,Derived from Adidas master dataset
Online,455000,182000.0,Derived from Adidas master dataset
Online,300000,105000.0,Derived from Adidas master dataset
Online,300000,105000.0,Derived from Adidas master dataset
Online,297500,89250.0,Derived from Adidas master dataset
Online,393750,98437.5,Derived from Adidas master dataset
Online,135000,54000.0,Derived from Adidas master dataset
Online,180000,72000.0,Derived from Adidas master dataset
Online,180000,63000.0,Derived from Adidas master dataset
Online,120000,48000.0,Derived from Adidas master dataset
Online,112500,39375.0,Derived from Adidas master dataset
Online,180000,45000.0,Derived from Adidas master dataset
Online,150000,60000.0,Derived from Adidas master dataset
Online,160000,64000.0,Derived from Adidas master dataset
Online,160000,56000.0,Derived from Adidas master dataset
Online,100000,40000.0,Derived from Adidas master dataset
Online,78750,27562.5,Derived from Adidas master dataset
Online,150000,37500.0,Derived from Adidas master dataset
Online,210000,84000.0,Derived from Adidas master dataset
Online,187500,75000.0,Derived from Adidas master dataset
Online,187500,65625.0,Derived from Adidas master dataset
Online,125000,50000.0,Derived from Adidas master dataset
Online,82500,28875.0,Derived from Adidas master dataset
Online,175000,43750.0,Derived from Adidas master dataset
Online,262500,105000.0,Derived from Adidas master dataset
Online,178750,71500.0,Derived from Adidas master dataset
Online,206250,72187.5,Derived from Adidas master dataset
Online,137500,55000.0,Derived from Adidas master dataset
Online,96250,33687.5,Derived from Adidas master dataset
Online,245000,61250.0,Derived from Adidas master dataset
Online,275000,110000.0,Derived from Adidas master dataset
Online,220000,88000.0,Derived from Adidas master dataset
Online,233750,81812.5,Derived from Adidas master dataset
Online,162500,65000.0,Derived from Adidas master dataset
Online,123750,43312.5,Derived from Adidas master dataset
Online,280000,70000.0,Derived from Adidas master dataset
Online,337500,135000.0,Derived from Adidas master dataset
Online,288750,115500.0,Derived from Adidas master dataset
Online,288750,101062.5,Derived from Adidas master dataset
Online,200000,80000.0,Derived from Adidas master dataset
Online,151250,52937.5,Derived from Adidas master dataset
Online,402500,100625.0,Derived from Adidas master dataset
Online,362500,145000.0,Derived from Adidas master dataset
Online,316250,126500.0,Derived from Adidas master dataset
Online,288750,101062.5,Derived from Adidas master dataset
Online,212500,85000.0,Derived from Adidas master dataset
Online,261250,91437.5,Derived from Adidas master dataset
Online,332500,83125.0,Derived from Adidas master dataset
Online,371250,148500.0,Derived from Adidas master dataset
Online,375000,150000.0,Derived from Adidas master dataset
Online,275000,96250.0,Derived from Adidas master dataset
Online,247500,99000.0,Derived from Adidas master dataset
Online,292500,102375.0,Derived from Adidas master dataset
Online,297500,74375.0,Derived from Adidas master dataset
Online,270000,108000.0,Derived from Adidas master dataset
Online,300000,120000.0,Derived from Adidas master dataset
Online,202500,70875.0,Derived from Adidas master dataset
Online,180000,72000.0,Derived from Adidas master dataset
Online,220000,77000.0,Derived from Adidas master dataset
Online,270000,67500.0,Derived from Adidas master dataset
Online,236250,94500.0,Derived from Adidas master dataset
Online,262500,105000.0,Derived from Adidas master dataset
Online,157500,55125.0,Derived from Adidas master dataset
Online,146250,58500.0,Derived from Adidas master dataset
Online,165000,57750.0,Derived from Adidas master dataset
Online,245000,61250.0,Derived from Adidas master dataset
Online,288750,115500.0,Derived from Adidas master dataset
Online,345000,138000.0,Derived from Adidas master dataset
Online,233750,81812.5,Derived from Adidas master dataset
Online,220000,88000.0,Derived from Adidas master dataset
Online,227500,79625.0,Derived from Adidas master dataset
Online,332500,83125.0,Derived from Adidas master dataset
Online,371250,148500.0,Derived from Adidas master dataset
Online,405000,162000.0,Derived from Adidas master dataset
Online,261250,91437.5,Derived from Adidas master dataset
Online,261250,104500.0,Derived from Adidas master dataset
Online,260000,91000.0,Derived from Adidas master dataset
Online,350000,87500.0,Derived from Adidas master dataset
Online,410000,184500.0,Derived from Adidas master dataset
Online,330000,115500.0,Derived from Adidas master dataset
Online,247500,61875.0,Derived from Adidas master dataset
Online,236250,70875.0,Derived from Adidas master dataset
Online,362500,126875.0,Derived from Adidas master dataset
Online,330000,165000.0,Derived from Adidas master dataset
Online,430000,193500.0,Derived from Adidas master dataset
Online,290000,101500.0,Derived from Adidas master dataset
Online,232500,58125.0,Derived from Adidas master dataset
Online,218750,65625.0,Derived from Adidas master dataset
Online,350000,122500.0,Derived from Adidas master dataset
Online,280000,140000.0,Derived from Adidas master dataset
Online,357000,160650.0,Derived from Adidas master dataset
Online,245000,85750.0,Derived from Adidas master dataset
Online,181250,45312.5,Derived from Adidas master dataset
Online,172500,51750.0,Derived from Adidas master dataset
Online,281250,98437.5,Derived from Adidas master dataset
Online,253750,126875.0,Derived from Adidas master dataset
Online,341250,153562.5,Derived from Adidas master dataset
Online,236250,82687.5,Derived from Adidas master dataset
Online,168750,42187.5,Derived from Adidas master dataset
Online,180000,54000.0,Derived from Adidas master dataset
Online,312500,109375.0,Derived from Adidas master dataset
Online,310000,155000.0,Derived from Adidas master dataset
Online,522500,235125.0,Derived from Adidas master dataset
Online,375000,131250.0,Derived from Adidas master dataset
Online,326250,81562.5,Derived from Adidas master dataset
Online,303750,91125.0,Derived from Adidas master dataset
Online,385000,134750.0,Derived from Adidas master dataset
Online,480000,240000.0,Derived from Adidas master dataset
Online,577500,259875.0,Derived from Adidas master dataset
Online,400000,140000.0,Derived from Adidas master dataset
Online,387500,96875.0,Derived from Adidas master dataset
Online,375000,112500.0,Derived from Adidas master dataset
Online,487500,170625.0,Derived from Adidas master dataset
Online,647500,323750.0,Derived from Adidas master dataset
Online,747500,336375.0,Derived from Adidas master dataset
Online,540000,189000.0,Derived from Adidas master dataset
Online,453750,113437.5,Derived from Adidas master dataset
Online,426250,127875.0,Derived from Adidas master dataset
Online,520000,182000.0,Derived from Adidas master dataset
Online,682500,341250.0,Derived from Adidas master dataset
Online,731250,329062.5,Derived from Adidas master dataset
Online,540000,189000.0,Derived from Adidas master dataset
Online,453750,113437.5,Derived from Adidas master dataset
Online,348750,104625.0,Derived from Adidas master dataset
Online,412500,144375.0,Derived from Adidas master dataset
Online,555000,277500.0,Derived from Adidas master dataset
Online,563750,253687.5,Derived from Adidas master dataset
Online,412500,144375.0,Derived from Adidas master dataset
Online,290000,72500.0,Derived from Adidas master dataset
Online,280000,84000.0,Derived from Adidas master dataset
Online,350000,122500.0,Derived from Adidas master dataset
Online,440000,220000.0,Derived from Adidas master dataset
Online,536250,241312.5,Derived from Adidas master dataset
Online,360000,126000.0,Derived from Adidas master dataset
Online,303750,75937.5,Derived from Adidas master dataset
Online,292500,87750.0,Derived from Adidas master dataset
Online,357500,125125.0,Derived from Adidas master dataset
Online,465000,232500.0,Derived from Adidas master dataset
Online,508750,228937.5,Derived from Adidas master dataset
Online,337500,118125.0,Derived from Adidas master dataset
Online,312750,78187.5,Derived from Adidas master dataset
Online,412500,123750.0,Derived from Adidas master dataset
Online,507500,177625.0,Derived from Adidas master dataset
Online,618750,309375.0,Derived from Adidas master dataset
Online,752500,338625.0,Derived from Adidas master dataset
Online,525000,183750.0,Derived from Adidas master dataset
Online,495000,123750.0,Derived from Adidas master dataset
Online,465000,139500.0,Derived from Adidas master dataset
Online,542500,189875.0,Derived from Adidas master dataset
Online,656250,328125.0,Derived from Adidas master dataset
Online,323750,129500.0,Derived from Adidas master dataset
Online,253750,88812.5,Derived from Adidas master dataset
Online,181250,72500.0,Derived from Adidas master dataset
Online,172500,69000.0,Derived from Adidas master dataset
Online,281250,98437.5,Derived from Adidas master dataset
Online,253750,126875.0,Derived from Adidas master dataset
Online,341250,136500.0,Derived from Adidas master dataset
Online,218750,76562.5,Derived from Adidas master dataset
Online,168750,67500.0,Derived from Adidas master dataset
Online,157500,63000.0,Derived from Adidas master dataset
Online,270000,94500.0,Derived from Adidas master dataset
Online,210000,105000.0,Derived from Adidas master dataset
Online,276000,110400.0,Derived from Adidas master dataset
Online,180000,63000.0,Derived from Adidas master dataset
Online,125000,50000.0,Derived from Adidas master dataset
Online,118750,47500.0,Derived from Adidas master dataset
Online,210000,73500.0,Derived from Adidas master dataset
Online,187500,93750.0,Derived from Adidas master dataset
Online,262500,105000.0,Derived from Adidas master dataset
Online,172500,60375.0,Derived from Adidas master dataset
Online,115000,46000.0,Derived from Adidas master dataset
Online,125000,50000.0,Derived from Adidas master dataset
Online,236250,82687.5,Derived from Adidas master dataset
Online,236250,118125.0,Derived from Adidas master dataset
Online,425250,170100.0,Derived from Adidas master dataset
Online,292500,102375.0,Derived from Adidas master dataset
Online,250000,100000.0,Derived from Adidas master dataset
Online,230000,92000.0,Derived from Adidas master dataset
Online,300000,105000.0,Derived from Adidas master dataset
Online,385000,192500.0,Derived from Adidas master dataset
Online,475000,190000.0,Derived from Adidas master dataset
Online,315000,110250.0,Derived from Adidas master dataset
Online,337500,135000.0,Derived from Adidas master dataset
Online,325000,130000.0,Derived from Adidas master dataset
Online,422500,147875.0,Derived from Adidas master dataset
Online,577500,288750.0,Derived from Adidas master dataset
Online,682500,273000.0,Derived from Adidas master dataset
Online,480000,168000.0,Derived from Adidas master dataset
Online,398750,159500.0,Derived from Adidas master dataset
Online,371250,148500.0,Derived from Adidas master dataset
Online,455000,159250.0,Derived from Adidas master dataset
Online,612500,306250.0,Derived from Adidas master dataset
Online,666250,266500.0,Derived from Adidas master dataset
Online,480000,168000.0,Derived from Adidas master dataset
Online,398750,159500.0,Derived from Adidas master dataset
Online,303750,121500.0,Derived from Adidas master dataset
Online,357500,125125.0,Derived from Adidas master dataset
Online,495000,247500.0,Derived from Adidas master dataset
Online,508750,203500.0,Derived from Adidas master dataset
Online,362500,126875.0,Derived from Adidas master dataset
Online,187500,75000.0,Derived from Adidas master dataset
Online,180000,72000.0,Derived from Adidas master dataset
Online,240000,84000.0,Derived from Adidas master dataset
Online,315000,157500.0,Derived from Adidas master dataset
Online,393750,157500.0,Derived from Adidas master dataset
Online,245000,85750.0,Derived from Adidas master dataset
Online,201250,80500.0,Derived from Adidas master dataset
Online,192500,77000.0,Derived from Adidas master dataset
Online,247500,86625.0,Derived from Adidas master dataset
Online,337500,168750.0,Derived from Adidas master dataset
Online,371250,148500.0,Derived from Adidas master dataset
Online,227500,79625.0,Derived from Adidas master dataset
Online,238000,95200.0,Derived from Adidas master dataset
Online,390000,156000.0,Derived from Adidas master dataset
Online,468750,164062.5,Derived from Adidas master dataset
Online,543750,271875.0,Derived from Adidas master dataset
Online,682500,273000.0,Derived from Adidas master dataset
Online,465000,162750.0,Derived from Adidas master dataset
Online,435000,174000.0,Derived from Adidas master dataset
Online,405000,162000.0,Derived from Adidas master dataset
Online,472500,165375.0,Derived from Adidas master dataset
Online,581250,290625.0,Derived from Adidas master dataset
Online,271250,108500.0,Derived from Adidas master dataset
Online,201250,70437.5,Derived from Adidas master dataset
Online,143750,57500.0,Derived from Adidas master dataset
Online,127500,51000.0,Derived from Adidas master dataset
Online,213750,74812.5,Derived from Adidas master dataset
Online,201250,100625.0,Derived from Adidas master dataset
Online,288750,115500.0,Derived from Adidas master dataset
Online,166250,58187.5,Derived from Adidas master dataset
Online,131250,52500.0,Derived from Adidas master dataset
Online,112500,45000.0,Derived from Adidas master dataset
Online,202500,70875.0,Derived from Adidas master dataset
Online,165000,82500.0,Derived from Adidas master dataset
Online,231000,92400.0,Derived from Adidas master dataset
Online,135000,47250.0,Derived from Adidas master dataset
Online,95000,38000.0,Derived from Adidas master dataset
Online,81250,32500.0,Derived from Adidas master dataset
Online,150000,52500.0,Derived from Adidas master dataset
Online,142500,71250.0,Derived from Adidas master dataset
Online,217500,87000.0,Derived from Adidas master dataset
Online,127500,44625.0,Derived from Adidas master dataset
Online,85000,34000.0,Derived from Adidas master dataset
Online,87500,35000.0,Derived from Adidas master dataset
Online,168750,59062.5,Derived from Adidas master dataset
Online,183750,91875.0,Derived from Adidas master dataset
Online,357750,143100.0,Derived from Adidas master dataset
Online,225000,78750.0,Derived from Adidas master dataset
Online,190000,76000.0,Derived from Adidas master dataset
Online,170000,68000.0,Derived from Adidas master dataset
Online,225000,78750.0,Derived from Adidas master dataset
Online,302500,151250.0,Derived from Adidas master dataset
Online,400000,160000.0,Derived from Adidas master dataset
Online,247500,86625.0,Derived from Adidas master dataset
Online,262500,105000.0,Derived from Adidas master dataset
Online,250000,100000.0,Derived from Adidas master dataset
Online,325000,113750.0,Derived from Adidas master dataset
Online,472500,236250.0,Derived from Adidas master dataset
Online,585000,234000.0,Derived from Adidas master dataset
Online,390000,136500.0,Derived from Adidas master dataset
Online,316250,126500.0,Derived from Adidas master dataset
Online,288750,115500.0,Derived from Adidas master dataset
Online,357500,125125.0,Derived from Adidas master dataset
Online,507500,253750.0,Derived from Adidas master dataset
Online,568750,227500.0,Derived from Adidas master dataset
Online,390000,136500.0,Derived from Adidas master dataset
Online,316250,126500.0,Derived from Adidas master dataset
Online,236250,94500.0,Derived from Adidas master dataset
Online,275000,96250.0,Derived from Adidas master dataset
Online,405000,202500.0,Derived from Adidas master dataset
Online,426250,170500.0,Derived from Adidas master dataset
Online,287500,100625.0,Derived from Adidas master dataset
Online,118750,47500.0,Derived from Adidas master dataset
Online,112500,45000.0,Derived from Adidas master dataset
Online,157500,55125.0,Derived from Adidas master dataset
Online,220000,110000.0,Derived from Adidas master dataset
Online,290000,116000.0,Derived from Adidas master dataset
Online,165000,57750.0,Derived from Adidas master dataset
Online,127500,51000.0,Derived from Adidas master dataset
Online,120000,48000.0,Derived from Adidas master dataset
Online,160000,56000.0,Derived from Adidas master dataset
Online,210000,105000.0,Derived from Adidas master dataset
Online,236250,94500.0,Derived from Adidas master dataset
Online,125000,43750.0,Derived from Adidas master dataset
Online,155750,62300.0,Derived from Adidas master dataset
Online,325000,130000.0,Derived from Adidas master dataset
Online,380000,133000.0,Derived from Adidas master dataset
Online,460000,230000.0,Derived from Adidas master dataset
Online,618750,247500.0,Derived from Adidas master dataset
Online,406250,142187.5,Derived from Adidas master dataset
Online,373750,149500.0,Derived from Adidas master dataset
Online,341250,136500.0,Derived from Adidas master dataset
Online,393750,137812.5,Derived from Adidas master dataset
Online,500000,250000.0,Derived from Adidas master dataset
Online,200000,80000.0,Derived from Adidas master dataset
Online,120000,42000.0,Derived from Adidas master dataset
Online,90000,36000.0,Derived from Adidas master dataset
Online,52500,21000.0,Derived from Adidas master dataset
Online,100000,35000.0,Derived from Adidas master dataset
Online,120000,48000.0,Derived from Adidas master dataset
Online,220000,88000.0,Derived from Adidas master dataset
Online,80000,28000.0,Derived from Adidas master dataset
Online,75000,30000.0,Derived from Adidas master dataset
Online,43750,17500.0,Derived from Adidas master dataset
Online,100000,35000.0,Derived from Adidas master dataset
Online,120000,48000.0,Derived from Adidas master dataset
Online,234000,93600.0,Derived from Adidas master dataset
Online,101250,35437.5,Derived from Adidas master dataset
Online,87500,35000.0,Derived from Adidas master dataset
Online,40000,16000.0,Derived from Adidas master dataset
Online,82500,28875.0,Derived from Adidas master dataset
Online,112500,45000.0,Derived from Adidas master dataset
Online,213750,85500.0,Derived from Adidas master dataset
Online,78750,27562.5,Derived from Adidas master dataset
Online,70000,28000.0,Derived from Adidas master dataset
Online,45000,18000.0,Derived from Adidas master dataset
Online,62500,21875.0,Derived from Adidas master dataset
Online,100000,40000.0,Derived from Adidas master dataset
Online,260000,104000.0,Derived from Adidas master dataset
Online,101250,35437.5,Derived from Adidas master dataset
Online,80000,32000.0,Derived from Adidas master dataset
Online,50000,20000.0,Derived from Adidas master dataset
Online,75000,26250.0,Derived from Adidas master dataset
Online,151250,60500.0,Derived from Adidas master dataset
Online,210000,84000.0,Derived from Adidas master dataset
Online,96250,33687.5,Derived from Adidas master dataset
Online,67500,27000.0,Derived from Adidas master dataset
Online,60000,24000.0,Derived from Adidas master dataset
Online,100000,35000.0,Derived from Adidas master dataset
Online,206250,82500.0,Derived from Adidas master dataset
Online,300000,120000.0,Derived from Adidas master dataset
Online,157500,55125.0,Derived from Adidas master dataset
Online,110000,44000.0,Derived from Adidas master dataset
Online,90000,36000.0,Derived from Adidas master dataset
Online,125000,43750.0,Derived from Adidas master dataset
Online,233750,93500.0,Derived from Adidas master dataset
Online,287500,115000.0,Derived from Adidas master dataset
Online,157500,55125.0,Derived from Adidas master dataset
Online,110000,44000.0,Derived from Adidas master dataset
Online,100000,40000.0,Derived from Adidas master dataset
Online,112500,39375.0,Derived from Adidas master dataset
Online,220000,88000.0,Derived from Adidas master dataset
Online,262500,105000.0,Derived from Adidas master dataset
Online,146250,51187.5,Derived from Adidas master dataset
Online,78750,31500.0,Derived from Adidas master dataset
Online,70000,28000.0,Derived from Adidas master dataset
Online,90000,31500.0,Derived from Adidas master dataset
Online,137500,55000.0,Derived from Adidas master dataset
Online,247500,99000.0,Derived from Adidas master dataset
Online,123750,43312.5,Derived from Adidas master dataset
Online,78750,31500.0,Derived from Adidas master dataset
Online,67500,27000.0,Derived from Adidas master dataset
Online,82500,28875.0,Derived from Adidas master dataset
Online,151250,60500.0,Derived from Adidas master dataset
Online,212500,85000.0,Derived from Adidas master dataset
Online,110000,38500.0,Derived from Adidas master dataset
Online,99000,39600.0,Derived from Adidas master dataset
Online,110000,44000.0,Derived from Adidas master dataset
Online,113750,39812.5,Derived from Adidas master dataset
Online,192500,77000.0,Derived from Adidas master dataset
Online,341250,136500.0,Derived from Adidas master dataset
Online,178750,62562.5,Derived from Adidas master dataset
Online,151250,60500.0,Derived from Adidas master dataset
Online,112500,45000.0,Derived from Adidas master dataset
Online,135000,47250.0,Derived from Adidas master dataset
Online,211250,84500.0,Derived from Adidas master dataset
Online,217500,87000.0,Derived from Adidas master dataset
Online,157500,55125.0,Derived from Adidas master dataset
Online,105000,42000.0,Derived from Adidas master dataset
Online,93750,37500.0,Derived from Adidas master dataset
Online,170000,59500.0,Derived from Adidas master dataset
Online,157500,78750.0,Derived from Adidas master dataset
Online,232500,93000.0,Derived from Adidas master dataset
Online,127500,44625.0,Derived from Adidas master dataset
Online,95000,38000.0,Derived from Adidas master dataset
Online,81250,32500.0,Derived from Adidas master dataset
Online,160000,56000.0,Derived from Adidas master dataset
Online,125000,62500.0,Derived from Adidas master dataset
Online,180000,72000.0,Derived from Adidas master dataset
Online,100000,35000.0,Derived from Adidas master dataset
Online,63750,25500.0,Derived from Adidas master dataset
Online,55000,22000.0,Derived from Adidas master dataset
Online,113750,39812.5,Derived from Adidas master dataset
Online,106250,53125.0,Derived from Adidas master dataset
Online,168750,67500.0,Derived from Adidas master dataset
Online,93750,32812.5,Derived from Adidas master dataset
Online,56250,22500.0,Derived from Adidas master dataset
Online,60000,24000.0,Derived from Adidas master dataset
Online,130000,45500.0,Derived from Adidas master dataset
Online,142500,71250.0,Derived from Adidas master dataset
Online,298000,119200.0,Derived from Adidas master dataset
Online,180000,63000.0,Derived from Adidas master dataset
Online,148750,59500.0,Derived from Adidas master dataset
Online,131250,52500.0,Derived from Adidas master dataset
Online,180000,63000.0,Derived from Adidas master dataset
Online,250000,125000.0,Derived from Adidas master dataset
Online,337500,135000.0,Derived from Adidas master dataset
Online,200000,70000.0,Derived from Adidas master dataset
Online,213750,85500.0,Derived from Adidas master dataset
Online,202500,81000.0,Derived from Adidas master dataset
Online,270000,94500.0,Derived from Adidas master dataset
Online,406250,203125.0,Derived from Adidas master dataset
Online,510000,204000.0,Derived from Adidas master dataset
Online,330000,115500.0,Derived from Adidas master dataset
Online,262500,105000.0,Derived from Adidas master dataset
Online,237500,95000.0,Derived from Adidas master dataset
Online,300000,105000.0,Derived from Adidas master dataset
Online,438750,219375.0,Derived from Adidas master dataset
Online,495000,198000.0,Derived from Adidas master dataset
Online,330000,115500.0,Derived from Adidas master dataset
Online,262500,105000.0,Derived from Adidas master dataset
Online,190000,76000.0,Derived from Adidas master dataset
Online,225000,78750.0,Derived from Adidas master dataset
Online,343750,171875.0,Derived from Adidas master dataset
Online,362500,145000.0,Derived from Adidas master dataset
Online,236250,82687.5,Derived from Adidas master dataset
Online,85000,34000.0,Derived from Adidas master dataset
Online,80000,32000.0,Derived from Adidas master dataset
Online,120000,42000.0,Derived from Adidas master dataset
Online,175000,87500.0,Derived from Adidas master dataset
Online,236250,94500.0,Derived from Adidas master dataset
Online,125000,43750.0,Derived from Adidas master dataset
Online,93750,37500.0,Derived from Adidas master dataset
Online,87500,35000.0,Derived from Adidas master dataset
Online,122500,42875.0,Derived from Adidas master dataset
Online,166250,83125.0,Derived from Adidas master dataset
Online,187500,75000.0,Derived from Adidas master dataset
Online,90000,31500.0,Derived from Adidas master dataset
Online,118500,47400.0,Derived from Adidas master dataset
Online,270000,108000.0,Derived from Adidas master dataset
Online,318750,111562.5,Derived from Adidas master dataset
Online,393750,196875.0,Derived from Adidas master dataset
Online,542500,217000.0,Derived from Adidas master dataset
Online,345000,120750.0,Derived from Adidas master dataset
Online,315000,126000.0,Derived from Adidas master dataset
Online,285000,114000.0,Derived from Adidas master dataset
Online,332500,116375.0,Derived from Adidas master dataset
Online,431250,215625.0,Derived from Adidas master dataset
Online,162500,65000.0,Derived from Adidas master dataset
Online,112500,39375.0,Derived from Adidas master dataset
Online,67500,27000.0,Derived from Adidas master dataset
Online,60000,24000.0,Derived from Adidas master dataset
Online,122500,42875.0,Derived from Adidas master dataset
Online,112500,45000.0,Derived from Adidas master dataset
Online,175000,70000.0,Derived from Adidas master dataset
Online,87500,30625.0,Derived from Adidas master dataset
Online,60000,24000.0,Derived from Adidas master dataset
Online,50000,20000.0,Derived from Adidas master dataset
Online,113750,39812.5,Derived from Adidas master dataset
Online,85000,34000.0,Derived from Adidas master dataset
Online,129000,51600.0,Derived from Adidas master dataset
Online,65000,22750.0,Derived from Adidas master dataset
Online,35000,14000.0,Derived from Adidas master dataset
Online,40000,16000.0,Derived from Adidas master dataset
Online,87500,30625.0,Derived from Adidas master dataset
Online,87500,35000.0,Derived from Adidas master dataset
Online,150000,60000.0,Derived from Adidas master dataset
Online,75000,26250.0,Derived from Adidas master dataset
Online,45000,18000.0,Derived from Adidas master dataset
Online,45000,18000.0,Derived from Adidas master dataset
Online,100000,35000.0,Derived from Adidas master dataset
Online,120000,48000.0,Derived from Adidas master dataset
Online,268000,107200.0,Derived from Adidas master dataset
Online,150000,52500.0,Derived from Adidas master dataset
Online,122500,49000.0,Derived from Adidas master dataset
Online,105000,42000.0,Derived from Adidas master dataset
Online,146250,51187.5,Derived from Adidas master dataset
Online,191250,76500.0,Derived from Adidas master dataset
Online,270000,108000.0,Derived from Adidas master dataset
Online,148750,52062.5,Derived from Adidas master dataset
Online,160000,64000.0,Derived from Adidas master dataset
Online,150000,60000.0,Derived from Adidas master dataset
Online,206250,72187.5,Derived from Adidas master dataset
Online,330000,132000.0,Derived from Adidas master dataset
Online,426250,170500.0,Derived from Adidas master dataset
Online,262500,91875.0,Derived from Adidas master dataset
Online,202500,81000.0,Derived from Adidas master dataset
Online,180000,72000.0,Derived from Adidas master dataset
Online,255000,89250.0,Derived from Adidas master dataset
Online,390000,156000.0,Derived from Adidas master dataset
Online,450000,180000.0,Derived from Adidas master dataset
Online,288750,101062.5,Derived from Adidas master dataset
Online,225000,90000.0,Derived from Adidas master dataset
Online,160000,64000.0,Derived from Adidas master dataset
Online,187500,65625.0,Derived from Adidas master dataset
Online,302500,121000.0,Derived from Adidas master dataset
Online,325000,130000.0,Derived from Adidas master dataset
Online,180000,63000.0,Derived from Adidas master dataset
Online,52500,21000.0,Derived from Adidas master dataset
Online,48750,19500.0,Derived from Adidas master dataset
Online,81250,28437.5,Derived from Adidas master dataset
Online,127500,51000.0,Derived from Adidas master dataset
Online,180000,72000.0,Derived from Adidas master dataset
Online,85000,29750.0,Derived from Adidas master dataset
Online,60000,24000.0,Derived from Adidas master dataset
Online,55000,22000.0,Derived from Adidas master dataset
Online,82500,28875.0,Derived from Adidas master dataset
Online,120000,48000.0,Derived from Adidas master dataset
Online,137500,55000.0,Derived from Adidas master dataset
Online,56250,19687.5,Derived from Adidas master dataset
Online,80000,32000.0,Derived from Adidas master dataset
Online,206250,82500.0,Derived from Adidas master dataset
Online,262500,91875.0,Derived from Adidas master dataset
Online,337500,135000.0,Derived from Adidas master dataset
Online,490000,196000.0,Derived from Adidas master dataset
Online,300000,105000.0,Derived from Adidas master dataset
Online,270000,108000.0,Derived from Adidas master dataset
Online,240000,96000.0,Derived from Adidas master dataset
Online,280000,98000.0,Derived from Adidas master dataset
Online,375000,150000.0,Derived from Adidas master dataset
Online,143750,57500.0,Derived from Adidas master dataset
Online,93750,32812.5,Derived from Adidas master dataset
Online,56250,22500.0,Derived from Adidas master dataset
Online,45000,18000.0,Derived from Adidas master dataset
Online,96250,33687.5,Derived from Adidas master dataset
Online,93750,37500.0,Derived from Adidas master dataset
Online,156250,62500.0,Derived from Adidas master dataset
Online,68750,24062.5,Derived from Adidas master dataset
Online,48750,19500.0,Derived from Adidas master dataset
Online,35000,14000.0,Derived from Adidas master dataset
Online,87500,30625.0,Derived from Adidas master dataset
Online,70000,28000.0,Derived from Adidas master dataset
Online,114000,45600.0,Derived from Adidas master dataset
Online,50000,17500.0,Derived from Adidas master dataset
Online,27500,11000.0,Derived from Adidas master dataset
Online,25000,10000.0,Derived from Adidas master dataset
Online,61250,21437.5,Derived from Adidas master dataset
Online,68750,27500.0,Derived from Adidas master dataset
Online,131250,52500.0,Derived from Adidas master dataset
Online,56250,19687.5,Derived from Adidas master dataset
Online,33750,13500.0,Derived from Adidas master dataset
Online,30000,12000.0,Derived from Adidas master dataset
Online,70000,24500.0,Derived from Adidas master dataset
Online,97500,39000.0,Derived from Adidas master dataset
Online,238000,95200.0,Derived from Adidas master dataset
Online,120000,42000.0,Derived from Adidas master dataset
Online,96250,38500.0,Derived from Adidas master dataset
Online,78750,31500.0,Derived from Adidas master dataset
Online,112500,39375.0,Derived from Adidas master dataset
Online,157500,63000.0,Derived from Adidas master dataset
Online,240000,96000.0,Derived from Adidas master dataset
Online,122500,42875.0,Derived from Adidas master dataset
Online,130000,52000.0,Derived from Adidas master dataset
Online,120000,48000.0,Derived from Adidas master dataset
Online,165000,57750.0,Derived from Adidas master dataset
Online,285000,114000.0,Derived from Adidas master dataset
Online,385000,154000.0,Derived from Adidas master dataset
Online,225000,78750.0,Derived from Adidas master dataset
Online,168750,67500.0,Derived from Adidas master dataset
Online,146250,58500.0,Derived from Adidas master dataset
Online,210000,73500.0,Derived from Adidas master dataset
Online,341250,136500.0,Derived from Adidas master dataset
Online,405000,162000.0,Derived from Adidas master dataset
Online,247500,86625.0,Derived from Adidas master dataset
Online,187500,75000.0,Derived from Adidas master dataset
Online,130000,52000.0,Derived from Adidas master dataset
Online,150000,52500.0,Derived from Adidas master dataset
Online,261250,104500.0,Derived from Adidas master dataset
Online,287500,115000.0,Derived from Adidas master dataset
Online,150000,52500.0,Derived from Adidas master dataset
Online,41250,16500.0,Derived from Adidas master dataset
Online,37500,15000.0,Derived from Adidas master dataset
Online,62500,21875.0,Derived from Adidas master dataset
Online,105000,42000.0,Derived from Adidas master dataset
Online,157500,63000.0,Derived from Adidas master dataset
Online,70000,24500.0,Derived from Adidas master dataset
Online,45000,18000.0,Derived from Adidas master dataset
Online,40000,16000.0,Derived from Adidas master dataset
Online,60000,21000.0,Derived from Adidas master dataset
Online,97500,39000.0,Derived from Adidas master dataset
Online,118750,47500.0,Derived from Adidas master dataset
Online,45000,15750.0,Derived from Adidas master dataset
Online,61250,24500.0,Derived from Adidas master dataset
Online,165000,66000.0,Derived from Adidas master dataset
Online,206250,72187.5,Derived from Adidas master dataset
Online,281250,112500.0,Derived from Adidas master dataset
Online,437500,175000.0,Derived from Adidas master dataset
Online,255000,89250.0,Derived from Adidas master dataset
Online,225000,90000.0,Derived from Adidas master dataset
Online,195000,78000.0,Derived from Adidas master dataset
Online,227500,79625.0,Derived from Adidas master dataset
Online,318750,127500.0,Derived from Adidas master dataset
Online,137500,48125.0,Derived from Adidas master dataset
Online,87500,30625.0,Derived from Adidas master dataset
Online,52500,18375.0,Derived from Adidas master dataset
Online,40000,14000.0,Derived from Adidas master dataset
Online,87500,30625.0,Derived from Adidas master dataset
Online,87500,30625.0,Derived from Adidas master dataset
Online,150000,52500.0,Derived from Adidas master dataset
Online,62500,21875.0,Derived from Adidas master dataset
Online,45000,15750.0,Derived from Adidas master dataset
Online,30000,10500.0,Derived from Adidas master dataset
Online,78750,27562.5,Derived from Adidas master dataset
Online,65000,22750.0,Derived from Adidas master dataset
Online,109000,38150.0,Derived from Adidas master dataset
Online,45000,15750.0,Derived from Adidas master dataset
Online,25000,8750.0,Derived from Adidas master dataset
Online,20000,7000.0,Derived from Adidas master dataset
Online,52500,18375.0,Derived from Adidas master dataset
Online,62500,21875.0,Derived from Adidas master dataset
Online,125000,43750.0,Derived from Adidas master dataset
Online,50000,17500.0,Derived from Adidas master dataset
Online,30000,10500.0,Derived from Adidas master dataset
Online,25000,8750.0,Derived from Adidas master dataset
Online,60000,21000.0,Derived from Adidas master dataset
Online,90000,31500.0,Derived from Adidas master dataset
Online,228000,79800.0,Derived from Adidas master dataset
Online,110000,38500.0,Derived from Adidas master dataset
Online,87500,30625.0,Derived from Adidas master dataset
Online,70000,24500.0,Derived from Adidas master dataset
Online,101250,35437.5,Derived from Adidas master dataset
Online,146250,51187.5,Derived from Adidas master dataset
Online,230000,80500.0,Derived from Adidas master dataset
Online,113750,39812.5,Derived from Adidas master dataset
Online,120000,42000.0,Derived from Adidas master dataset
Online,110000,38500.0,Derived from Adidas master dataset
Online,151250,52937.5,Derived from Adidas master dataset
Online,270000,94500.0,Derived from Adidas master dataset
Online,371250,129937.5,Derived from Adidas master dataset
Online,212500,74375.0,Derived from Adidas master dataset
Online,157500,55125.0,Derived from Adidas master dataset
Online,135000,47250.0,Derived from Adidas master dataset
Online,195000,68250.0,Derived from Adidas master dataset
Online,325000,113750.0,Derived from Adidas master dataset
Online,390000,136500.0,Derived from Adidas master dataset
Online,233750,81812.5,Derived from Adidas master dataset
Online,175000,61250.0,Derived from Adidas master dataset
Online,120000,42000.0,Derived from Adidas master dataset
Online,137500,48125.0,Derived from Adidas master dataset
Online,247500,86625.0,Derived from Adidas master dataset
Online,275000,96250.0,Derived from Adidas master dataset
Online,140000,49000.0,Derived from Adidas master dataset
Online,37500,13125.0,Derived from Adidas master dataset
Online,33750,11812.5,Derived from Adidas master dataset
Online,56250,19687.5,Derived from Adidas master dataset
Online,97500,34125.0,Derived from Adidas master dataset
Online,150000,52500.0,Derived from Adidas master dataset
Online,65000,22750.0,Derived from Adidas master dataset
Online,40000,14000.0,Derived from Adidas master dataset
Online,35000,12250.0,Derived from Adidas master dataset
Online,52500,18375.0,Derived from Adidas master dataset
Online,90000,31500.0,Derived from Adidas master dataset
Online,112500,39375.0,Derived from Adidas master dataset
Online,41250,14437.5,Derived from Adidas master dataset
Online,55000,19250.0,Derived from Adidas master dataset
Online,151250,52937.5,Derived from Adidas master dataset
Online,187500,65625.0,Derived from Adidas master dataset
Online,262500,91875.0,Derived from Adidas master dataset
Online,420000,147000.0,Derived from Adidas master dataset
Online,240000,84000.0,Derived from Adidas master dataset
Online,210000,73500.0,Derived from Adidas master dataset
Online,180000,63000.0,Derived from Adidas master dataset
Online,210000,73500.0,Derived from Adidas master dataset
Online,300000,105000.0,Derived from Adidas master dataset
Online,190000,66500.0,Derived from Adidas master dataset
Online,110000,33000.0,Derived from Adidas master dataset
Online,82500,24750.0,Derived from Adidas master dataset
Online,43750,13125.0,Derived from Adidas master dataset
Online,87500,30625.0,Derived from Adidas master dataset
Online,110000,44000.0,Derived from Adidas master dataset
Online,210000,73500.0,Derived from Adidas master dataset
Online,70000,21000.0,Derived from Adidas master dataset
Online,67500,20250.0,Derived from Adidas master dataset
Online,35000,10500.0,Derived from Adidas master dataset
Online,87500,30625.0,Derived from Adidas master dataset
Online,96250,38500.0,Derived from Adidas master dataset
Online,198000,69300.0,Derived from Adidas master dataset
Online,80000,24000.0,Derived from Adidas master dataset
Online,67500,20250.0,Derived from Adidas master dataset
Online,26250,7875.0,Derived from Adidas master dataset
Online,62500,21875.0,Derived from Adidas master dataset
Online,90000,36000.0,Derived from Adidas master dataset
Online,180000,63000.0,Derived from Adidas master dataset
Online,60000,18000.0,Derived from Adidas master dataset
Online,45000,13500.0,Derived from Adidas master dataset
Online,26250,7875.0,Derived from Adidas master dataset
Online,60000,21000.0,Derived from Adidas master dataset
Online,112500,45000.0,Derived from Adidas master dataset
Online,297000,103950.0,Derived from Adidas master dataset
Online,100000,30000.0,Derived from Adidas master dataset
Online,78750,23625.0,Derived from Adidas master dataset
Online,45000,13500.0,Derived from Adidas master dataset
Online,68750,24062.5,Derived from Adidas master dataset
Online,150000,60000.0,Derived from Adidas master dataset
Online,225000,78750.0,Derived from Adidas master dataset
Online,100000,30000.0,Derived from Adidas master dataset
Online,70000,21000.0,Derived from Adidas master dataset
Online,61250,18375.0,Derived from Adidas master dataset
Online,78750,27562.5,Derived from Adidas master dataset
Online,178750,71500.0,Derived from Adidas master dataset
Online,275000,96250.0,Derived from Adidas master dataset
Online,135000,40500.0,Derived from Adidas master dataset
Online,90000,27000.0,Derived from Adidas master dataset
Online,70000,21000.0,Derived from Adidas master dataset
Online,100000,35000.0,Derived from Adidas master dataset
Online,206250,82500.0,Derived from Adidas master dataset
Online,262500,91875.0,Derived from Adidas master dataset
Online,135000,40500.0,Derived from Adidas master dataset
Online,90000,27000.0,Derived from Adidas master dataset
Online,80000,24000.0,Derived from Adidas master dataset
Online,87500,30625.0,Derived from Adidas master dataset
Online,192500,77000.0,Derived from Adidas master dataset
Online,213750,74812.5,Derived from Adidas master dataset
Online,110000,33000.0,Derived from Adidas master dataset
Online,61250,18375.0,Derived from Adidas master dataset
Online,52500,15750.0,Derived from Adidas master dataset
Online,67500,23625.0,Derived from Adidas master dataset
Online,112500,45000.0,Derived from Adidas master dataset
Online,220000,77000.0,Derived from Adidas master dataset
Online,112500,33750.0,Derived from Adidas master dataset
Online,67500,20250.0,Derived from Adidas master dataset
Online,56250,16875.0,Derived from Adidas master dataset
Online,68750,24062.5,Derived from Adidas master dataset
Online,150000,60000.0,Derived from Adidas master dataset
Online,220000,77000.0,Derived from Adidas master dataset
Online,112500,33750.0,Derived from Adidas master dataset
Online,87750,26325.0,Derived from Adidas master dataset
Online,78750,23625.0,Derived from Adidas master dataset
Online,90000,31500.0,Derived from Adidas master dataset
Online,162500,65000.0,Derived from Adidas master dataset
Online,300000,105000.0,Derived from Adidas master dataset
Online,150000,45000.0,Derived from Adidas master dataset
Online,125000,37500.0,Derived from Adidas master dataset
Online,100000,30000.0,Derived from Adidas master dataset
Online,120000,42000.0,Derived from Adidas master dataset
Online,195000,78000.0,Derived from Adidas master dataset
Online,166250,58187.5,Derived from Adidas master dataset
Online,96250,28875.0,Derived from Adidas master dataset
Online,68750,20625.0,Derived from Adidas master dataset
Online,37500,11250.0,Derived from Adidas master dataset
Online,78750,27562.5,Derived from Adidas master dataset
Online,96250,38500.0,Derived from Adidas master dataset
Online,183750,64312.5,Derived from Adidas master dataset
Online,61250,18375.0,Derived from Adidas master dataset
Online,56250,16875.0,Derived from Adidas master dataset
Online,30000,9000.0,Derived from Adidas master dataset
Online,78750,27562.5,Derived from Adidas master dataset
Online,68750,27500.0,Derived from Adidas master dataset
Online,148500,51975.0,Derived from Adidas master dataset
Online,60000,18000.0,Derived from Adidas master dataset
Online,45000,13500.0,Derived from Adidas master dataset
Online,18750,5625.0,Derived from Adidas master dataset
Online,50000,17500.0,Derived from Adidas master dataset
Online,67500,27000.0,Derived from Adidas master dataset
Online,135000,47250.0,Derived from Adidas master dataset
Online,45000,13500.0,Derived from Adidas master dataset
Online,30000,9000.0,Derived from Adidas master dataset
Online,18750,5625.0,Derived from Adidas master dataset
In-store,60000,21000.0,Derived from Adidas master dataset
In-store,112500,45000.0,Derived from Adidas master dataset
In-store,297000,103950.0,Derived from Adidas master dataset
In-store,90000,27000.0,Derived from Adidas master dataset
In-store,70000,21000.0,Derived from Adidas master dataset
In-store,40000,12000.0,Derived from Adidas master dataset
In-store,62500,21875.0,Derived from Adidas master dataset
In-store,137500,55000.0,Derived from Adidas master dataset
In-store,200000,70000.0,Derived from Adidas master dataset
In-store,87500,26250.0,Derived from Adidas master dataset
In-store,60000,18000.0,Derived from Adidas master dataset
In-store,52500,15750.0,Derived from Adidas master dataset
In-store,70000,24500.0,Derived from Adidas master dataset
In-store,178750,71500.0,Derived from Adidas master dataset
In-store,275000,96250.0,Derived from Adidas master dataset
In-store,135000,40500.0,Derived from Adidas master dataset
In-store,90000,27000.0,Derived from Adidas master dataset
In-store,70000,21000.0,Derived from Adidas master dataset
In-store,100000,35000.0,Derived from Adidas master dataset
In-store,206250,82500.0,Derived from Adidas master dataset
In-store,262500,91875.0,Derived from Adidas master dataset
In-store,135000,40500.0,Derived from Adidas master dataset
In-store,90000,27000.0,Derived from Adidas master dataset
In-store,80000,24000.0,Derived from Adidas master dataset
In-store,87500,30625.0,Derived from Adidas master dataset
In-store,192500,77000.0,Derived from Adidas master dataset
In-store,190000,66500.0,Derived from Adidas master dataset
In-store,96250,28875.0,Derived from Adidas master dataset
In-store,52500,15750.0,Derived from Adidas master dataset
In-store,45000,13500.0,Derived from Adidas master dataset
In-store,60000,21000.0,Derived from Adidas master dataset
In-store,101250,40500.0,Derived from Adidas master dataset
In-store,200000,70000.0,Derived from Adidas master dataset
In-store,100000,30000.0,Derived from Adidas master dataset
In-store,60000,18000.0,Derived from Adidas master dataset
In-store,50000,15000.0,Derived from Adidas master dataset
In-store,62500,21875.0,Derived from Adidas master dataset
In-store,137500,55000.0,Derived from Adidas master dataset
In-store,200000,70000.0,Derived from Adidas master dataset
In-store,100000,30000.0,Derived from Adidas master dataset
In-store,78000,23400.0,Derived from Adidas master dataset
In-store,70000,21000.0,Derived from Adidas master dataset
In-store,90000,31500.0,Derived from Adidas master dataset
In-store,162500,65000.0,Derived from Adidas master dataset
In-store,300000,105000.0,Derived from Adidas master dataset
In-store,150000,45000.0,Derived from Adidas master dataset
In-store,125000,37500.0,Derived from Adidas master dataset
In-store,100000,30000.0,Derived from Adidas master dataset
In-store,120000,42000.0,Derived from Adidas master dataset
In-store,195000,78000.0,Derived from Adidas master dataset
In-store,135000,40500.0,Derived from Adidas master dataset
In-store,75000,26250.0,Derived from Adidas master dataset
In-store,50000,15000.0,Derived from Adidas master dataset
In-store,25000,7500.0,Derived from Adidas master dataset
In-store,60000,30000.0,Derived from Adidas master dataset
In-store,75000,30000.0,Derived from Adidas master dataset
In-store,150000,45000.0,Derived from Adidas master dataset
In-store,45000,15750.0,Derived from Adidas master dataset
In-store,40000,12000.0,Derived from Adidas master dataset
In-store,18750,5625.0,Derived from Adidas master dataset
In-store,60000,30000.0,Derived from Adidas master dataset
In-store,37500,15000.0,Derived from Adidas master dataset
In-store,94000,28200.0,Derived from Adidas master dataset
In-store,35000,12250.0,Derived from Adidas master dataset
In-store,22500,6750.0,Derived from Adidas master dataset
In-store,15000,4500.0,Derived from Adidas master dataset
In-store,45000,22500.0,Derived from Adidas master dataset
In-store,50000,20000.0,Derived from Adidas master dataset
In-store,95000,28500.0,Derived from Adidas master dataset
In-store,35000,12250.0,Derived from Adidas master dataset
In-store,17500,5250.0,Derived from Adidas master dataset
In-store,15000,4500.0,Derived from Adidas master dataset
In-store,75000,37500.0,Derived from Adidas master dataset
In-store,125000,50000.0,Derived from Adidas master dataset
In-store,312000,93600.0,Derived from Adidas master dataset
In-store,90000,31500.0,Derived from Adidas master dataset
In-store,70000,21000.0,Derived from Adidas master dataset
In-store,43750,13125.0,Derived from Adidas master dataset
In-store,67500,33750.0,Derived from Adidas master dataset
In-store,137500,55000.0,Derived from Adidas master dataset
In-store,183750,55125.0,Derived from Adidas master dataset
In-store,82500,28875.0,Derived from Adidas master dataset
In-store,50000,15000.0,Derived from Adidas master dataset
In-store,43750,13125.0,Derived from Adidas master dataset
In-store,61250,30625.0,Derived from Adidas master dataset
In-store,178750,71500.0,Derived from Adidas master dataset
In-store,275000,82500.0,Derived from Adidas master dataset
In-store,135000,47250.0,Derived from Adidas master dataset
In-store,90000,27000.0,Derived from Adidas master dataset
In-store,70000,21000.0,Derived from Adidas master dataset
In-store,100000,50000.0,Derived from Adidas master dataset
In-store,206250,82500.0,Derived from Adidas master dataset
In-store,262500,78750.0,Derived from Adidas master dataset
In-store,135000,47250.0,Derived from Adidas master dataset
In-store,90000,27000.0,Derived from Adidas master dataset
In-store,80000,24000.0,Derived from Adidas master dataset
In-store,87500,43750.0,Derived from Adidas master dataset
In-store,192500,77000.0,Derived from Adidas master dataset
In-store,166250,49875.0,Derived from Adidas master dataset
In-store,82500,28875.0,Derived from Adidas master dataset
In-store,43750,13125.0,Derived from Adidas master dataset
In-store,37500,11250.0,Derived from Adidas master dataset
In-store,52500,26250.0,Derived from Adidas master dataset
In-store,90000,36000.0,Derived from Adidas master dataset
In-store,180000,54000.0,Derived from Adidas master dataset
In-store,87500,30625.0,Derived from Adidas master dataset
In-store,52500,15750.0,Derived from Adidas master dataset
In-store,43750,13125.0,Derived from Adidas master dataset
In-store,56250,28125.0,Derived from Adidas master dataset
In-store,125000,50000.0,Derived from Adidas master dataset
In-store,180000,54000.0,Derived from Adidas master dataset
In-store,96250,33687.5,Derived from Adidas master dataset
In-store,77000,23100.0,Derived from Adidas master dataset
In-store,70000,21000.0,Derived from Adidas master dataset
In-store,105000,52500.0,Derived from Adidas master dataset
In-store,178750,71500.0,Derived from Adidas master dataset
In-store,315000,94500.0,Derived from Adidas master dataset
In-store,162500,56875.0,Derived from Adidas master dataset
In-store,137500,41250.0,Derived from Adidas master dataset
In-store,112500,33750.0,Derived from Adidas master dataset
In-store,135000,67500.0,Derived from Adidas master dataset
In-store,211250,84500.0,Derived from Adidas master dataset
In-store,135000,40500.0,Derived from Adidas master dataset
In-store,75000,26250.0,Derived from Adidas master dataset
In-store,50000,15000.0,Derived from Adidas master dataset
In-store,25000,7500.0,Derived from Adidas master dataset
In-store,60000,30000.0,Derived from Adidas master dataset
In-store,75000,30000.0,Derived from Adidas master dataset
In-store,150000,45000.0,Derived from Adidas master dataset
In-store,45000,15750.0,Derived from Adidas master dataset
In-store,40000,12000.0,Derived from Adidas master dataset
In-store,18750,5625.0,Derived from Adidas master dataset
In-store,60000,30000.0,Derived from Adidas master dataset
In-store,37500,15000.0,Derived from Adidas master dataset
In-store,94000,28200.0,Derived from Adidas master dataset
In-store,35000,12250.0,Derived from Adidas master dataset
In-store,22500,6750.0,Derived from Adidas master dataset
In-store,11250,3375.0,Derived from Adidas master dataset
In-store,37500,18750.0,Derived from Adidas master dataset
In-store,45000,18000.0,Derived from Adidas master dataset
In-store,90000,27000.0,Derived from Adidas master dataset
In-store,30000,10500.0,Derived from Adidas master dataset
In-store,15000,4500.0,Derived from Adidas master dataset
In-store,11250,3375.0,Derived from Adidas master dataset
In-store,60000,30000.0,Derived from Adidas master dataset
In-store,112500,45000.0,Derived from Adidas master dataset
In-store,297000,89100.0,Derived from Adidas master dataset
In-store,80000,28000.0,Derived from Adidas master dataset
In-store,61250,18375.0,Derived from Adidas master dataset
In-store,52500,15750.0,Derived from Adidas master dataset
In-store,78750,39375.0,Derived from Adidas master dataset
In-store,150000,60000.0,Derived from Adidas master dataset
In-store,192500,57750.0,Derived from Adidas master dataset
In-store,90000,31500.0,Derived from Adidas master dataset
In-store,50000,15000.0,Derived from Adidas master dataset
In-store,43750,13125.0,Derived from Adidas master dataset
In-store,61250,30625.0,Derived from Adidas master dataset
In-store,178750,71500.0,Derived from Adidas master dataset
In-store,275000,82500.0,Derived from Adidas master dataset
In-store,135000,47250.0,Derived from Adidas master dataset
In-store,90000,27000.0,Derived from Adidas master dataset
In-store,70000,21000.0,Derived from Adidas master dataset
In-store,100000,50000.0,Derived from Adidas master dataset
In-store,206250,82500.0,Derived from Adidas master dataset
In-store,262500,78750.0,Derived from Adidas master dataset
In-store,135000,47250.0,Derived from Adidas master dataset
In-store,90000,27000.0,Derived from Adidas master dataset
In-store,80000,24000.0,Derived from Adidas master dataset
In-store,87500,43750.0,Derived from Adidas master dataset
In-store,192500,77000.0,Derived from Adidas master dataset
In-store,166250,49875.0,Derived from Adidas master dataset
In-store,75000,26250.0,Derived from Adidas master dataset
In-store,37500,11250.0,Derived from Adidas master dataset
In-store,31250,9375.0,Derived from Adidas master dataset
In-store,43750,21875.0,Derived from Adidas master dataset
In-store,80000,32000.0,Derived from Adidas master dataset
In-store,168750,50625.0,Derived from Adidas master dataset
In-store,78750,27562.5,Derived from Adidas master dataset
In-store,43750,13125.0,Derived from Adidas master dataset
In-store,43750,13125.0,Derived from Adidas master dataset
In-store,56250,28125.0,Derived from Adidas master dataset
In-store,125000,50000.0,Derived from Adidas master dataset
In-store,180000,54000.0,Derived from Adidas master dataset
In-store,105000,36750.0,Derived from Adidas master dataset
In-store,85750,25725.0,Derived from Adidas master dataset
In-store,78750,23625.0,Derived from Adidas master dataset
In-store,120000,60000.0,Derived from Adidas master dataset
In-store,195000,78000.0,Derived from Adidas master dataset
In-store,330000,99000.0,Derived from Adidas master dataset
In-store,175000,61250.0,Derived from Adidas master dataset
In-store,150000,45000.0,Derived from Adidas master dataset
In-store,125000,37500.0,Derived from Adidas master dataset
In-store,150000,75000.0,Derived from Adidas master dataset
In-store,227500,91000.0,Derived from Adidas master dataset
In-store,175000,70000.0,Derived from Adidas master dataset
In-store,105000,42000.0,Derived from Adidas master dataset
In-store,75000,26250.0,Derived from Adidas master dataset
In-store,45000,15750.0,Derived from Adidas master dataset
In-store,90000,27000.0,Derived from Adidas master dataset
In-store,105000,42000.0,Derived from Adidas master dataset
In-store,192500,77000.0,Derived from Adidas master dataset
In-store,70000,28000.0,Derived from Adidas master dataset
In-store,62500,21875.0,Derived from Adidas master dataset
In-store,37500,13125.0,Derived from Adidas master dataset
In-store,90000,27000.0,Derived from Adidas master dataset
In-store,60000,24000.0,Derived from Adidas master dataset
In-store,130000,52000.0,Derived from Adidas master dataset
In-store,56250,22500.0,Derived from Adidas master dataset
In-store,41250,14437.5,Derived from Adidas master dataset
In-store,25000,8750.0,Derived from Adidas master dataset
In-store,61250,18375.0,Derived from Adidas master dataset
In-store,68750,27500.0,Derived from Adidas master dataset
In-store,125000,50000.0,Derived from Adidas master dataset
In-store,50000,20000.0,Derived from Adidas master dataset
In-store,30000,10500.0,Derived from Adidas master dataset
In-store,25000,8750.0,Derived from Adidas master dataset
In-store,97500,29250.0,Derived from Adidas master dataset
In-store,137500,55000.0,Derived from Adidas master dataset
In-store,327000,130800.0,Derived from Adidas master dataset
In-store,100000,40000.0,Derived from Adidas master dataset
In-store,78750,27562.5,Derived from Adidas master dataset
In-store,61250,21437.5,Derived from Adidas master dataset
In-store,90000,27000.0,Derived from Adidas master dataset
In-store,178750,71500.0,Derived from Adidas master dataset
In-store,230000,92000.0,Derived from Adidas master dataset
In-store,113750,45500.0,Derived from Adidas master dataset
In-store,60000,21000.0,Derived from Adidas master dataset
In-store,52500,18375.0,Derived from Adidas master dataset
In-store,70000,21000.0,Derived from Adidas master dataset
In-store,195000,78000.0,Derived from Adidas master dataset
In-store,302500,121000.0,Derived from Adidas master dataset
In-store,150000,60000.0,Derived from Adidas master dataset
In-store,101250,35437.5,Derived from Adidas master dataset
In-store,78750,27562.5,Derived from Adidas master dataset
In-store,110000,33000.0,Derived from Adidas master dataset
In-store,225000,90000.0,Derived from Adidas master dataset
In-store,262500,105000.0,Derived from Adidas master dataset
In-store,135000,54000.0,Derived from Adidas master dataset
In-store,90000,31500.0,Derived from Adidas master dataset
In-store,80000,28000.0,Derived from Adidas master dataset
In-store,87500,26250.0,Derived from Adidas master dataset
In-store,192500,77000.0,Derived from Adidas master dataset
In-store,166250,66500.0,Derived from Adidas master dataset
In-store,82500,33000.0,Derived from Adidas master dataset
In-store,43750,15312.5,Derived from Adidas master dataset
In-store,37500,13125.0,Derived from Adidas master dataset
In-store,52500,15750.0,Derived from Adidas master dataset
In-store,90000,36000.0,Derived from Adidas master dataset
In-store,180000,72000.0,Derived from Adidas master dataset
In-store,87500,35000.0,Derived from Adidas master dataset
In-store,52500,18375.0,Derived from Adidas master dataset
In-store,52500,18375.0,Derived from Adidas master dataset
In-store,67500,20250.0,Derived from Adidas master dataset
In-store,137500,55000.0,Derived from Adidas master dataset
In-store,191250,76500.0,Derived from Adidas master dataset
In-store,113750,45500.0,Derived from Adidas master dataset
In-store,94500,33075.0,Derived from Adidas master dataset
In-store,96250,33687.5,Derived from Adidas master dataset
In-store,150000,45000.0,Derived from Adidas master dataset
In-store,227500,91000.0,Derived from Adidas master dataset
In-store,360000,144000.0,Derived from Adidas master dataset
In-store,200000,80000.0,Derived from Adidas master dataset
In-store,175000,61250.0,Derived from Adidas master dataset
In-store,150000,52500.0,Derived from Adidas master dataset
In-store,180000,54000.0,Derived from Adidas master dataset
In-store,260000,104000.0,Derived from Adidas master dataset
In-store,175000,70000.0,Derived from Adidas master dataset
In-store,105000,42000.0,Derived from Adidas master dataset
In-store,75000,30000.0,Derived from Adidas master dataset
In-store,45000,18000.0,Derived from Adidas master dataset
In-store,90000,36000.0,Derived from Adidas master dataset
In-store,105000,42000.0,Derived from Adidas master dataset
In-store,192500,77000.0,Derived from Adidas master dataset
In-store,80000,32000.0,Derived from Adidas master dataset
In-store,90000,36000.0,Derived from Adidas master dataset
In-store,61250,24500.0,Derived from Adidas master dataset
In-store,125000,50000.0,Derived from Adidas master dataset
In-store,87500,35000.0,Derived from Adidas master dataset
In-store,171000,68400.0,Derived from Adidas master dataset
In-store,82500,33000.0,Derived from Adidas master dataset
In-store,65000,26000.0,Derived from Adidas master dataset
In-store,43750,17500.0,Derived from Adidas master dataset
In-store,90000,36000.0,Derived from Adidas master dataset
In-store,97500,39000.0,Derived from Adidas master dataset
In-store,165000,66000.0,Derived from Adidas master dataset
In-store,75000,30000.0,Derived from Adidas master dataset
In-store,50000,20000.0,Derived from Adidas master dataset
In-store,43750,17500.0,Derived from Adidas master dataset
In-store,130000,52000.0,Derived from Adidas master dataset
In-store,162500,65000.0,Derived from Adidas master dataset
In-store,357000,142800.0,Derived from Adidas master dataset
In-store,120000,48000.0,Derived from Adidas master dataset
In-store,96250,38500.0,Derived from Adidas master dataset
In-store,70000,28000.0,Derived from Adidas master dataset
In-store,101250,40500.0,Derived from Adidas master dataset
In-store,192500,77000.0,Derived from Adidas master dataset
In-store,270000,108000.0,Derived from Adidas master dataset
In-store,170000,68000.0,Derived from Adidas master dataset
In-store,105000,42000.0,Derived from Adidas master dataset
In-store,96250,38500.0,Derived from Adidas master dataset
In-store,123750,49500.0,Derived from Adidas master dataset
In-store,276250,110500.0,Derived from Adidas master dataset
In-store,390000,156000.0,Derived from Adidas master dataset
In-store,220000,88000.0,Derived from Adidas master dataset
In-store,162500,65000.0,Derived from Adidas master dataset
In-store,137500,55000.0,Derived from Adidas master dataset
In-store,180000,72000.0,Derived from Adidas master dataset
In-store,308750,123500.0,Derived from Adidas master dataset
In-store,262500,105000.0,Derived from Adidas master dataset
In-store,135000,54000.0,Derived from Adidas master dataset
In-store,120000,48000.0,Derived from Adidas master dataset
In-store,110000,44000.0,Derived from Adidas master dataset
In-store,125000,50000.0,Derived from Adidas master dataset
In-store,233750,93500.0,Derived from Adidas master dataset
In-store,192500,77000.0,Derived from Adidas master dataset
In-store,105000,42000.0,Derived from Adidas master dataset
In-store,62500,25000.0,Derived from Adidas master dataset
In-store,56250,22500.0,Derived from Adidas master dataset
In-store,78750,31500.0,Derived from Adidas master dataset
In-store,120000,48000.0,Derived from Adidas master dataset
In-store,191250,76500.0,Derived from Adidas master dataset
In-store,96250,38500.0,Derived from Adidas master dataset
In-store,61250,24500.0,Derived from Adidas master dataset
In-store,61250,24500.0,Derived from Adidas master dataset
In-store,78750,31500.0,Derived from Adidas master dataset
In-store,150000,60000.0,Derived from Adidas master dataset
In-store,202500,81000.0,Derived from Adidas master dataset
In-store,122500,49000.0,Derived from Adidas master dataset
In-store,103250,41300.0,Derived from Adidas master dataset
In-store,130000,52000.0,Derived from Adidas master dataset
In-store,195000,78000.0,Derived from Adidas master dataset
In-store,280000,112000.0,Derived from Adidas master dataset
In-store,422500,169000.0,Derived from Adidas master dataset
In-store,247500,99000.0,Derived from Adidas master dataset
In-store,220000,88000.0,Derived from Adidas master dataset
In-store,192500,77000.0,Derived from Adidas master dataset
In-store,227500,91000.0,Derived from Adidas master dataset
In-store,315000,126000.0,Derived from Adidas master dataset
In-store,148750,59500.0,Derived from Adidas master dataset
In-store,78750,27562.5,Derived from Adidas master dataset
In-store,56250,19687.5,Derived from Adidas master dataset
In-store,22500,7875.0,Derived from Adidas master dataset
In-store,56250,16875.0,Derived from Adidas master dataset
In-store,78750,23625.0,Derived from Adidas master dataset
In-store,166250,66500.0,Derived from Adidas master dataset
In-store,43750,15312.5,Derived from Adidas master dataset
In-store,43750,15312.5,Derived from Adidas master dataset
In-store,15000,5250.0,Derived from Adidas master dataset
In-store,56250,16875.0,Derived from Adidas master dataset
In-store,78750,23625.0,Derived from Adidas master dataset
In-store,155750,62300.0,Derived from Adidas master dataset
In-store,52500,18375.0,Derived from Adidas master dataset
In-store,43750,15312.5,Derived from Adidas master dataset
In-store,7500,2625.0,Derived from Adidas master dataset
In-store,33750,10125.0,Derived from Adidas master dataset
In-store,61250,18375.0,Derived from Adidas master dataset
In-store,148750,59500.0,Derived from Adidas master dataset
In-store,43750,15312.5,Derived from Adidas master dataset
In-store,31250,10937.5,Derived from Adidas master dataset
In-store,15000,5250.0,Derived from Adidas master dataset
In-store,22500,6750.0,Derived from Adidas master dataset
In-store,70000,21000.0,Derived from Adidas master dataset
In-store,235000,94000.0,Derived from Adidas master dataset
In-store,78750,27562.5,Derived from Adidas master dataset
In-store,60000,21000.0,Derived from Adidas master dataset
In-store,40000,14000.0,Derived from Adidas master dataset
In-store,62500,18750.0,Derived from Adidas master dataset
In-store,137500,41250.0,Derived from Adidas master dataset
In-store,250000,100000.0,Derived from Adidas master dataset
In-store,112500,39375.0,Derived from Adidas master dataset
In-store,70000,24500.0,Derived from Adidas master dataset
In-store,60000,21000.0,Derived from Adidas master dataset
In-store,75000,22500.0,Derived from Adidas master dataset
In-store,165000,49500.0,Derived from Adidas master dataset
In-store,262500,105000.0,Derived from Adidas master dataset
In-store,123750,43312.5,Derived from Adidas master dataset
In-store,80000,28000.0,Derived from Adidas master dataset
In-store,60000,21000.0,Derived from Adidas master dataset
In-store,87500,26250.0,Derived from Adidas master dataset
In-store,192500,57750.0,Derived from Adidas master dataset
In-store,250000,100000.0,Derived from Adidas master dataset
In-store,123750,43312.5,Derived from Adidas master dataset
In-store,80000,28000.0,Derived from Adidas master dataset
In-store,60000,21000.0,Derived from Adidas master dataset
In-store,62500,18750.0,Derived from Adidas master dataset
In-store,165000,49500.0,Derived from Adidas master dataset
In-store,212500,85000.0,Derived from Adidas master dataset
In-store,101250,35437.5,Derived from Adidas master dataset
In-store,50000,17500.0,Derived from Adidas master dataset
In-store,40000,14000.0,Derived from Adidas master dataset
In-store,50000,15000.0,Derived from Adidas master dataset
In-store,110000,33000.0,Derived from Adidas master dataset
In-store,206250,82500.0,Derived from Adidas master dataset
In-store,100000,35000.0,Derived from Adidas master dataset
In-store,50000,17500.0,Derived from Adidas master dataset
In-store,37500,13125.0,Derived from Adidas master dataset
In-store,45000,13500.0,Derived from Adidas master dataset
In-store,130000,39000.0,Derived from Adidas master dataset
In-store,210000,84000.0,Derived from Adidas master dataset
In-store,87500,30625.0,Derived from Adidas master dataset
In-store,85000,29750.0,Derived from Adidas master dataset
In-store,75000,26250.0,Derived from Adidas master dataset
In-store,75000,22500.0,Derived from Adidas master dataset
In-store,146250,43875.0,Derived from Adidas master dataset
In-store,270000,108000.0,Derived from Adidas master dataset
In-store,125000,43750.0,Derived from Adidas master dataset
In-store,112500,39375.0,Derived from Adidas master dataset
In-store,87500,30625.0,Derived from Adidas master dataset
In-store,105000,31500.0,Derived from Adidas master dataset
In-store,178750,53625.0,Derived from Adidas master dataset
In-store,210000,73500.0,Derived from Adidas master dataset
In-store,130000,45500.0,Derived from Adidas master dataset
In-store,97500,39000.0,Derived from Adidas master dataset
In-store,61250,24500.0,Derived from Adidas master dataset
In-store,112500,33750.0,Derived from Adidas master dataset
In-store,130000,52000.0,Derived from Adidas master dataset
In-store,230000,80500.0,Derived from Adidas master dataset
In-store,90000,31500.0,Derived from Adidas master dataset
In-store,82500,33000.0,Derived from Adidas master dataset
In-store,52500,21000.0,Derived from Adidas master dataset
In-store,112500,33750.0,Derived from Adidas master dataset
In-store,130000,52000.0,Derived from Adidas master dataset
In-store,218000,76300.0,Derived from Adidas master dataset
In-store,100000,35000.0,Derived from Adidas master dataset
In-store,82500,33000.0,Derived from Adidas master dataset
In-store,43750,17500.0,Derived from Adidas master dataset
In-store,87500,26250.0,Derived from Adidas master dataset
In-store,110000,44000.0,Derived from Adidas master dataset
In-store,210000,73500.0,Derived from Adidas master dataset
In-store,90000,31500.0,Derived from Adidas master dataset
In-store,67500,27000.0,Derived from Adidas master dataset
In-store,52500,21000.0,Derived from Adidas master dataset
In-store,75000,22500.0,Derived from Adidas master dataset
In-store,120000,48000.0,Derived from Adidas master dataset
In-store,313500,109725.0,Derived from Adidas master dataset
In-store,137500,48125.0,Derived from Adidas master dataset
In-store,135000,54000.0,Derived from Adidas master dataset
In-store,112500,45000.0,Derived from Adidas master dataset
In-store,151250,45375.0,Derived from Adidas master dataset
In-store,240000,96000.0,Derived from Adidas master dataset
In-store,357500,125125.0,Derived from Adidas master dataset
In-store,200000,70000.0,Derived from Adidas master dataset
In-store,146250,58500.0,Derived from Adidas master dataset
In-store,135000,54000.0,Derived from Adidas master dataset
In-store,165000,49500.0,Derived from Adidas master dataset
In-store,270000,108000.0,Derived from Adidas master dataset
In-store,371250,129937.5,Derived from Adidas master dataset
In-store,212500,74375.0,Derived from Adidas master dataset
In-store,157500,63000.0,Derived from Adidas master dataset
In-store,135000,54000.0,Derived from Adidas master dataset
In-store,178750,53625.0,Derived from Adidas master dataset
In-store,300000,120000.0,Derived from Adidas master dataset
In-store,357500,125125.0,Derived from Adidas master dataset
In-store,212500,74375.0,Derived from Adidas master dataset
In-store,157500,63000.0,Derived from Adidas master dataset
In-store,112500,45000.0,Derived from Adidas master dataset
In-store,123750,37125.0,Derived from Adidas master dataset
In-store,240000,96000.0,Derived from Adidas master dataset
In-store,288750,101062.5,Derived from Adidas master dataset
In-store,162500,56875.0,Derived from Adidas master dataset
In-store,101250,40500.0,Derived from Adidas master dataset
In-store,90000,36000.0,Derived from Adidas master dataset
In-store,110000,33000.0,Derived from Adidas master dataset
In-store,180000,72000.0,Derived from Adidas master dataset
In-store,285000,99750.0,Derived from Adidas master dataset
In-store,165000,57750.0,Derived from Adidas master dataset
In-store,110000,44000.0,Derived from Adidas master dataset
In-store,96250,38500.0,Derived from Adidas master dataset
In-store,113750,34125.0,Derived from Adidas master dataset
In-store,210000,84000.0,Derived from Adidas master dataset
In-store,292500,102375.0,Derived from Adidas master dataset
In-store,178750,62562.5,Derived from Adidas master dataset
In-store,176000,70400.0,Derived from Adidas master dataset
In-store,165000,66000.0,Derived from Adidas master dataset
In-store,178750,53625.0,Derived from Adidas master dataset
In-store,262500,105000.0,Derived from Adidas master dataset
In-store,390000,136500.0,Derived from Adidas master dataset
In-store,220000,77000.0,Derived from Adidas master dataset
In-store,206250,82500.0,Derived from Adidas master dataset
In-store,178750,71500.0,Derived from Adidas master dataset
In-store,211250,63375.0,Derived from Adidas master dataset
In-store,297500,119000.0,Derived from Adidas master dataset
In-store,166250,58187.5,Derived from Adidas master dataset
In-store,96250,33687.5,Derived from Adidas master dataset
In-store,68750,27500.0,Derived from Adidas master dataset
In-store,37500,15000.0,Derived from Adidas master dataset
In-store,78750,23625.0,Derived from Adidas master dataset
In-store,96250,38500.0,Derived from Adidas master dataset
In-store,183750,64312.5,Derived from Adidas master dataset
In-store,61250,21437.5,Derived from Adidas master dataset
In-store,56250,22500.0,Derived from Adidas master dataset
In-store,30000,12000.0,Derived from Adidas master dataset
In-store,78750,23625.0,Derived from Adidas master dataset
In-store,96250,38500.0,Derived from Adidas master dataset
In-store,173250,60637.5,Derived from Adidas master dataset
In-store,70000,24500.0,Derived from Adidas master dataset
In-store,56250,22500.0,Derived from Adidas master dataset
In-store,22500,9000.0,Derived from Adidas master dataset
In-store,56250,16875.0,Derived from Adidas master dataset
In-store,78750,31500.0,Derived from Adidas master dataset
In-store,166250,58187.5,Derived from Adidas master dataset
In-store,61250,21437.5,Derived from Adidas master dataset
In-store,43750,17500.0,Derived from Adidas master dataset
In-store,30000,12000.0,Derived from Adidas master dataset
In-store,45000,13500.0,Derived from Adidas master dataset
In-store,87500,35000.0,Derived from Adidas master dataset
In-store,260000,91000.0,Derived from Adidas master dataset
In-store,101250,35437.5,Derived from Adidas master dataset
In-store,100000,40000.0,Derived from Adidas master dataset
In-store,80000,32000.0,Derived from Adidas master dataset
In-store,112500,33750.0,Derived from Adidas master dataset
In-store,192500,77000.0,Derived from Adidas master dataset
In-store,300000,105000.0,Derived from Adidas master dataset
In-store,157500,55125.0,Derived from Adidas master dataset
In-store,110000,44000.0,Derived from Adidas master dataset
In-store,100000,40000.0,Derived from Adidas master dataset
In-store,125000,37500.0,Derived from Adidas master dataset
In-store,220000,88000.0,Derived from Adidas master dataset
In-store,312500,109375.0,Derived from Adidas master dataset
In-store,168750,59062.5,Derived from Adidas master dataset
In-store,120000,48000.0,Derived from Adidas master dataset
In-store,100000,40000.0,Derived from Adidas master dataset
In-store,137500,41250.0,Derived from Adidas master dataset
In-store,247500,99000.0,Derived from Adidas master dataset
In-store,300000,105000.0,Derived from Adidas master dataset
In-store,168750,59062.5,Derived from Adidas master dataset
In-store,120000,48000.0,Derived from Adidas master dataset
In-store,80000,32000.0,Derived from Adidas master dataset
In-store,87500,26250.0,Derived from Adidas master dataset
In-store,192500,77000.0,Derived from Adidas master dataset
In-store,237500,83125.0,Derived from Adidas master dataset
In-store,123750,43312.5,Derived from Adidas master dataset
In-store,70000,28000.0,Derived from Adidas master dataset
In-store,60000,24000.0,Derived from Adidas master dataset
In-store,75000,22500.0,Derived from Adidas master dataset
In-store,137500,55000.0,Derived from Adidas master dataset
In-store,233750,81812.5,Derived from Adidas master dataset
In-store,125000,43750.0,Derived from Adidas master dataset
In-store,75000,30000.0,Derived from Adidas master dataset
In-store,62500,25000.0,Derived from Adidas master dataset
In-store,75000,22500.0,Derived from Adidas master dataset
In-store,162500,65000.0,Derived from Adidas master dataset
In-store,240000,84000.0,Derived from Adidas master dataset
In-store,137500,48125.0,Derived from Adidas master dataset
In-store,135000,54000.0,Derived from Adidas master dataset
In-store,125000,50000.0,Derived from Adidas master dataset
In-store,135000,40500.0,Derived from Adidas master dataset
In-store,211250,84500.0,Derived from Adidas master dataset
In-store,330000,115500.0,Derived from Adidas master dataset
In-store,175000,61250.0,Derived from Adidas master dataset
In-store,162500,65000.0,Derived from Adidas master dataset
In-store,137500,55000.0,Derived from Adidas master dataset
In-store,165000,49500.0,Derived from Adidas master dataset
In-store,243750,97500.0,Derived from Adidas master dataset
In-store,200000,80000.0,Derived from Adidas master dataset
In-store,120000,48000.0,Derived from Adidas master dataset
In-store,90000,27000.0,Derived from Adidas master dataset
In-store,52500,15750.0,Derived from Adidas master dataset
In-store,100000,30000.0,Derived from Adidas master dataset
In-store,120000,42000.0,Derived from Adidas master dataset
In-store,220000,88000.0,Derived from Adidas master dataset
In-store,80000,32000.0,Derived from Adidas master dataset
In-store,75000,22500.0,Derived from Adidas master dataset
In-store,43750,13125.0,Derived from Adidas master dataset
In-store,100000,30000.0,Derived from Adidas master dataset
In-store,120000,42000.0,Derived from Adidas master dataset
In-store,208000,83200.0,Derived from Adidas master dataset
In-store,90000,36000.0,Derived from Adidas master dataset
In-store,75000,22500.0,Derived from Adidas master dataset
In-store,35000,10500.0,Derived from Adidas master dataset
In-store,75000,22500.0,Derived from Adidas master dataset
In-store,100000,35000.0,Derived from Adidas master dataset
In-store,200000,80000.0,Derived from Adidas master dataset
In-store,80000,32000.0,Derived from Adidas master dataset
In-store,60000,18000.0,Derived from Adidas master dataset
In-store,43750,13125.0,Derived from Adidas master dataset
In-store,62500,18750.0,Derived from Adidas master dataset
In-store,110000,38500.0,Derived from Adidas master dataset
In-store,299750,119900.0,Derived from Adidas master dataset
In-store,125000,50000.0,Derived from Adidas master dataset
In-store,123750,37125.0,Derived from Adidas master dataset
In-store,101250,30375.0,Derived from Adidas master dataset
In-store,137500,41250.0,Derived from Adidas master dataset
In-store,225000,78750.0,Derived from Adidas master dataset
In-store,343750,137500.0,Derived from Adidas master dataset
In-store,187500,75000.0,Derived from Adidas master dataset
In-store,135000,40500.0,Derived from Adidas master dataset
In-store,123750,37125.0,Derived from Adidas master dataset
In-store,151250,45375.0,Derived from Adidas master dataset
In-store,255000,89250.0,Derived from Adidas master dataset
In-store,357500,143000.0,Derived from Adidas master dataset
In-store,200000,80000.0,Derived from Adidas master dataset
In-store,146250,43875.0,Derived from Adidas master dataset
In-store,123750,37125.0,Derived from Adidas master dataset
In-store,165000,49500.0,Derived from Adidas master dataset
In-store,285000,99750.0,Derived from Adidas master dataset
In-store,343750,137500.0,Derived from Adidas master dataset
In-store,200000,80000.0,Derived from Adidas master dataset
In-store,146250,43875.0,Derived from Adidas master dataset
In-store,101250,30375.0,Derived from Adidas master dataset
In-store,110000,33000.0,Derived from Adidas master dataset
In-store,225000,78750.0,Derived from Adidas master dataset
In-store,275000,110000.0,Derived from Adidas master dataset
In-store,150000,60000.0,Derived from Adidas master dataset
In-store,90000,27000.0,Derived from Adidas master dataset
In-store,78750,23625.0,Derived from Adidas master dataset
In-store,96250,28875.0,Derived from Adidas master dataset
In-store,165000,57750.0,Derived from Adidas master dataset
In-store,270000,108000.0,Derived from Adidas master dataset
In-store,151250,60500.0,Derived from Adidas master dataset
In-store,96250,28875.0,Derived from Adidas master dataset
In-store,82500,24750.0,Derived from Adidas master dataset
In-store,97500,29250.0,Derived from Adidas master dataset
In-store,192500,67375.0,Derived from Adidas master dataset
In-store,276250,110500.0,Derived from Adidas master dataset
In-store,165000,66000.0,Derived from Adidas master dataset
In-store,162250,48675.0,Derived from Adidas master dataset
In-store,151250,45375.0,Derived from Adidas master dataset
In-store,162500,48750.0,Derived from Adidas master dataset
In-store,245000,85750.0,Derived from Adidas master dataset
In-store,373750,149500.0,Derived from Adidas master dataset
In-store,206250,82500.0,Derived from Adidas master dataset
In-store,192500,57750.0,Derived from Adidas master dataset
In-store,165000,49500.0,Derived from Adidas master dataset
In-store,195000,58500.0,Derived from Adidas master dataset
In-store,280000,98000.0,Derived from Adidas master dataset
In-store,148750,52062.5,Derived from Adidas master dataset
In-store,78750,27562.5,Derived from Adidas master dataset
In-store,56250,22500.0,Derived from Adidas master dataset
In-store,22500,9000.0,Derived from Adidas master dataset
In-store,56250,16875.0,Derived from Adidas master dataset
In-store,78750,31500.0,Derived from Adidas master dataset
In-store,166250,58187.5,Derived from Adidas master dataset
In-store,43750,15312.5,Derived from Adidas master dataset
In-store,43750,17500.0,Derived from Adidas master dataset
In-store,15000,6000.0,Derived from Adidas master dataset
In-store,56250,16875.0,Derived from Adidas master dataset
In-store,78750,31500.0,Derived from Adidas master dataset
In-store,155750,54512.5,Derived from Adidas master dataset
In-store,52500,18375.0,Derived from Adidas master dataset
In-store,43750,17500.0,Derived from Adidas master dataset
In-store,7500,3000.0,Derived from Adidas master dataset
In-store,33750,10125.0,Derived from Adidas master dataset
In-store,61250,24500.0,Derived from Adidas master dataset
In-store,148750,52062.5,Derived from Adidas master dataset
In-store,43750,15312.5,Derived from Adidas master dataset
In-store,31250,12500.0,Derived from Adidas master dataset
In-store,15000,6000.0,Derived from Adidas master dataset
In-store,22500,6750.0,Derived from Adidas master dataset
In-store,70000,28000.0,Derived from Adidas master dataset
In-store,235000,82250.0,Derived from Adidas master dataset
In-store,78750,27562.5,Derived from Adidas master dataset
In-store,80000,32000.0,Derived from Adidas master dataset
In-store,60000,24000.0,Derived from Adidas master dataset
In-store,87500,26250.0,Derived from Adidas master dataset
In-store,165000,66000.0,Derived from Adidas master dataset
In-store,275000,96250.0,Derived from Adidas master dataset
In-store,135000,47250.0,Derived from Adidas master dataset
In-store,90000,36000.0,Derived from Adidas master dataset
In-store,80000,32000.0,Derived from Adidas master dataset
In-store,100000,30000.0,Derived from Adidas master dataset
In-store,192500,77000.0,Derived from Adidas master dataset
In-store,287500,100625.0,Derived from Adidas master dataset
In-store,146250,51187.5,Derived from Adidas master dataset
In-store,100000,40000.0,Derived from Adidas master dataset
In-store,80000,32000.0,Derived from Adidas master dataset
In-store,112500,33750.0,Derived from Adidas master dataset
In-store,220000,88000.0,Derived from Adidas master dataset
In-store,275000,96250.0,Derived from Adidas master dataset
In-store,146250,51187.5,Derived from Adidas master dataset
In-store,100000,40000.0,Derived from Adidas master dataset
In-store,60000,24000.0,Derived from Adidas master dataset
In-store,62500,18750.0,Derived from Adidas master dataset
In-store,165000,66000.0,Derived from Adidas master dataset
In-store,212500,74375.0,Derived from Adidas master dataset
In-store,101250,35437.5,Derived from Adidas master dataset
In-store,50000,20000.0,Derived from Adidas master dataset
In-store,40000,16000.0,Derived from Adidas master dataset
In-store,50000,15000.0,Derived from Adidas master dataset
In-store,110000,44000.0,Derived from Adidas master dataset
In-store,206250,72187.5,Derived from Adidas master dataset
In-store,100000,35000.0,Derived from Adidas master dataset
In-store,50000,20000.0,Derived from Adidas master dataset
In-store,37500,15000.0,Derived from Adidas master dataset
In-store,45000,13500.0,Derived from Adidas master dataset
In-store,130000,52000.0,Derived from Adidas master dataset
In-store,210000,73500.0,Derived from Adidas master dataset
In-store,112500,39375.0,Derived from Adidas master dataset
In-store,110000,44000.0,Derived from Adidas master dataset
In-store,100000,40000.0,Derived from Adidas master dataset
In-store,105000,31500.0,Derived from Adidas master dataset
In-store,178750,71500.0,Derived from Adidas master dataset
In-store,300000,105000.0,Derived from Adidas master dataset
In-store,150000,52500.0,Derived from Adidas master dataset
In-store,137500,55000.0,Derived from Adidas master dataset
In-store,112500,45000.0,Derived from Adidas master dataset
In-store,135000,40500.0,Derived from Adidas master dataset
In-store,211250,84500.0,Derived from Adidas master dataset
In-store,180000,54000.0,Derived from Adidas master dataset
In-store,100000,30000.0,Derived from Adidas master dataset
In-store,75000,18750.0,Derived from Adidas master dataset
In-store,35000,8750.0,Derived from Adidas master dataset
In-store,75000,18750.0,Derived from Adidas master dataset
In-store,100000,30000.0,Derived from Adidas master dataset
In-store,200000,60000.0,Derived from Adidas master dataset
In-store,60000,18000.0,Derived from Adidas master dataset
In-store,60000,15000.0,Derived from Adidas master dataset
In-store,87500,21875.0,Derived from Adidas master dataset
In-store,75000,18750.0,Derived from Adidas master dataset
In-store,100000,30000.0,Derived from Adidas master dataset
In-store,188000,56400.0,Derived from Adidas master dataset
In-store,70000,21000.0,Derived from Adidas master dataset
In-store,60000,15000.0,Derived from Adidas master dataset
In-store,105000,26250.0,Derived from Adidas master dataset
In-store,50000,12500.0,Derived from Adidas master dataset
In-store,80000,24000.0,Derived from Adidas master dataset
In-store,180000,54000.0,Derived from Adidas master dataset
In-store,60000,18000.0,Derived from Adidas master dataset
In-store,45000,11250.0,Derived from Adidas master dataset
In-store,43750,10937.5,Derived from Adidas master dataset
In-store,62500,15625.0,Derived from Adidas master dataset
In-store,110000,33000.0,Derived from Adidas master dataset
In-store,272250,81675.0,Derived from Adidas master dataset
In-store,100000,30000.0,Derived from Adidas master dataset
In-store,101250,25312.5,Derived from Adidas master dataset
In-store,78750,19687.5,Derived from Adidas master dataset
In-store,110000,27500.0,Derived from Adidas master dataset
In-store,195000,58500.0,Derived from Adidas master dataset
In-store,316250,94875.0,Derived from Adidas master dataset
In-store,162500,48750.0,Derived from Adidas master dataset
In-store,112500,28125.0,Derived from Adidas master dataset
In-store,101250,25312.5,Derived from Adidas master dataset
In-store,123750,30937.5,Derived from Adidas master dataset
In-store,225000,67500.0,Derived from Adidas master dataset
In-store,330000,99000.0,Derived from Adidas master dataset
In-store,175000,52500.0,Derived from Adidas master dataset
In-store,123750,30937.5,Derived from Adidas master dataset
In-store,101250,25312.5,Derived from Adidas master dataset
In-store,137500,34375.0,Derived from Adidas master dataset
In-store,255000,76500.0,Derived from Adidas master dataset
In-store,316250,94875.0,Derived from Adidas master dataset
In-store,175000,52500.0,Derived from Adidas master dataset
In-store,123750,30937.5,Derived from Adidas master dataset
In-store,78750,19687.5,Derived from Adidas master dataset
In-store,82500,20625.0,Derived from Adidas master dataset
In-store,195000,58500.0,Derived from Adidas master dataset
In-store,247500,74250.0,Derived from Adidas master dataset
In-store,125000,37500.0,Derived from Adidas master dataset
In-store,67500,16875.0,Derived from Adidas master dataset
In-store,56250,14062.5,Derived from Adidas master dataset
In-store,68750,17187.5,Derived from Adidas master dataset
In-store,135000,40500.0,Derived from Adidas master dataset
In-store,240000,72000.0,Derived from Adidas master dataset
In-store,123750,37125.0,Derived from Adidas master dataset
In-store,68750,17187.5,Derived from Adidas master dataset
In-store,55000,13750.0,Derived from Adidas master dataset
In-store,65000,16250.0,Derived from Adidas master dataset
In-store,157500,47250.0,Derived from Adidas master dataset
In-store,243750,73125.0,Derived from Adidas master dataset
In-store,165000,49500.0,Derived from Adidas master dataset
In-store,162250,40562.5,Derived from Adidas master dataset
In-store,151250,37812.5,Derived from Adidas master dataset
In-store,162500,40625.0,Derived from Adidas master dataset
In-store,245000,73500.0,Derived from Adidas master dataset
In-store,373750,112125.0,Derived from Adidas master dataset
In-store,206250,61875.0,Derived from Adidas master dataset
In-store,192500,48125.0,Derived from Adidas master dataset
In-store,165000,41250.0,Derived from Adidas master dataset
In-store,195000,48750.0,Derived from Adidas master dataset
In-store,280000,84000.0,Derived from Adidas master dataset
In-store,236250,106312.5,Derived from Adidas master dataset
In-store,146250,65812.5,Derived from Adidas master dataset
In-store,113750,39812.5,Derived from Adidas master dataset
In-store,70000,24500.0,Derived from Adidas master dataset
In-store,123750,43312.5,Derived from Adidas master dataset
In-store,146250,58500.0,Derived from Adidas master dataset
In-store,258750,116437.5,Derived from Adidas master dataset
In-store,101250,45562.5,Derived from Adidas master dataset
In-store,96250,33687.5,Derived from Adidas master dataset
In-store,60000,21000.0,Derived from Adidas master dataset
In-store,123750,43312.5,Derived from Adidas master dataset
In-store,146250,58500.0,Derived from Adidas master dataset
In-store,245250,110362.5,Derived from Adidas master dataset
In-store,112500,50625.0,Derived from Adidas master dataset
In-store,96250,33687.5,Derived from Adidas master dataset
In-store,50000,17500.0,Derived from Adidas master dataset
In-store,96250,33687.5,Derived from Adidas master dataset
In-store,123750,49500.0,Derived from Adidas master dataset
In-store,236250,106312.5,Derived from Adidas master dataset
In-store,101250,45562.5,Derived from Adidas master dataset
In-store,78750,27562.5,Derived from Adidas master dataset
In-store,60000,21000.0,Derived from Adidas master dataset
In-store,82500,28875.0,Derived from Adidas master dataset
In-store,135000,54000.0,Derived from Adidas master dataset
In-store,342000,153900.0,Derived from Adidas master dataset
In-store,151250,68062.5,Derived from Adidas master dataset
In-store,150000,52500.0,Derived from Adidas master dataset
In-store,125000,43750.0,Derived from Adidas master dataset
In-store,165000,57750.0,Derived from Adidas master dataset
In-store,260000,104000.0,Derived from Adidas master dataset
In-store,390000,175500.0,Derived from Adidas master dataset
In-store,220000,99000.0,Derived from Adidas master dataset
In-store,162500,56875.0,Derived from Adidas master dataset
In-store,150000,52500.0,Derived from Adidas master dataset
In-store,180000,63000.0,Derived from Adidas master dataset
In-store,292500,117000.0,Derived from Adidas master dataset
In-store,405000,182250.0,Derived from Adidas master dataset
In-store,233750,105187.5,Derived from Adidas master dataset
In-store,175000,61250.0,Derived from Adidas master dataset
In-store,150000,52500.0,Derived from Adidas master dataset
In-store,195000,68250.0,Derived from Adidas master dataset
In-store,325000,130000.0,Derived from Adidas master dataset
In-store,390000,175500.0,Derived from Adidas master dataset
In-store,233750,105187.5,Derived from Adidas master dataset
In-store,175000,61250.0,Derived from Adidas master dataset
In-store,125000,43750.0,Derived from Adidas master dataset
In-store,135000,47250.0,Derived from Adidas master dataset
In-store,260000,104000.0,Derived from Adidas master dataset
In-store,315000,141750.0,Derived from Adidas master dataset
In-store,178750,80437.5,Derived from Adidas master dataset
In-store,112500,39375.0,Derived from Adidas master dataset
In-store,100000,35000.0,Derived from Adidas master dataset
In-store,120000,42000.0,Derived from Adidas master dataset
In-store,195000,78000.0,Derived from Adidas master dataset
In-store,308750,138937.5,Derived from Adidas master dataset
In-store,180000,81000.0,Derived from Adidas master dataset
In-store,120000,42000.0,Derived from Adidas master dataset
In-store,105000,36750.0,Derived from Adidas master dataset
In-store,122500,42875.0,Derived from Adidas master dataset
In-store,225000,90000.0,Derived from Adidas master dataset
In-store,315000,141750.0,Derived from Adidas master dataset
In-store,195000,87750.0,Derived from Adidas master dataset
In-store,192000,67200.0,Derived from Adidas master dataset
In-store,180000,63000.0,Derived from Adidas master dataset
In-store,192500,67375.0,Derived from Adidas master dataset
In-store,281250,112500.0,Derived from Adidas master dataset
In-store,420000,189000.0,Derived from Adidas master dataset
In-store,240000,108000.0,Derived from Adidas master dataset
In-store,225000,78750.0,Derived from Adidas master dataset
In-store,195000,68250.0,Derived from Adidas master dataset
In-store,227500,79625.0,Derived from Adidas master dataset
In-store,318750,127500.0,Derived from Adidas master dataset
In-store,262500,105000.0,Derived from Adidas master dataset
In-store,162500,65000.0,Derived from Adidas master dataset
In-store,130000,39000.0,Derived from Adidas master dataset
In-store,78750,23625.0,Derived from Adidas master dataset
In-store,135000,40500.0,Derived from Adidas master dataset
In-store,162500,56875.0,Derived from Adidas master dataset
In-store,300000,120000.0,Derived from Adidas master dataset
In-store,125000,50000.0,Derived from Adidas master dataset
In-store,120000,36000.0,Derived from Adidas master dataset
In-store,90000,27000.0,Derived from Adidas master dataset
In-store,165000,49500.0,Derived from Adidas master dataset
In-store,187500,65625.0,Derived from Adidas master dataset
In-store,285000,114000.0,Derived from Adidas master dataset
In-store,137500,55000.0,Derived from Adidas master dataset
In-store,120000,36000.0,Derived from Adidas master dataset
In-store,67500,20250.0,Derived from Adidas master dataset
In-store,120000,36000.0,Derived from Adidas master dataset
In-store,150000,52500.0,Derived from Adidas master dataset
In-store,275000,110000.0,Derived from Adidas master dataset
In-store,125000,50000.0,Derived from Adidas master dataset
In-store,100000,30000.0,Derived from Adidas master dataset
In-store,78750,23625.0,Derived from Adidas master dataset
In-store,105000,31500.0,Derived from Adidas master dataset
In-store,162500,56875.0,Derived from Adidas master dataset
In-store,386750,154700.0,Derived from Adidas master dataset
In-store,180000,72000.0,Derived from Adidas master dataset
In-store,178750,53625.0,Derived from Adidas master dataset
In-store,151250,45375.0,Derived from Adidas master dataset
In-store,195000,58500.0,Derived from Adidas master dataset
In-store,297500,104125.0,Derived from Adidas master dataset
In-store,438750,175500.0,Derived from Adidas master dataset
In-store,255000,102000.0,Derived from Adidas master dataset
In-store,192500,57750.0,Derived from Adidas master dataset
In-store,178750,53625.0,Derived from Adidas master dataset
In-store,211250,63375.0,Derived from Adidas master dataset
In-store,332500,116375.0,Derived from Adidas master dataset
In-store,455000,182000.0,Derived from Adidas master dataset
Outlet,270000,108000.0,Derived from Adidas master dataset
Outlet,206250,61875.0,Derived from Adidas master dataset
Outlet,178750,53625.0,Derived from Adidas master dataset
Outlet,227500,68250.0,Derived from Adidas master dataset
Outlet,367500,128625.0,Derived from Adidas master dataset
Outlet,438750,175500.0,Derived from Adidas master dataset
Outlet,270000,108000.0,Derived from Adidas master dataset
Outlet,206250,61875.0,Derived from Adidas master dataset
Outlet,151250,45375.0,Derived from Adidas master dataset
Outlet,162500,48750.0,Derived from Adidas master dataset
Outlet,297500,104125.0,Derived from Adidas master dataset
Outlet,357500,143000.0,Derived from Adidas master dataset
Outlet,210000,84000.0,Derived from Adidas master dataset
Outlet,137500,41250.0,Derived from Adidas master dataset
Outlet,123750,37125.0,Derived from Adidas master dataset
Outlet,146250,43875.0,Derived from Adidas master dataset
Outlet,227500,79625.0,Derived from Adidas master dataset
Outlet,332500,133000.0,Derived from Adidas master dataset
Outlet,195000,78000.0,Derived from Adidas master dataset
Outlet,130000,39000.0,Derived from Adidas master dataset
Outlet,113750,34125.0,Derived from Adidas master dataset
Outlet,131250,39375.0,Derived from Adidas master dataset
Outlet,240000,84000.0,Derived from Adidas master dataset
Outlet,337500,135000.0,Derived from Adidas master dataset
Outlet,211250,84500.0,Derived from Adidas master dataset
Outlet,224250,67275.0,Derived from Adidas master dataset
Outlet,211250,63375.0,Derived from Adidas master dataset
Outlet,225000,67500.0,Derived from Adidas master dataset
Outlet,320000,112000.0,Derived from Adidas master dataset
Outlet,468750,187500.0,Derived from Adidas master dataset
Outlet,276250,110500.0,Derived from Adidas master dataset
Outlet,260000,78000.0,Derived from Adidas master dataset
Outlet,227500,68250.0,Derived from Adidas master dataset
Outlet,262500,78750.0,Derived from Adidas master dataset
Outlet,360000,126000.0,Derived from Adidas master dataset
Outlet,275000,96250.0,Derived from Adidas master dataset
Outlet,165000,57750.0,Derived from Adidas master dataset
Outlet,135000,33750.0,Derived from Adidas master dataset
Outlet,75000,18750.0,Derived from Adidas master dataset
Outlet,130000,32500.0,Derived from Adidas master dataset
Outlet,165000,49500.0,Derived from Adidas master dataset
Outlet,316250,110687.5,Derived from Adidas master dataset
Outlet,123750,43312.5,Derived from Adidas master dataset
Outlet,123750,30937.5,Derived from Adidas master dataset
Online,15792,9633.12,Derived from Adidas master dataset
Online,12220,5132.4,Derived from Adidas master dataset
Online,9000,4140.0,Derived from Adidas master dataset
Online,10127,4658.42,Derived from Adidas master dataset
Online,12870,5148.0,Derived from Adidas master dataset
Online,11960,4425.2,Derived from Adidas master dataset
Online,14398,8926.76,Derived from Adidas master dataset
Online,12006,5282.64,Derived from Adidas master dataset
Online,9936,4669.92,Derived from Adidas master dataset
Online,9064,4441.36,Derived from Adidas master dataset
Online,14094,6060.42,Derived from Adidas master dataset
Online,13920,5289.6,Derived from Adidas master dataset
Online,16284,10258.92,Derived from Adidas master dataset
Online,12432,5345.76,Derived from Adidas master dataset
Online,9633,4720.17,Derived from Adidas master dataset
Online,9288,4644.0,Derived from Adidas master dataset
Online,13570,5699.4,Derived from Adidas master dataset
Online,10710,3748.5,Derived from Adidas master dataset
Online,13500,8370.0,Derived from Adidas master dataset
Online,10998,4509.18,Derived from Adidas master dataset
Online,9828,4914.0,Derived from Adidas master dataset
Online,9799,4801.51,Derived from Adidas master dataset
Online,12040,5056.8,Derived from Adidas master dataset
Online,11662,4314.94,Derived from Adidas master dataset
Online,17118,10955.52,Derived from Adidas master dataset
Online,12950,5180.0,Derived from Adidas master dataset
Online,12006,5642.82,Derived from Adidas master dataset
Online,10580,5078.4,Derived from Adidas master dataset
Online,14455,6504.75,Derived from Adidas master dataset
Online,17110,6159.6,Derived from Adidas master dataset
Online,17215,10501.15,Derived from Adidas master dataset
Online,14580,5977.8,Derived from Adidas master dataset
Online,12788,6138.24,Derived from Adidas master dataset
Online,12267,5520.15,Derived from Adidas master dataset
Online,13860,6237.0,Derived from Adidas master dataset
Online,19520,7612.8,Derived from Adidas master dataset
Online,18821,11292.6,Derived from Adidas master dataset
Online,14151,5943.42,Derived from Adidas master dataset
Online,11362,5112.9,Derived from Adidas master dataset
Online,11178,5141.88,Derived from Adidas master dataset
Online,13398,5761.14,Derived from Adidas master dataset
Online,17446,6978.4,Derived from Adidas master dataset
Online,18850,11498.5,Derived from Adidas master dataset
Online,16324,6692.84,Derived from Adidas master dataset
Online,11565,5319.9,Derived from Adidas master dataset
Online,11327,5323.69,Derived from Adidas master dataset
Online,14580,6561.0,Derived from Adidas master dataset
Online,17980,6652.6,Derived from Adidas master dataset
Online,20160,12499.2,Derived from Adidas master dataset
Online,13500,5940.0,Derived from Adidas master dataset
Online,12596,5920.12,Derived from Adidas master dataset
Online,11844,5448.24,Derived from Adidas master dataset
Online,14616,5846.4,Derived from Adidas master dataset
Online,16520,6608.0,Derived from Adidas master dataset
Online,15104,6343.68,Derived from Adidas master dataset
Online,19720,7493.6,Derived from Adidas master dataset
Online,17940,10764.0,Derived from Adidas master dataset
Online,14469,6221.67,Derived from Adidas master dataset
Online,13416,6439.68,Derived from Adidas master dataset
Online,12600,6174.0,Derived from Adidas master dataset
Online,16256,6827.52,Derived from Adidas master dataset
Online,17358,6422.46,Derived from Adidas master dataset
Online,19344,12380.16,Derived from Adidas master dataset
Online,15300,6426.0,Derived from Adidas master dataset
Online,15390,7233.3,Derived from Adidas master dataset
Online,12150,5589.0,Derived from Adidas master dataset
Online,15660,6733.8,Derived from Adidas master dataset
Online,19720,6902.0,Derived from Adidas master dataset
Online,5616,2639.52,Derived from Adidas master dataset
Online,7650,3748.5,Derived from Adidas master dataset
Online,6930,3187.8,Derived from Adidas master dataset
Online,5950,3272.5,Derived from Adidas master dataset
Online,5544,2383.92,Derived from Adidas master dataset
Online,6902,4417.28,Derived from Adidas master dataset
Online,4899,2449.5,Derived from Adidas master dataset
Online,8415,3786.75,Derived from Adidas master dataset
Online,5632,2534.4,Derived from Adidas master dataset
Online,5950,3570.0,Derived from Adidas master dataset
Online,4750,2137.5,Derived from Adidas master dataset
Online,6664,4198.32,Derived from Adidas master dataset
Online,7366,3314.7,Derived from Adidas master dataset
Online,9204,4141.8,Derived from Adidas master dataset
Online,5824,2853.76,Derived from Adidas master dataset
Online,6438,3734.04,Derived from Adidas master dataset
Online,5125,2050.0,Derived from Adidas master dataset
Online,7371,4422.6,Derived from Adidas master dataset
Online,6318,3032.64,Derived from Adidas master dataset
Online,8550,3847.5,Derived from Adidas master dataset
Online,6902,3174.92,Derived from Adidas master dataset
Online,5868,3462.12,Derived from Adidas master dataset
Online,6174,2593.08,Derived from Adidas master dataset
Online,9048,5519.28,Derived from Adidas master dataset
Online,7772,3730.56,Derived from Adidas master dataset
Online,9842,4527.32,Derived from Adidas master dataset
Online,7425,3564.0,Derived from Adidas master dataset
Online,7371,4275.18,Derived from Adidas master dataset
Online,7056,2822.4,Derived from Adidas master dataset
Online,10212,6433.56,Derived from Adidas master dataset
Online,9282,4362.54,Derived from Adidas master dataset
Online,9996,4498.2,Derived from Adidas master dataset
Online,8584,4206.16,Derived from Adidas master dataset
Online,7714,4396.98,Derived from Adidas master dataset
Online,6929,3118.05,Derived from Adidas master dataset
Online,11750,7520.0,Derived from Adidas master dataset
Online,8806,3962.7,Derived from Adidas master dataset
Online,9996,4598.16,Derived from Adidas master dataset
Online,11803,5311.35,Derived from Adidas master dataset
Online,7560,4536.0,Derived from Adidas master dataset
Online,8036,3214.4,Derived from Adidas master dataset
Online,13771,8675.73,Derived from Adidas master dataset
Online,9916,4858.84,Derived from Adidas master dataset
Online,10619,4778.55,Derived from Adidas master dataset
Online,11583,5328.18,Derived from Adidas master dataset
Online,7182,4237.38,Derived from Adidas master dataset
Online,6929,2771.6,Derived from Adidas master dataset
Online,10350,6727.5,Derived from Adidas master dataset
Online,11220,5385.6,Derived from Adidas master dataset
Online,8733,4017.18,Derived from Adidas master dataset
Online,10764,5274.36,Derived from Adidas master dataset
Online,8507,4678.85,Derived from Adidas master dataset
Online,7700,3311.0,Derived from Adidas master dataset
Online,10650,6816.0,Derived from Adidas master dataset
Online,10560,5280.0,Derived from Adidas master dataset
Online,9288,4365.36,Derived from Adidas master dataset
Online,9024,4241.28,Derived from Adidas master dataset
Online,7560,4384.8,Derived from Adidas master dataset
Online,6300,2583.0,Derived from Adidas master dataset
Online,11130,6900.6,Derived from Adidas master dataset
Online,10062,4930.38,Derived from Adidas master dataset
Online,10449,5120.01,Derived from Adidas master dataset
Online,9682,4647.36,Derived from Adidas master dataset
Online,9744,5359.2,Derived from Adidas master dataset
Online,8190,3685.5,Derived from Adidas master dataset
Online,12597,7810.14,Derived from Adidas master dataset
Online,9758,4683.84,Derived from Adidas master dataset
Online,12540,6019.2,Derived from Adidas master dataset
Online,11985,5872.65,Derived from Adidas master dataset
Online,8554,4961.32,Derived from Adidas master dataset
Online,7098,3194.1,Derived from Adidas master dataset
Online,13833,8576.46,Derived from Adidas master dataset
Online,7733,3479.85,Derived from Adidas master dataset
Online,9506,2946.86,Derived from Adidas master dataset
Online,9982,4491.9,Derived from Adidas master dataset
Online,8400,3360.0,Derived from Adidas master dataset
Online,8211,5172.93,Derived from Adidas master dataset
Online,11417,2854.25,Derived from Adidas master dataset
Online,8251,4125.5,Derived from Adidas master dataset
Online,10290,3189.9,Derived from Adidas master dataset
Online,9604,4705.96,Derived from Adidas master dataset
Online,7050,2961.0,Derived from Adidas master dataset
Online,7000,4270.0,Derived from Adidas master dataset
Online,8372,2344.16,Derived from Adidas master dataset
Online,11270,5071.5,Derived from Adidas master dataset
Online,10150,3045.0,Derived from Adidas master dataset
Online,11165,5247.55,Derived from Adidas master dataset
Online,10092,4339.56,Derived from Adidas master dataset
Online,8990,5663.7,Derived from Adidas master dataset
Online,11340,3061.8,Derived from Adidas master dataset
Online,12768,6000.96,Derived from Adidas master dataset
Online,12586,3775.8,Derived from Adidas master dataset
Online,13440,6720.0,Derived from Adidas master dataset
Online,10152,4162.32,Derived from Adidas master dataset
Online,8968,5829.2,Derived from Adidas master dataset
Online,14616,3946.32,Derived from Adidas master dataset
Online,14112,7056.0,Derived from Adidas master dataset
Online,14400,5184.0,Derived from Adidas master dataset
Online,13080,6670.8,Derived from Adidas master dataset
Online,10192,4586.4,Derived from Adidas master dataset
Online,9240,6098.4,Derived from Adidas master dataset
Online,13608,4490.64,Derived from Adidas master dataset
Online,15288,7644.0,Derived from Adidas master dataset
Online,15624,5780.88,Derived from Adidas master dataset
Online,13184,7251.2,Derived from Adidas master dataset
Online,12390,6071.1,Derived from Adidas master dataset
Online,9610,6342.6,Derived from Adidas master dataset
Online,15768,5518.8,Derived from Adidas master dataset
Online,15512,6980.4,Derived from Adidas master dataset
Online,14455,4914.7,Derived from Adidas master dataset
Online,15376,7072.96,Derived from Adidas master dataset
Online,11990,4796.0,Derived from Adidas master dataset
Online,14912,9543.68,Derived from Adidas master dataset
Online,16776,4865.04,Derived from Adidas master dataset
Online,16926,7785.96,Derived from Adidas master dataset
Online,17094,5128.2,Derived from Adidas master dataset
Online,12000,5640.0,Derived from Adidas master dataset
Online,11092,4547.72,Derived from Adidas master dataset
Online,12972,7912.92,Derived from Adidas master dataset
Online,13756,3439.0,Derived from Adidas master dataset
Online,12291,5162.22,Derived from Adidas master dataset
Online,15008,4202.24,Derived from Adidas master dataset
Online,11700,4680.0,Derived from Adidas master dataset
Online,10759,3765.65,Derived from Adidas master dataset
Online,13734,7965.72,Derived from Adidas master dataset
Online,14105,3385.2,Derived from Adidas master dataset
Online,12036,5416.2,Derived from Adidas master dataset
Online,12921,3747.09,Derived from Adidas master dataset
Online,9100,3822.0,Derived from Adidas master dataset
Online,10353,3727.08,Derived from Adidas master dataset
Online,10738,6228.04,Derived from Adidas master dataset
Online,12348,2840.04,Derived from Adidas master dataset
Online,13676,6017.44,Derived from Adidas master dataset
Online,13688,3422.0,Derived from Adidas master dataset
Online,10500,4200.0,Derived from Adidas master dataset
Online,11130,4452.0,Derived from Adidas master dataset
Online,10269,5853.33,Derived from Adidas master dataset
Online,13534,2842.14,Derived from Adidas master dataset
Online,14943,5977.2,Derived from Adidas master dataset
Online,15834,4275.18,Derived from Adidas master dataset
Online,12116,4846.4,Derived from Adidas master dataset
Online,9894,3957.6,Derived from Adidas master dataset
Online,10325,6195.0,Derived from Adidas master dataset
Online,13936,3205.28,Derived from Adidas master dataset
Online,6496,3312.96,Derived from Adidas master dataset
Online,8036,2892.96,Derived from Adidas master dataset
Online,7749,4029.48,Derived from Adidas master dataset
Online,6560,3214.4,Derived from Adidas master dataset
Online,7105,4689.3,Derived from Adidas master dataset
Online,7462,2313.22,Derived from Adidas master dataset
Online,7650,4054.5,Derived from Adidas master dataset
Online,8385,3354.0,Derived from Adidas master dataset
Online,7436,3718.0,Derived from Adidas master dataset
Online,6232,3053.68,Derived from Adidas master dataset
Online,5198,3534.64,Derived from Adidas master dataset
Online,7216,2164.8,Derived from Adidas master dataset
Online,6912,3456.0,Derived from Adidas master dataset
Online,7995,2798.25,Derived from Adidas master dataset
Online,7098,3903.9,Derived from Adidas master dataset
Online,6314,2841.3,Derived from Adidas master dataset
Online,4876,3315.68,Derived from Adidas master dataset
Online,7708,2697.8,Derived from Adidas master dataset
Online,10320,5160.0,Derived from Adidas master dataset
Online,7644,2751.84,Derived from Adidas master dataset
Online,8575,4716.25,Derived from Adidas master dataset
Online,6536,3202.64,Derived from Adidas master dataset
Online,5831,3848.46,Derived from Adidas master dataset
Online,10788,3560.04,Derived from Adidas master dataset
Online,8528,4434.56,Derived from Adidas master dataset
Online,7943,2780.05,Derived from Adidas master dataset
Online,7335,3814.2,Derived from Adidas master dataset
Online,6314,3030.72,Derived from Adidas master dataset
Online,5895,3831.75,Derived from Adidas master dataset
Online,11584,3591.04,Derived from Adidas master dataset
Online,11880,6534.0,Derived from Adidas master dataset
Online,10575,3701.25,Derived from Adidas master dataset
Online,9744,5359.2,Derived from Adidas master dataset
Online,7700,3696.0,Derived from Adidas master dataset
Online,5625,3881.25,Derived from Adidas master dataset
Online,12000,3720.0,Derived from Adidas master dataset
Online,9758,4976.58,Derived from Adidas master dataset
Online,9936,3775.68,Derived from Adidas master dataset
Online,10246,5327.92,Derived from Adidas master dataset
Online,8316,3991.68,Derived from Adidas master dataset
Online,8694,5738.04,Derived from Adidas master dataset
Online,11977,3593.1,Derived from Adidas master dataset
Online,11844,6158.88,Derived from Adidas master dataset
Online,11271,4508.4,Derived from Adidas master dataset
Online,10464,5336.64,Derived from Adidas master dataset
Online,7943,3812.64,Derived from Adidas master dataset
Online,10556,7072.52,Derived from Adidas master dataset
Online,11529,4035.15,Derived from Adidas master dataset
Online,10011,5405.94,Derived from Adidas master dataset
Online,12350,4569.5,Derived from Adidas master dataset
Online,9016,4508.0,Derived from Adidas master dataset
Online,8096,4048.0,Derived from Adidas master dataset
Online,9454,6334.18,Derived from Adidas master dataset
Online,11151,3456.81,Derived from Adidas master dataset
Online,10976,5488.0,Derived from Adidas master dataset
Online,11832,4259.52,Derived from Adidas master dataset
Online,8624,4398.24,Derived from Adidas master dataset
Online,8400,3780.0,Derived from Adidas master dataset
Online,9744,6625.92,Derived from Adidas master dataset
Online,10912,3819.2,Derived from Adidas master dataset
Online,11319,5659.5,Derived from Adidas master dataset
Online,11610,4411.8,Derived from Adidas master dataset
Online,7943,3971.5,Derived from Adidas master dataset
Online,8272,3722.4,Derived from Adidas master dataset
Online,9570,6603.3,Derived from Adidas master dataset
Online,11151,3791.34,Derived from Adidas master dataset
Online,11025,5622.75,Derived from Adidas master dataset
Online,12150,4617.0,Derived from Adidas master dataset
Online,8372,4520.88,Derived from Adidas master dataset
Online,10290,5145.0,Derived from Adidas master dataset
Online,8580,5577.0,Derived from Adidas master dataset
Online,11564,4047.4,Derived from Adidas master dataset
Online,5456,2837.12,Derived from Adidas master dataset
Online,3157,1452.22,Derived from Adidas master dataset
Online,2656,1248.32,Derived from Adidas master dataset
Online,1258,654.16,Derived from Adidas master dataset
Online,2491,1220.59,Derived from Adidas master dataset
Online,2829,1697.4,Derived from Adidas master dataset
Online,6952,3545.52,Derived from Adidas master dataset
Online,2193,1030.71,Derived from Adidas master dataset
Online,1952,897.92,Derived from Adidas master dataset
Online,1092,578.76,Derived from Adidas master dataset
Online,2200,1034.0,Derived from Adidas master dataset
Online,3311,2152.15,Derived from Adidas master dataset
Online,6768,3722.4,Derived from Adidas master dataset
Online,2760,1324.8,Derived from Adidas master dataset
Online,2516,1132.2,Derived from Adidas master dataset
Online,779,412.87,Derived from Adidas master dataset
Online,2128,1000.16,Derived from Adidas master dataset
Online,2835,1786.05,Derived from Adidas master dataset
Online,5856,3045.12,Derived from Adidas master dataset
Online,2112,971.52,Derived from Adidas master dataset
Online,1512,725.76,Derived from Adidas master dataset
Online,880,440.0,Derived from Adidas master dataset
Online,1512,710.64,Derived from Adidas master dataset
Online,3185,1911.0,Derived from Adidas master dataset
Online,7772,4196.88,Derived from Adidas master dataset
Online,2862,1287.9,Derived from Adidas master dataset
Online,2156,991.76,Derived from Adidas master dataset
Online,1344,712.32,Derived from Adidas master dataset
Online,2065,949.9,Derived from Adidas master dataset
Online,4032,2419.2,Derived from Adidas master dataset
Online,6210,3415.5,Derived from Adidas master dataset
Online,2709,1219.05,Derived from Adidas master dataset
Online,2106,947.7,Derived from Adidas master dataset
Online,1786,946.58,Derived from Adidas master dataset
Online,2346,1173.0,Derived from Adidas master dataset
Online,5355,3373.65,Derived from Adidas master dataset
Online,7567,3934.84,Derived from Adidas master dataset
Online,3483,1567.35,Derived from Adidas master dataset
Online,2340,1053.0,Derived from Adidas master dataset
Online,1950,1053.0,Derived from Adidas master dataset
Online,2632,1210.72,Derived from Adidas master dataset
Online,6480,3952.8,Derived from Adidas master dataset
Online,7301,3723.51,Derived from Adidas master dataset
Online,3854,1772.84,Derived from Adidas master dataset
Online,2850,1396.5,Derived from Adidas master dataset
Online,2331,1165.5,Derived from Adidas master dataset
Online,2450,1225.0,Derived from Adidas master dataset
Online,4700,3055.0,Derived from Adidas master dataset
Online,6345,3172.5,Derived from Adidas master dataset
Online,3444,1687.56,Derived from Adidas master dataset
Online,2160,1015.2,Derived from Adidas master dataset
Online,1584,839.52,Derived from Adidas master dataset
Online,2401,1104.46,Derived from Adidas master dataset
Online,3869,2476.16,Derived from Adidas master dataset
Online,6440,3542.0,Derived from Adidas master dataset
Online,3675,1800.75,Derived from Adidas master dataset
Online,1872,842.4,Derived from Adidas master dataset
Online,1551,791.01,Derived from Adidas master dataset
Online,1848,868.56,Derived from Adidas master dataset
Online,3900,2340.0,Derived from Adidas master dataset
Online,6160,3326.4,Derived from Adidas master dataset
Online,2990,1405.3,Derived from Adidas master dataset
Online,2352,1105.44,Derived from Adidas master dataset
Online,2438,1292.14,Derived from Adidas master dataset
Online,2296,1148.0,Derived from Adidas master dataset
Online,3965,2379.0,Derived from Adidas master dataset
Online,8550,4702.5,Derived from Adidas master dataset
Online,3450,1656.0,Derived from Adidas master dataset
Online,3450,1690.5,Derived from Adidas master dataset
Online,2646,1402.38,Derived from Adidas master dataset
Online,3422,1539.9,Derived from Adidas master dataset
Online,5184,3265.92,Derived from Adidas master dataset
Online,3780,1512.0,Derived from Adidas master dataset
Online,5488,2195.2,Derived from Adidas master dataset
Online,4266,1749.06,Derived from Adidas master dataset
Online,5168,2635.68,Derived from Adidas master dataset
Online,3478,1217.3,Derived from Adidas master dataset
Online,4851,2668.05,Derived from Adidas master dataset
Online,4048,1740.64,Derived from Adidas master dataset
Online,5216,2086.4,Derived from Adidas master dataset
Online,4046,1739.78,Derived from Adidas master dataset
Online,4096,2170.88,Derived from Adidas master dataset
Online,2850,997.5,Derived from Adidas master dataset
Online,4480,2508.8,Derived from Adidas master dataset
Online,5278,2639.0,Derived from Adidas master dataset
Online,6591,3295.5,Derived from Adidas master dataset
Online,4060,1908.2,Derived from Adidas master dataset
Online,3712,2115.84,Derived from Adidas master dataset
Online,3078,1385.1,Derived from Adidas master dataset
Online,4320,2721.6,Derived from Adidas master dataset
Online,3276,1474.2,Derived from Adidas master dataset
Online,4900,2352.0,Derived from Adidas master dataset
Online,3800,1862.0,Derived from Adidas master dataset
Online,3712,2190.08,Derived from Adidas master dataset
Online,2890,1156.0,Derived from Adidas master dataset
Online,4524,2804.88,Derived from Adidas master dataset
Online,3705,1852.5,Derived from Adidas master dataset
Online,5626,2756.74,Derived from Adidas master dataset
Online,4200,1974.0,Derived from Adidas master dataset
Online,5236,3141.6,Derived from Adidas master dataset
Online,6419,2888.55,Derived from Adidas master dataset
Online,9632,6260.8,Derived from Adidas master dataset
Online,9184,4132.8,Derived from Adidas master dataset
Online,9800,4704.0,Derived from Adidas master dataset
Online,7744,3639.68,Derived from Adidas master dataset
Online,7482,4115.1,Derived from Adidas master dataset
Online,6525,2805.75,Derived from Adidas master dataset
Online,13939,8781.57,Derived from Adidas master dataset
Online,9471,4924.92,Derived from Adidas master dataset
Online,10320,5572.8,Derived from Adidas master dataset
Online,11176,6146.8,Derived from Adidas master dataset
Online,6450,3934.5,Derived from Adidas master dataset
Online,7849,3610.54,Derived from Adidas master dataset
Online,13770,9225.9,Derived from Adidas master dataset
Online,10192,5197.92,Derived from Adidas master dataset
Online,11024,5512.0,Derived from Adidas master dataset
Online,12558,6906.9,Derived from Adidas master dataset
Online,6909,4490.85,Derived from Adidas master dataset
Online,7526,3612.48,Derived from Adidas master dataset
Online,13048,9133.6,Derived from Adidas master dataset
Online,9593,5276.15,Derived from Adidas master dataset
Online,9504,4847.04,Derived from Adidas master dataset
Online,11977,6347.81,Derived from Adidas master dataset
Online,7056,4586.4,Derived from Adidas master dataset
Online,7155,3505.95,Derived from Adidas master dataset
Online,9744,6820.8,Derived from Adidas master dataset
Online,6084,3042.0,Derived from Adidas master dataset
Online,6422,3275.22,Derived from Adidas master dataset
Online,5904,3070.08,Derived from Adidas master dataset
Online,4551,2730.6,Derived from Adidas master dataset
Online,3600,1620.0,Derived from Adidas master dataset
Online,7245,5071.5,Derived from Adidas master dataset
Online,6878,3782.9,Derived from Adidas master dataset
Online,8066,4033.0,Derived from Adidas master dataset
Online,11088,6098.4,Derived from Adidas master dataset
Online,8555,5304.1,Derived from Adidas master dataset
Online,7728,3709.44,Derived from Adidas master dataset
Online,11792,7664.8,Derived from Adidas master dataset
Online,13157,7104.78,Derived from Adidas master dataset
Online,12936,6726.72,Derived from Adidas master dataset
Online,11718,6327.72,Derived from Adidas master dataset
Online,10207,6328.34,Derived from Adidas master dataset
Online,9164,4582.0,Derived from Adidas master dataset
Online,15145,9995.7,Derived from Adidas master dataset
Online,4884,3418.8,Derived from Adidas master dataset
Online,2788,1310.36,Derived from Adidas master dataset
Online,1848,942.48,Derived from Adidas master dataset
Online,722,368.22,Derived from Adidas master dataset
Online,1944,874.8,Derived from Adidas master dataset
Online,2623,1154.12,Derived from Adidas master dataset
Online,4998,3348.66,Derived from Adidas master dataset
Online,1540,739.2,Derived from Adidas master dataset
Online,1564,813.28,Derived from Adidas master dataset
Online,507,263.64,Derived from Adidas master dataset
Online,1836,844.56,Derived from Adidas master dataset
Online,2992,1346.4,Derived from Adidas master dataset
Online,5880,4116.0,Derived from Adidas master dataset
Online,1786,875.14,Derived from Adidas master dataset
Online,1836,991.44,Derived from Adidas master dataset
Online,344,175.44,Derived from Adidas master dataset
Online,1160,464.0,Derived from Adidas master dataset
Online,2068,723.8,Derived from Adidas master dataset
Online,5612,3535.56,Derived from Adidas master dataset
Online,2025,850.5,Derived from Adidas master dataset
Online,1444,664.24,Derived from Adidas master dataset
Online,840,386.4,Derived from Adidas master dataset
Online,1210,508.2,Derived from Adidas master dataset
Online,2592,933.12,Derived from Adidas master dataset
Online,7888,4969.44,Derived from Adidas master dataset
Online,2862,1144.8,Derived from Adidas master dataset
Online,2184,1004.64,Derived from Adidas master dataset
Online,1479,695.13,Derived from Adidas master dataset
Online,1829,768.18,Derived from Adidas master dataset
Online,4032,1814.4,Derived from Adidas master dataset
Online,8640,5616.0,Derived from Adidas master dataset
Online,4130,1899.8,Derived from Adidas master dataset
Online,2288,1144.0,Derived from Adidas master dataset
Online,2028,1074.84,Derived from Adidas master dataset
Online,2700,1242.0,Derived from Adidas master dataset
Online,5265,2211.3,Derived from Adidas master dataset
Online,8700,5829.0,Derived from Adidas master dataset
Online,4950,2475.0,Derived from Adidas master dataset
Online,3009,1504.5,Derived from Adidas master dataset
Online,2244,1189.32,Derived from Adidas master dataset
Online,3840,1843.2,Derived from Adidas master dataset
Online,6272,2634.24,Derived from Adidas master dataset
Online,9480,6256.8,Derived from Adidas master dataset
Online,4050,1903.5,Derived from Adidas master dataset
Online,3294,1811.7,Derived from Adidas master dataset
Online,3074,1659.96,Derived from Adidas master dataset
Online,2806,1290.76,Derived from Adidas master dataset
Online,6080,2614.4,Derived from Adidas master dataset
Online,8866,5319.6,Derived from Adidas master dataset
Online,3840,1536.0,Derived from Adidas master dataset
Online,2050,922.5,Derived from Adidas master dataset
Online,2173,1021.31,Derived from Adidas master dataset
Online,1800,810.0,Derived from Adidas master dataset
Online,3355,1342.0,Derived from Adidas master dataset
Online,5720,3546.4,Derived from Adidas master dataset
Online,2961,1243.62,Derived from Adidas master dataset
Online,1632,734.4,Derived from Adidas master dataset
Online,1392,626.4,Derived from Adidas master dataset
Online,1512,650.16,Derived from Adidas master dataset
Online,3780,1474.2,Derived from Adidas master dataset
Online,7458,4847.7,Derived from Adidas master dataset
Online,3300,1551.0,Derived from Adidas master dataset
Online,3025,1603.25,Derived from Adidas master dataset
Online,2464,1256.64,Derived from Adidas master dataset
Online,2688,1290.24,Derived from Adidas master dataset
Online,4615,2030.6,Derived from Adidas master dataset
Online,8308,5732.52,Derived from Adidas master dataset
Online,3795,1707.75,Derived from Adidas master dataset
Online,3575,1894.75,Derived from Adidas master dataset
Online,3021,1601.13,Derived from Adidas master dataset
Online,2961,1362.06,Derived from Adidas master dataset
Online,5644,2426.92,Derived from Adidas master dataset
Online,3904,1991.04,Derived from Adidas master dataset
Online,5148,1904.76,Derived from Adidas master dataset
Online,4797,2590.38,Derived from Adidas master dataset
Online,3741,1870.5,Derived from Adidas master dataset
Online,3290,2138.5,Derived from Adidas master dataset
Online,5248,1574.4,Derived from Adidas master dataset
Online,5372,2686.0,Derived from Adidas master dataset
Online,5504,2201.6,Derived from Adidas master dataset
Online,4879,2585.87,Derived from Adidas master dataset
Online,3256,1497.76,Derived from Adidas master dataset
Online,2392,1674.4,Derived from Adidas master dataset
Online,4756,1617.04,Derived from Adidas master dataset
Online,6880,3784.0,Derived from Adidas master dataset
Online,6000,2400.0,Derived from Adidas master dataset
Online,5408,2866.24,Derived from Adidas master dataset
Online,4200,1974.0,Derived from Adidas master dataset
Online,2585,1809.5,Derived from Adidas master dataset
Online,5076,1725.84,Derived from Adidas master dataset
Online,8294,4229.94,Derived from Adidas master dataset
Online,6324,2403.12,Derived from Adidas master dataset
Online,7320,3879.6,Derived from Adidas master dataset
Online,4425,2035.5,Derived from Adidas master dataset
Online,3276,2162.16,Derived from Adidas master dataset
Online,7410,2519.4,Derived from Adidas master dataset
Online,8642,5012.36,Derived from Adidas master dataset
Online,6240,2683.2,Derived from Adidas master dataset
Online,7308,4165.56,Derived from Adidas master dataset
Online,5130,2565.0,Derived from Adidas master dataset
Online,3600,2520.0,Derived from Adidas master dataset
Online,10218,3576.3,Derived from Adidas master dataset
Online,10584,6032.88,Derived from Adidas master dataset
Online,10230,4194.3,Derived from Adidas master dataset
Online,10230,6035.7,Derived from Adidas master dataset
Online,6438,3283.38,Derived from Adidas master dataset
Online,4779,3536.46,Derived from Adidas master dataset
Online,12702,5080.8,Derived from Adidas master dataset
Online,12644,6701.32,Derived from Adidas master dataset
Online,10614,3821.04,Derived from Adidas master dataset
Online,8723,4623.19,Derived from Adidas master dataset
Online,6435,3153.15,Derived from Adidas master dataset
Online,7800,5460.0,Derived from Adidas master dataset
Online,11310,3393.0,Derived from Adidas master dataset
Online,13020,6900.6,Derived from Adidas master dataset
Online,11648,4542.72,Derived from Adidas master dataset
Online,9120,4742.4,Derived from Adidas master dataset
Online,7936,3729.92,Derived from Adidas master dataset
Online,9384,6381.12,Derived from Adidas master dataset
Online,8424,2864.16,Derived from Adidas master dataset
Online,9744,4677.12,Derived from Adidas master dataset
Online,9882,3359.88,Derived from Adidas master dataset
Online,6669,3334.5,Derived from Adidas master dataset
Online,6496,2858.24,Derived from Adidas master dataset
Online,8040,4904.4,Derived from Adidas master dataset
Online,8362,2508.6,Derived from Adidas master dataset
Online,7728,3786.72,Derived from Adidas master dataset
Online,9735,3407.25,Derived from Adidas master dataset
Online,5886,2648.7,Derived from Adidas master dataset
Online,5670,2381.4,Derived from Adidas master dataset
Online,5103,3112.83,Derived from Adidas master dataset
Online,6392,1598.0,Derived from Adidas master dataset
Online,8835,4240.8,Derived from Adidas master dataset
Online,9600,3264.0,Derived from Adidas master dataset
Online,5830,2681.8,Derived from Adidas master dataset
Online,6048,2479.68,Derived from Adidas master dataset
Online,5632,3604.48,Derived from Adidas master dataset
Online,9044,2351.44,Derived from Adidas master dataset
Online,11368,5342.96,Derived from Adidas master dataset
Online,11718,3984.12,Derived from Adidas master dataset
Online,7021,3299.87,Derived from Adidas master dataset
Online,7581,3335.64,Derived from Adidas master dataset
Online,7728,4636.8,Derived from Adidas master dataset
Online,11100,2997.0,Derived from Adidas master dataset
Online,3444,1722.0,Derived from Adidas master dataset
Online,4674,1542.42,Derived from Adidas master dataset
Online,4485,2063.1,Derived from Adidas master dataset
Online,2736,1231.2,Derived from Adidas master dataset
Online,2296,1469.44,Derived from Adidas master dataset
Online,4736,1231.36,Derived from Adidas master dataset
Online,3537,1697.76,Derived from Adidas master dataset
Online,4218,1265.4,Derived from Adidas master dataset
Online,4674,2337.0,Derived from Adidas master dataset
Online,2592,1166.4,Derived from Adidas master dataset
Online,2494,1546.28,Derived from Adidas master dataset
Online,4292,1158.84,Derived from Adidas master dataset
Online,6105,2930.4,Derived from Adidas master dataset
Online,5376,1827.84,Derived from Adidas master dataset
Online,5916,2898.84,Derived from Adidas master dataset
Online,4590,1973.7,Derived from Adidas master dataset
Online,2184,1310.4,Derived from Adidas master dataset
Online,4940,1432.6,Derived from Adidas master dataset
Online,7205,3386.35,Derived from Adidas master dataset
Online,5546,1941.1,Derived from Adidas master dataset
Online,6893,3446.5,Derived from Adidas master dataset
Online,4144,1781.92,Derived from Adidas master dataset
Online,2728,1664.08,Derived from Adidas master dataset
Online,7056,1764.0,Derived from Adidas master dataset
Online,7205,4395.05,Derived from Adidas master dataset
Online,6300,2898.0,Derived from Adidas master dataset
Online,5782,3469.2,Derived from Adidas master dataset
Online,4002,2361.18,Derived from Adidas master dataset
Online,2772,2106.72,Derived from Adidas master dataset
Online,9842,4232.06,Derived from Adidas master dataset
Online,10206,6531.84,Derived from Adidas master dataset
Online,8496,4248.0,Derived from Adidas master dataset
Online,9600,6144.0,Derived from Adidas master dataset
Online,8370,5022.0,Derived from Adidas master dataset
Online,6006,4624.62,Derived from Adidas master dataset
Online,15023,6459.89,Derived from Adidas master dataset
Online,12928,7756.8,Derived from Adidas master dataset
Online,12596,5038.4,Derived from Adidas master dataset
Online,10787,5932.85,Derived from Adidas master dataset
Online,8723,4535.96,Derived from Adidas master dataset
Online,8777,6143.9,Derived from Adidas master dataset
Online,10686,4274.4,Derived from Adidas master dataset
Online,12348,7285.32,Derived from Adidas master dataset
Online,13797,5794.74,Derived from Adidas master dataset
Online,9581,5461.17,Derived from Adidas master dataset
Online,8505,4592.7,Derived from Adidas master dataset
Online,10360,7562.8,Derived from Adidas master dataset
Online,7400,2590.0,Derived from Adidas master dataset
Online,9558,5065.74,Derived from Adidas master dataset
Online,11592,4173.12,Derived from Adidas master dataset
Online,6780,3390.0,Derived from Adidas master dataset
Online,5900,2832.0,Derived from Adidas master dataset
Online,8880,6127.2,Derived from Adidas master dataset
Online,6890,2135.9,Derived from Adidas master dataset
Online,6987,3493.5,Derived from Adidas master dataset
Online,8208,2872.8,Derived from Adidas master dataset
Online,5202,2601.0,Derived from Adidas master dataset
Online,4505,2072.3,Derived from Adidas master dataset
Online,4800,3168.0,Derived from Adidas master dataset
Online,6825,2047.5,Derived from Adidas master dataset
Online,7800,4290.0,Derived from Adidas master dataset
Online,8250,3052.5,Derived from Adidas master dataset
Online,6528,3459.84,Derived from Adidas master dataset
Online,6960,3340.8,Derived from Adidas master dataset
Online,7140,4926.6,Derived from Adidas master dataset
Online,9490,2941.9,Derived from Adidas master dataset
Online,11977,6228.04,Derived from Adidas master dataset
Online,11648,4426.24,Derived from Adidas master dataset
Online,7500,4125.0,Derived from Adidas master dataset
Online,7875,3543.75,Derived from Adidas master dataset
Online,7820,5239.4,Derived from Adidas master dataset
Online,10275,3390.75,Derived from Adidas master dataset
Online,4212,1726.92,Derived from Adidas master dataset
Online,6288,2515.2,Derived from Adidas master dataset
Online,6210,2173.5,Derived from Adidas master dataset
Online,3822,1567.02,Derived from Adidas master dataset
Online,3723,1451.97,Derived from Adidas master dataset
Online,5750,1782.5,Derived from Adidas master dataset
Online,4968,2136.24,Derived from Adidas master dataset
Online,6157,2401.23,Derived from Adidas master dataset
Online,5734,2236.26,Derived from Adidas master dataset
Online,4176,1753.92,Derived from Adidas master dataset
Online,3380,1352.0,Derived from Adidas master dataset
Online,5658,1753.98,Derived from Adidas master dataset
Online,7682,3456.9,Derived from Adidas master dataset
Online,6670,2401.2,Derived from Adidas master dataset
Online,6900,2760.0,Derived from Adidas master dataset
Online,5440,2284.8,Derived from Adidas master dataset
Online,3174,1206.12,Derived from Adidas master dataset
Online,6510,2213.4,Derived from Adidas master dataset
Online,10880,4787.2,Derived from Adidas master dataset
Online,6248,2436.72,Derived from Adidas master dataset
Online,8880,3463.2,Derived from Adidas master dataset
Online,4950,2079.0,Derived from Adidas master dataset
Online,3304,1321.6,Derived from Adidas master dataset
Online,6864,2196.48,Derived from Adidas master dataset
Online,9075,3720.75,Derived from Adidas master dataset
Online,6480,2462.4,Derived from Adidas master dataset
Online,7320,2781.6,Derived from Adidas master dataset
Online,5310,2336.4,Derived from Adidas master dataset
Online,3120,1185.6,Derived from Adidas master dataset
Online,9375,3093.75,Derived from Adidas master dataset
Online,13845,5814.9,Derived from Adidas master dataset
Online,13912,5147.44,Derived from Adidas master dataset
Online,11736,4459.68,Derived from Adidas master dataset
Online,9375,3750.0,Derived from Adidas master dataset
Online,8610,3357.9,Derived from Adidas master dataset
Online,17836,6064.24,Derived from Adidas master dataset
Online,17447,6978.8,Derived from Adidas master dataset
Online,14924,5372.64,Derived from Adidas master dataset
Online,13650,4777.5,Derived from Adidas master dataset
Online,10686,4381.26,Derived from Adidas master dataset
Online,11088,3880.8,Derived from Adidas master dataset
Online,14725,5153.75,Derived from Adidas master dataset
Online,17360,7812.0,Derived from Adidas master dataset
Online,16170,6306.3,Derived from Adidas master dataset
Online,11899,4164.65,Derived from Adidas master dataset
Online,11470,5046.8,Derived from Adidas master dataset
Online,11005,4291.95,Derived from Adidas master dataset
Online,8208,2708.64,Derived from Adidas master dataset
Online,9984,4093.44,Derived from Adidas master dataset
Online,12354,4323.9,Derived from Adidas master dataset
Online,8505,3146.85,Derived from Adidas master dataset
Online,7504,3001.6,Derived from Adidas master dataset
Online,7992,3196.8,Derived from Adidas master dataset
Online,7006,2452.1,Derived from Adidas master dataset
Online,8642,3456.8,Derived from Adidas master dataset
Online,8832,3267.84,Derived from Adidas master dataset
Online,6328,2278.08,Derived from Adidas master dataset
Online,5684,2500.96,Derived from Adidas master dataset
Online,6486,2270.1,Derived from Adidas master dataset
Online,7171,2509.85,Derived from Adidas master dataset
Online,8748,3849.12,Derived from Adidas master dataset
Online,11280,4173.6,Derived from Adidas master dataset
Online,6696,2477.52,Derived from Adidas master dataset
Online,8073,3471.39,Derived from Adidas master dataset
Online,9775,3910.0,Derived from Adidas master dataset
Online,12144,3764.64,Derived from Adidas master dataset
Online,14664,5865.6,Derived from Adidas master dataset
Online,15015,5705.7,Derived from Adidas master dataset
Online,10074,3928.86,Derived from Adidas master dataset
Online,10488,4509.84,Derived from Adidas master dataset
Online,10906,4144.28,Derived from Adidas master dataset
Online,12900,4386.0,Derived from Adidas master dataset
Online,12012,6606.6,Derived from Adidas master dataset
Online,9061,4439.89,Derived from Adidas master dataset
Online,7820,3049.8,Derived from Adidas master dataset
Online,6650,2660.0,Derived from Adidas master dataset
Online,9750,4875.0,Derived from Adidas master dataset
Online,10127,6278.74,Derived from Adidas master dataset
Online,13717,7818.69,Derived from Adidas master dataset
Online,8385,4108.65,Derived from Adidas master dataset
Online,7680,2918.4,Derived from Adidas master dataset
Online,6422,2825.68,Derived from Adidas master dataset
Online,11554,5545.92,Derived from Adidas master dataset
Online,9061,5889.65,Derived from Adidas master dataset
Online,10988,6592.8,Derived from Adidas master dataset
Online,9450,4536.0,Derived from Adidas master dataset
Online,6944,2430.4,Derived from Adidas master dataset
Online,6300,2520.0,Derived from Adidas master dataset
Online,9646,4437.16,Derived from Adidas master dataset
Online,9450,6048.0,Derived from Adidas master dataset
Online,10752,6236.16,Derived from Adidas master dataset
Online,8610,4305.0,Derived from Adidas master dataset
Online,6496,2598.4,Derived from Adidas master dataset
Online,7182,3231.9,Derived from Adidas master dataset
Online,10192,4586.4,Derived from Adidas master dataset
Online,9152,5491.2,Derived from Adidas master dataset
Online,15600,8736.0,Derived from Adidas master dataset
Online,10476,5238.0,Derived from Adidas master dataset
Online,8836,3269.32,Derived from Adidas master dataset
Online,8575,3687.25,Derived from Adidas master dataset
Online,11368,5342.96,Derived from Adidas master dataset
Online,15872,10158.08,Derived from Adidas master dataset
Online,15950,9410.5,Derived from Adidas master dataset
Online,11124,5450.76,Derived from Adidas master dataset
Online,10192,3567.2,Derived from Adidas master dataset
Online,10199,4079.6,Derived from Adidas master dataset
Online,14446,7078.54,Derived from Adidas master dataset
Online,16317,10606.05,Derived from Adidas master dataset
Online,17940,10764.0,Derived from Adidas master dataset
Online,12825,5899.5,Derived from Adidas master dataset
Online,10750,3977.5,Derived from Adidas master dataset
Online,12349,5310.07,Derived from Adidas master dataset
Online,12688,6217.12,Derived from Adidas master dataset
Online,16348,10626.2,Derived from Adidas master dataset
Online,18240,10396.8,Derived from Adidas master dataset
Online,13860,6237.0,Derived from Adidas master dataset
Online,12243,4529.91,Derived from Adidas master dataset
Online,10252,4100.8,Derived from Adidas master dataset
Online,11700,5265.0,Derived from Adidas master dataset
Online,15568,9496.48,Derived from Adidas master dataset
Online,15052,8278.6,Derived from Adidas master dataset
Online,11730,5278.5,Derived from Adidas master dataset
Online,9225,3413.25,Derived from Adidas master dataset
Online,8820,3792.6,Derived from Adidas master dataset
Online,10500,5250.0,Derived from Adidas master dataset
Online,12265,7726.95,Derived from Adidas master dataset
Online,15120,9072.0,Derived from Adidas master dataset
Online,10105,4547.25,Derived from Adidas master dataset
Online,9541,3720.99,Derived from Adidas master dataset
Online,8190,3603.6,Derived from Adidas master dataset
Online,10773,5386.5,Derived from Adidas master dataset
Online,13157,8552.05,Derived from Adidas master dataset
Online,13664,7925.12,Derived from Adidas master dataset
Online,10976,5268.48,Derived from Adidas master dataset
Online,10304,3812.48,Derived from Adidas master dataset
Online,9898,4355.12,Derived from Adidas master dataset
Online,12480,6240.0,Derived from Adidas master dataset
Online,13632,8179.2,Derived from Adidas master dataset
Online,20349,11395.44,Derived from Adidas master dataset
Online,12954,6088.38,Derived from Adidas master dataset
Online,12896,4771.52,Derived from Adidas master dataset
Online,11286,4852.98,Derived from Adidas master dataset
Online,12120,5938.8,Derived from Adidas master dataset
Online,14016,8830.08,Derived from Adidas master dataset
Online,4323,1945.35,Derived from Adidas master dataset
Online,2145,858.0,Derived from Adidas master dataset
Online,1512,665.28,Derived from Adidas master dataset
Online,754,339.3,Derived from Adidas master dataset
Online,1677,754.65,Derived from Adidas master dataset
Online,2080,1164.8,Derived from Adidas master dataset
Online,4320,1944.0,Derived from Adidas master dataset
Online,1292,581.4,Derived from Adidas master dataset
Online,1400,588.0,Derived from Adidas master dataset
Online,540,253.8,Derived from Adidas master dataset
Online,1804,739.64,Derived from Adidas master dataset
Online,2210,1215.5,Derived from Adidas master dataset
Online,4524,2262.0,Derived from Adidas master dataset
Online,1330,532.0,Derived from Adidas master dataset
Online,1537,691.65,Derived from Adidas master dataset
Online,224,112.0,Derived from Adidas master dataset
Online,893,375.06,Derived from Adidas master dataset
Online,1786,982.3,Derived from Adidas master dataset
Online,4320,2030.4,Derived from Adidas master dataset
Online,1064,446.88,Derived from Adidas master dataset
Online,754,331.76,Derived from Adidas master dataset
Online,224,112.0,Derived from Adidas master dataset
Online,658,263.2,Derived from Adidas master dataset
Online,1908,1144.8,Derived from Adidas master dataset
Online,5568,2616.96,Derived from Adidas master dataset
Online,1936,793.76,Derived from Adidas master dataset
Online,1406,618.64,Derived from Adidas master dataset
Online,468,229.32,Derived from Adidas master dataset
Online,1000,410.0,Derived from Adidas master dataset
Online,2958,1745.22,Derived from Adidas master dataset
Online,4664,2285.36,Derived from Adidas master dataset
Online,1862,763.42,Derived from Adidas master dataset
Online,1551,697.95,Derived from Adidas master dataset
Online,1440,676.8,Derived from Adidas master dataset
Online,2205,926.1,Derived from Adidas master dataset
Online,4293,2404.08,Derived from Adidas master dataset
Online,7840,3684.8,Derived from Adidas master dataset
Online,3150,1417.5,Derived from Adidas master dataset
Online,2268,952.56,Derived from Adidas master dataset
Online,1938,930.24,Derived from Adidas master dataset
Online,2842,1165.22,Derived from Adidas master dataset
Online,5292,2910.6,Derived from Adidas master dataset
Online,6439,3026.33,Derived from Adidas master dataset
Online,3741,1533.81,Derived from Adidas master dataset
Online,2516,1006.4,Derived from Adidas master dataset
Online,1551,759.99,Derived from Adidas master dataset
Online,1764,723.24,Derived from Adidas master dataset
Online,4048,2307.36,Derived from Adidas master dataset
Online,4859,2332.32,Derived from Adidas master dataset
Online,2701,1215.45,Derived from Adidas master dataset
Online,984,393.6,Derived from Adidas master dataset
Online,744,342.24,Derived from Adidas master dataset
Online,1088,478.72,Derived from Adidas master dataset
Online,2028,1155.96,Derived from Adidas master dataset
Online,4018,1888.46,Derived from Adidas master dataset
Online,1972,847.96,Derived from Adidas master dataset
Online,800,336.0,Derived from Adidas master dataset
Online,672,309.12,Derived from Adidas master dataset
Online,779,327.18,Derived from Adidas master dataset
Online,2940,1764.0,Derived from Adidas master dataset
Online,4186,1967.42,Derived from Adidas master dataset
Online,1976,790.4,Derived from Adidas master dataset
Online,1368,547.2,Derived from Adidas master dataset
Online,1710,837.9,Derived from Adidas master dataset
Online,1768,742.56,Derived from Adidas master dataset
Online,3599,2159.4,Derived from Adidas master dataset
Online,6200,3100.0,Derived from Adidas master dataset
Online,3234,1455.3,Derived from Adidas master dataset
Online,2464,1010.24,Derived from Adidas master dataset
Online,2156,1056.44,Derived from Adidas master dataset
Online,2376,974.16,Derived from Adidas master dataset
Online,4158,2370.06,Derived from Adidas master dataset
Online,3808,2208.64,Derived from Adidas master dataset
Online,5504,2311.68,Derived from Adidas master dataset
Online,4879,2878.61,Derived from Adidas master dataset
Online,4312,2242.24,Derived from Adidas master dataset
Online,3619,2714.25,Derived from Adidas master dataset
Online,5934,2314.26,Derived from Adidas master dataset
Online,5372,3062.04,Derived from Adidas master dataset
Online,5166,2324.7,Derived from Adidas master dataset
Online,5246,2990.22,Derived from Adidas master dataset
Online,3564,1960.2,Derived from Adidas master dataset
Online,2832,2039.04,Derived from Adidas master dataset
Online,5117,1893.29,Derived from Adidas master dataset
Online,5536,3044.8,Derived from Adidas master dataset
Online,4715,1933.15,Derived from Adidas master dataset
Online,5376,3064.32,Derived from Adidas master dataset
Online,4004,2122.12,Derived from Adidas master dataset
Online,2880,2044.8,Derived from Adidas master dataset
Online,4704,1834.56,Derived from Adidas master dataset
Online,7084,4179.56,Derived from Adidas master dataset
Online,4343,1954.35,Derived from Adidas master dataset
Online,5280,3168.0,Derived from Adidas master dataset
Online,2808,1404.0,Derived from Adidas master dataset
Online,2464,1823.36,Derived from Adidas master dataset
Online,5555,2166.45,Derived from Adidas master dataset
Online,5850,3334.5,Derived from Adidas master dataset
Online,4346,1912.24,Derived from Adidas master dataset
Online,4884,2686.2,Derived from Adidas master dataset
Online,3344,1772.32,Derived from Adidas master dataset
Online,2501,1850.74,Derived from Adidas master dataset
Online,6372,2421.36,Derived from Adidas master dataset
Online,6084,3589.56,Derived from Adidas master dataset
Online,6174,2531.34,Derived from Adidas master dataset
Online,7260,3993.0,Derived from Adidas master dataset
Online,4028,2134.84,Derived from Adidas master dataset
Online,3075,2275.5,Derived from Adidas master dataset
Online,8250,2970.0,Derived from Adidas master dataset
Online,7511,4431.49,Derived from Adidas master dataset
Online,6396,2750.28,Derived from Adidas master dataset
Online,6292,3712.28,Derived from Adidas master dataset
Online,4068,2156.04,Derived from Adidas master dataset
Online,5208,3645.6,Derived from Adidas master dataset
Online,8294,2902.9,Derived from Adidas master dataset
Online,8526,4945.08,Derived from Adidas master dataset
Online,10152,4365.36,Derived from Adidas master dataset
Online,6370,3758.3,Derived from Adidas master dataset
Online,4346,2346.84,Derived from Adidas master dataset
Online,5512,3858.4,Derived from Adidas master dataset
Online,6272,2383.36,Derived from Adidas master dataset
Online,7380,4280.4,Derived from Adidas master dataset
Online,7488,3294.72,Derived from Adidas master dataset
Online,4914,2751.84,Derived from Adidas master dataset
Online,4756,2615.8,Derived from Adidas master dataset
Online,5000,3650.0,Derived from Adidas master dataset
Online,7198,2879.2,Derived from Adidas master dataset
Online,7040,3942.4,Derived from Adidas master dataset
Online,7840,3371.2,Derived from Adidas master dataset
Online,4756,2710.92,Derived from Adidas master dataset
Online,4620,2402.4,Derived from Adidas master dataset
Online,5292,3969.0,Derived from Adidas master dataset
Online,6264,2442.96,Derived from Adidas master dataset
Online,6346,3744.14,Derived from Adidas master dataset
Online,7266,2979.06,Derived from Adidas master dataset
Online,4551,2594.07,Derived from Adidas master dataset
Online,4641,2552.55,Derived from Adidas master dataset
Online,5763,4264.62,Derived from Adidas master dataset
Online,7448,2830.24,Derived from Adidas master dataset
Online,8036,4500.16,Derived from Adidas master dataset
Online,8190,3521.7,Derived from Adidas master dataset
Online,5586,3351.6,Derived from Adidas master dataset
Online,6149,3135.99,Derived from Adidas master dataset
Online,6360,4642.8,Derived from Adidas master dataset
Online,7150,2860.0,Derived from Adidas master dataset
Online,3780,1890.0,Derived from Adidas master dataset
Online,5278,2427.88,Derived from Adidas master dataset
Online,3510,1579.5,Derived from Adidas master dataset
Online,4320,2462.4,Derived from Adidas master dataset
Online,3705,1482.0,Derived from Adidas master dataset
Online,4125,2681.25,Derived from Adidas master dataset
Online,4056,2028.0,Derived from Adidas master dataset
Online,5973,2867.04,Derived from Adidas master dataset
Online,3904,1873.92,Derived from Adidas master dataset
Online,3564,2138.4,Derived from Adidas master dataset
Online,3071,1259.11,Derived from Adidas master dataset
Online,4256,2723.84,Derived from Adidas master dataset
Online,5103,2602.53,Derived from Adidas master dataset
Online,6031,3136.12,Derived from Adidas master dataset
Online,3472,1909.6,Derived from Adidas master dataset
Online,3333,2133.12,Derived from Adidas master dataset
Online,2691,1264.77,Derived from Adidas master dataset
Online,3663,2417.58,Derived from Adidas master dataset
Online,3211,1605.5,Derived from Adidas master dataset
Online,4224,2154.24,Derived from Adidas master dataset
Online,2565,1410.75,Derived from Adidas master dataset
Online,2576,1674.4,Derived from Adidas master dataset
Online,2352,1058.4,Derived from Adidas master dataset
Online,3864,2627.52,Derived from Adidas master dataset
Online,2646,1323.0,Derived from Adidas master dataset
Online,5014,2507.0,Derived from Adidas master dataset
Online,3420,1846.8,Derived from Adidas master dataset
Online,3834,2300.4,Derived from Adidas master dataset
Online,4346,2129.54,Derived from Adidas master dataset
Online,7676,5142.92,Derived from Adidas master dataset
Online,7812,3984.12,Derived from Adidas master dataset
Online,8484,4326.84,Derived from Adidas master dataset
Online,6084,3102.84,Derived from Adidas master dataset
Online,6264,3821.04,Derived from Adidas master dataset
Online,6235,2992.8,Derived from Adidas master dataset
Online,11564,7516.6,Derived from Adidas master dataset
Online,7740,4411.8,Derived from Adidas master dataset
Online,8858,5137.64,Derived from Adidas master dataset
Online,9468,5680.8,Derived from Adidas master dataset
Online,5957,3872.05,Derived from Adidas master dataset
Online,7095,3760.35,Derived from Adidas master dataset
Online,11596,8117.2,Derived from Adidas master dataset
Online,9553,5445.21,Derived from Adidas master dataset
Online,12582,7171.74,Derived from Adidas master dataset
Online,13110,7866.0,Derived from Adidas master dataset
Online,5586,3854.34,Derived from Adidas master dataset
Online,6517,3454.01,Derived from Adidas master dataset
Online,9593,6811.03,Derived from Adidas master dataset
Online,8918,5350.8,Derived from Adidas master dataset
Online,7943,4765.8,Derived from Adidas master dataset
Online,9828,5798.52,Derived from Adidas master dataset
Online,5300,3710.0,Derived from Adidas master dataset
Online,5640,2876.4,Derived from Adidas master dataset
Online,6846,5066.04,Derived from Adidas master dataset
Online,5709,3254.13,Derived from Adidas master dataset
Online,4800,2880.0,Derived from Adidas master dataset
Online,5292,3069.36,Derived from Adidas master dataset
Online,3724,2606.8,Derived from Adidas master dataset
Online,2816,1436.16,Derived from Adidas master dataset
Online,5633,3999.43,Derived from Adidas master dataset
Online,5684,3183.04,Derived from Adidas master dataset
Online,5481,3069.36,Derived from Adidas master dataset
Online,8700,4872.0,Derived from Adidas master dataset
Online,6916,4772.04,Derived from Adidas master dataset
Online,5763,3054.39,Derived from Adidas master dataset
Online,9971,7079.41,Derived from Adidas master dataset
Online,10600,6148.0,Derived from Adidas master dataset
Online,12240,6732.0,Derived from Adidas master dataset
Online,11340,6237.0,Derived from Adidas master dataset
Online,8046,5551.74,Derived from Adidas master dataset
Online,7000,3500.0,Derived from Adidas master dataset
Online,13725,10156.5,Derived from Adidas master dataset
Online,3808,1904.0,Derived from Adidas master dataset
Online,1792,878.08,Derived from Adidas master dataset
Online,1560,748.8,Derived from Adidas master dataset
Online,513,271.89,Derived from Adidas master dataset
Online,1505,677.25,Derived from Adidas master dataset
Online,2176,1327.36,Derived from Adidas master dataset
Online,3808,2056.32,Derived from Adidas master dataset
Online,1254,627.0,Derived from Adidas master dataset
Online,1081,540.5,Derived from Adidas master dataset
Online,406,203.0,Derived from Adidas master dataset
Online,1271,622.79,Derived from Adidas master dataset
Online,1920,1190.4,Derived from Adidas master dataset
Online,4636,2503.44,Derived from Adidas master dataset
Online,1014,466.44,Derived from Adidas master dataset
Online,1131,565.5,Derived from Adidas master dataset
Online,0,0.0,Derived from Adidas master dataset
Online,585,274.95,Derived from Adidas master dataset
Online,1406,857.66,Derived from Adidas master dataset
Online,3990,2114.7,Derived from Adidas master dataset
Online,736,331.2,Derived from Adidas master dataset
Online,483,217.35,Derived from Adidas master dataset
Online,0,0.0,Derived from Adidas master dataset
Online,252,120.96,Derived from Adidas master dataset
Online,1326,822.12,Derived from Adidas master dataset
Online,5192,2803.68,Derived from Adidas master dataset
Online,1254,627.0,Derived from Adidas master dataset
Online,960,460.8,Derived from Adidas master dataset
Online,238,126.14,Derived from Adidas master dataset
Online,598,275.08,Derived from Adidas master dataset
Online,2091,1296.42,Derived from Adidas master dataset
Online,4320,2289.6,Derived from Adidas master dataset
Online,1440,720.0,Derived from Adidas master dataset
Online,1242,558.9,Derived from Adidas master dataset
Online,1053,568.62,Derived from Adidas master dataset
Online,1764,882.0,Derived from Adidas master dataset
Online,4165,2582.3,Derived from Adidas master dataset
Online,7095,3618.45,Derived from Adidas master dataset
Online,2997,1348.65,Derived from Adidas master dataset
Online,2142,963.9,Derived from Adidas master dataset
Online,1518,789.36,Derived from Adidas master dataset
Online,1804,883.96,Derived from Adidas master dataset
Online,4459,2809.17,Derived from Adidas master dataset
Online,5945,3150.85,Derived from Adidas master dataset
Online,3360,1646.4,Derived from Adidas master dataset
Online,1872,898.56,Derived from Adidas master dataset
Online,1102,562.02,Derived from Adidas master dataset
Online,999,479.52,Derived from Adidas master dataset
Online,3036,1821.6,Derived from Adidas master dataset
Online,4256,2298.24,Derived from Adidas master dataset
Online,1848,850.08,Derived from Adidas master dataset
Online,450,216.0,Derived from Adidas master dataset
Online,437,227.24,Derived from Adidas master dataset
Online,609,292.32,Derived from Adidas master dataset
Online,1326,822.12,Derived from Adidas master dataset
Online,3384,1827.36,Derived from Adidas master dataset
Online,1189,546.94,Derived from Adidas master dataset
Online,406,203.0,Derived from Adidas master dataset
Online,203,107.59,Derived from Adidas master dataset
Online,259,124.32,Derived from Adidas master dataset
Online,1672,1053.36,Derived from Adidas master dataset
Online,3108,1678.32,Derived from Adidas master dataset
Online,1189,546.94,Derived from Adidas master dataset
Online,725,340.75,Derived from Adidas master dataset
Online,972,534.6,Derived from Adidas master dataset
Online,1296,583.2,Derived from Adidas master dataset
Online,3074,1905.88,Derived from Adidas master dataset
Online,5733,2866.5,Derived from Adidas master dataset
Online,2268,1134.0,Derived from Adidas master dataset
Online,2340,1146.6,Derived from Adidas master dataset
Online,1444,794.2,Derived from Adidas master dataset
Online,1755,842.4,Derived from Adidas master dataset
Online,3510,2176.2,Derived from Adidas master dataset
Online,3857,2044.21,Derived from Adidas master dataset
Online,5684,3069.36,Derived from Adidas master dataset
Online,3864,2125.2,Derived from Adidas master dataset
Online,4554,2914.56,Derived from Adidas master dataset
Online,3256,1562.88,Derived from Adidas master dataset
Online,4416,3091.2,Derived from Adidas master dataset
Online,3744,2021.76,Derived from Adidas master dataset
Online,5742,3100.68,Derived from Adidas master dataset
Online,4096,2129.92,Derived from Adidas master dataset
Online,3136,1944.32,Derived from Adidas master dataset
Online,2584,1240.32,Derived from Adidas master dataset
Online,4158,2785.86,Derived from Adidas master dataset
Online,4564,2510.2,Derived from Adidas master dataset
Online,6768,3722.4,Derived from Adidas master dataset
Online,3159,1832.22,Derived from Adidas master dataset
Online,3465,2356.2,Derived from Adidas master dataset
Online,2701,1350.5,Derived from Adidas master dataset
Online,3536,2652.0,Derived from Adidas master dataset
Online,3705,2148.9,Derived from Adidas master dataset
Online,3591,2082.78,Derived from Adidas master dataset
Online,1666,982.94,Derived from Adidas master dataset
Online,2034,1342.44,Derived from Adidas master dataset
Online,1702,902.06,Derived from Adidas master dataset
Online,2980,2235.0,Derived from Adidas master dataset
Online,1827,1077.93,Derived from Adidas master dataset
Online,3591,2118.69,Derived from Adidas master dataset
Online,2595,1453.2,Derived from Adidas master dataset
Online,4590,3121.2,Derived from Adidas master dataset
Online,5880,3175.2,Derived from Adidas master dataset
Online,8729,6284.88,Derived from Adidas master dataset
Online,8729,4800.95,Derived from Adidas master dataset
Online,9947,5570.32,Derived from Adidas master dataset
Online,8316,4906.44,Derived from Adidas master dataset
Online,7380,5092.2,Derived from Adidas master dataset
Online,7105,3907.75,Derived from Adidas master dataset
Online,12250,8820.0,Derived from Adidas master dataset
Online,9064,5800.96,Derived from Adidas master dataset
Online,10535,6742.4,Derived from Adidas master dataset
Online,10414,6560.82,Derived from Adidas master dataset
Online,7612,5632.88,Derived from Adidas master dataset
Online,5895,3419.1,Derived from Adidas master dataset
Online,13440,10752.0,Derived from Adidas master dataset
Online,8550,5215.5,Derived from Adidas master dataset
Online,10920,7098.0,Derived from Adidas master dataset
Online,13668,8200.8,Derived from Adidas master dataset
Online,5474,3886.54,Derived from Adidas master dataset
Online,6150,3628.5,Derived from Adidas master dataset
Online,10738,8268.26,Derived from Adidas master dataset
Online,8925,5355.0,Derived from Adidas master dataset
Online,7200,4536.0,Derived from Adidas master dataset
Online,11092,6987.96,Derived from Adidas master dataset
Online,5510,3912.1,Derived from Adidas master dataset
Online,3608,2056.56,Derived from Adidas master dataset
Online,5550,4273.5,Derived from Adidas master dataset
Online,3799,2279.4,Derived from Adidas master dataset
Online,4582,2886.66,Derived from Adidas master dataset
Online,3968,2380.8,Derived from Adidas master dataset
Online,2912,2125.76,Derived from Adidas master dataset
Online,2262,1357.2,Derived from Adidas master dataset
Online,5148,3861.0,Derived from Adidas master dataset
Online,3042,1946.88,Derived from Adidas master dataset
Online,3211,1958.71,Derived from Adidas master dataset
Online,6192,3962.88,Derived from Adidas master dataset
Online,5764,4207.72,Derived from Adidas master dataset
Online,5328,3143.52,Derived from Adidas master dataset
Online,10528,8317.12,Derived from Adidas master dataset
Online,13048,8220.24,Derived from Adidas master dataset
Online,13050,8352.0,Derived from Adidas master dataset
Online,11200,6944.0,Derived from Adidas master dataset
Online,9009,6756.75,Derived from Adidas master dataset
Online,8410,4709.6,Derived from Adidas master dataset
Online,13804,11043.2,Derived from Adidas master dataset
Online,4446,2223.0,Derived from Adidas master dataset
Online,2850,1311.0,Derived from Adidas master dataset
Online,1764,917.28,Derived from Adidas master dataset
Online,952,390.32,Derived from Adidas master dataset
Online,1974,769.86,Derived from Adidas master dataset
Online,2584,1343.68,Derived from Adidas master dataset
Online,5320,2606.8,Derived from Adidas master dataset
Online,1710,803.7,Derived from Adidas master dataset
Online,1740,922.2,Derived from Adidas master dataset
Online,646,271.32,Derived from Adidas master dataset
Online,2070,807.3,Derived from Adidas master dataset
Online,2331,1188.81,Derived from Adidas master dataset
Online,4953,2426.97,Derived from Adidas master dataset
Online,1794,879.06,Derived from Adidas master dataset
Online,1404,772.2,Derived from Adidas master dataset
Online,416,166.4,Derived from Adidas master dataset
Online,1421,511.56,Derived from Adidas master dataset
Online,1800,990.0,Derived from Adidas master dataset
Online,4514,2166.72,Derived from Adidas master dataset
Online,1628,765.16,Derived from Adidas master dataset
Online,1188,641.52,Derived from Adidas master dataset
Online,693,277.2,Derived from Adidas master dataset
Online,940,357.2,Derived from Adidas master dataset
Online,2457,1253.07,Derived from Adidas master dataset
Online,7488,3369.6,Derived from Adidas master dataset
Online,2880,1440.0,Derived from Adidas master dataset
Online,1974,1065.96,Derived from Adidas master dataset
Online,1394,557.6,Derived from Adidas master dataset
Online,2142,792.54,Derived from Adidas master dataset
Online,4032,2136.96,Derived from Adidas master dataset
Online,8532,4010.04,Derived from Adidas master dataset
Online,3696,1811.04,Derived from Adidas master dataset
Online,2436,1242.36,Derived from Adidas master dataset
Online,2091,878.22,Derived from Adidas master dataset
Online,2650,954.0,Derived from Adidas master dataset
Online,4760,2427.6,Derived from Adidas master dataset
Online,7293,3573.57,Derived from Adidas master dataset
Online,3864,1854.72,Derived from Adidas master dataset
Online,2709,1489.95,Derived from Adidas master dataset
Online,1892,775.72,Derived from Adidas master dataset
Online,3180,1208.4,Derived from Adidas master dataset
Online,6554,3539.16,Derived from Adidas master dataset
Online,7350,3381.0,Derived from Adidas master dataset
Online,4410,2072.7,Derived from Adidas master dataset
Online,2788,1394.0,Derived from Adidas master dataset
Online,2091,857.31,Derived from Adidas master dataset
Online,2214,819.18,Derived from Adidas master dataset
Online,4914,2653.56,Derived from Adidas master dataset
Online,6466,3103.68,Derived from Adidas master dataset
Online,3220,1513.4,Derived from Adidas master dataset
Online,1558,856.9,Derived from Adidas master dataset
Online,1512,680.4,Derived from Adidas master dataset
Online,1872,692.64,Derived from Adidas master dataset
Online,3363,1748.76,Derived from Adidas master dataset
Online,6600,3300.0,Derived from Adidas master dataset
Online,3186,1561.14,Derived from Adidas master dataset
Online,1612,886.6,Derived from Adidas master dataset
Online,1300,520.0,Derived from Adidas master dataset
Online,1647,625.86,Derived from Adidas master dataset
Online,3808,2018.24,Derived from Adidas master dataset
Online,6076,2977.24,Derived from Adidas master dataset
Online,2704,1352.0,Derived from Adidas master dataset
Online,2860,1487.2,Derived from Adidas master dataset
Online,2484,1068.12,Derived from Adidas master dataset
Online,2460,885.6,Derived from Adidas master dataset
Online,4221,2279.34,Derived from Adidas master dataset
Online,8556,4106.88,Derived from Adidas master dataset
Online,3922,1961.0,Derived from Adidas master dataset
Online,3536,1768.0,Derived from Adidas master dataset
Online,2600,1118.0,Derived from Adidas master dataset
Online,3240,1166.4,Derived from Adidas master dataset
Online,5175,2742.75,Derived from Adidas master dataset
Online,3234,1131.9,Derived from Adidas master dataset
Online,4469,1474.77,Derived from Adidas master dataset
Online,4343,1737.2,Derived from Adidas master dataset
Online,2537,989.43,Derived from Adidas master dataset
Online,4368,1790.88,Derived from Adidas master dataset
Online,8823,4146.81,Derived from Adidas master dataset
Online,3445,1653.6,Derived from Adidas master dataset
Online,3311,1225.07,Derived from Adidas master dataset
Online,2254,879.06,Derived from Adidas master dataset
Online,4500,1710.0,Derived from Adidas master dataset
Online,5304,2333.76,Derived from Adidas master dataset
Online,8109,3973.41,Derived from Adidas master dataset
Online,3380,1690.0,Derived from Adidas master dataset
Online,2829,1046.73,Derived from Adidas master dataset
Online,1764,670.32,Derived from Adidas master dataset
Online,3392,1322.88,Derived from Adidas master dataset
Online,3816,1526.4,Derived from Adidas master dataset
Online,7074,3254.04,Derived from Adidas master dataset
Online,3050,1525.0,Derived from Adidas master dataset
Online,2684,1073.6,Derived from Adidas master dataset
Online,2068,765.16,Derived from Adidas master dataset
Online,2296,849.52,Derived from Adidas master dataset
Online,4116,1811.04,Derived from Adidas master dataset
Online,9440,4720.0,Derived from Adidas master dataset
Online,4032,1814.4,Derived from Adidas master dataset
Online,4452,1780.8,Derived from Adidas master dataset
Online,3213,1220.94,Derived from Adidas master dataset
Online,4278,1625.64,Derived from Adidas master dataset
Online,6700,2747.0,Derived from Adidas master dataset
Online,11151,5129.46,Derived from Adidas master dataset
Online,6160,3080.0,Derived from Adidas master dataset
Online,4293,1545.48,Derived from Adidas master dataset
Online,4770,1717.2,Derived from Adidas master dataset
Online,5040,1814.4,Derived from Adidas master dataset
Online,8442,3545.64,Derived from Adidas master dataset
Online,11466,5274.36,Derived from Adidas master dataset
Online,6549,3078.03,Derived from Adidas master dataset
Online,5406,1946.16,Derived from Adidas master dataset
Online,3825,1453.5,Derived from Adidas master dataset
Online,5551,2164.89,Derived from Adidas master dataset
Online,8710,3919.5,Derived from Adidas master dataset
Online,9617,4327.65,Derived from Adidas master dataset
Online,5936,2671.2,Derived from Adidas master dataset
Online,5508,1982.88,Derived from Adidas master dataset
Online,3604,1441.6,Derived from Adidas master dataset
Online,4030,1531.4,Derived from Adidas master dataset
Online,6968,2926.56,Derived from Adidas master dataset
Online,8384,4024.32,Derived from Adidas master dataset
Online,5005,2402.4,Derived from Adidas master dataset
Online,2950,1121.0,Derived from Adidas master dataset
Online,2800,1092.0,Derived from Adidas master dataset
Online,3720,1488.0,Derived from Adidas master dataset
Online,5376,2204.16,Derived from Adidas master dataset
Online,7684,3611.48,Derived from Adidas master dataset
Online,4620,2217.6,Derived from Adidas master dataset
Online,2714,1085.6,Derived from Adidas master dataset
Online,2478,892.08,Derived from Adidas master dataset
Online,3124,1093.4,Derived from Adidas master dataset
Online,6059,2423.6,Derived from Adidas master dataset
Online,8364,4014.72,Derived from Adidas master dataset
Online,4779,2198.34,Derived from Adidas master dataset
Online,5487,2139.93,Derived from Adidas master dataset
Online,5580,2120.4,Derived from Adidas master dataset
Online,5727,2004.45,Derived from Adidas master dataset
Online,7474,3139.08,Derived from Adidas master dataset
Online,12006,5642.82,Derived from Adidas master dataset
Online,6720,3158.4,Derived from Adidas master dataset
Online,3597,1366.86,Derived from Adidas master dataset
Online,4687,1546.71,Derived from Adidas master dataset
Online,4633,1667.88,Derived from Adidas master dataset
Online,2408,842.8,Derived from Adidas master dataset
Online,2116,634.8,Derived from Adidas master dataset
Online,5166,2789.64,Derived from Adidas master dataset
Online,4719,1698.84,Derived from Adidas master dataset
Online,4116,1317.12,Derived from Adidas master dataset
Online,4136,1488.96,Derived from Adidas master dataset
Online,2296,895.44,Derived from Adidas master dataset
Online,1786,535.8,Derived from Adidas master dataset
Online,4488,2468.4,Derived from Adidas master dataset
Online,5940,2376.0,Derived from Adidas master dataset
Online,4914,1523.34,Derived from Adidas master dataset
Online,5757,2245.23,Derived from Adidas master dataset
Online,3588,1291.68,Derived from Adidas master dataset
Online,1980,514.8,Derived from Adidas master dataset
Online,4250,2337.5,Derived from Adidas master dataset
Online,7670,2761.2,Derived from Adidas master dataset
Online,4941,1729.35,Derived from Adidas master dataset
Online,5460,2074.8,Derived from Adidas master dataset
Online,3504,1226.4,Derived from Adidas master dataset
Online,2184,589.68,Derived from Adidas master dataset
Online,6204,3102.0,Derived from Adidas master dataset
Online,8058,2981.46,Derived from Adidas master dataset
Online,5684,1875.72,Derived from Adidas master dataset
Online,5488,2195.2,Derived from Adidas master dataset
Online,4160,1664.0,Derived from Adidas master dataset
Online,2530,708.4,Derived from Adidas master dataset
Online,9867,5426.85,Derived from Adidas master dataset
Online,14070,5628.0,Derived from Adidas master dataset
Online,11232,3481.92,Derived from Adidas master dataset
Online,12780,4600.8,Derived from Adidas master dataset
Online,9842,3739.96,Derived from Adidas master dataset
Online,7304,2191.2,Derived from Adidas master dataset
Online,16393,8524.36,Derived from Adidas master dataset
Online,15392,5695.04,Derived from Adidas master dataset
Online,14742,5012.28,Derived from Adidas master dataset
Online,11850,4266.0,Derived from Adidas master dataset
Online,9490,3796.0,Derived from Adidas master dataset
Online,11920,3576.0,Derived from Adidas master dataset
Online,14784,7687.68,Derived from Adidas master dataset
Online,16590,6138.3,Derived from Adidas master dataset
Online,15478,5262.52,Derived from Adidas master dataset
Online,10368,4043.52,Derived from Adidas master dataset
Online,9514,3615.32,Derived from Adidas master dataset
Online,10143,2738.61,Derived from Adidas master dataset
Online,6336,3358.08,Derived from Adidas master dataset
Online,9238,3325.68,Derived from Adidas master dataset
Online,10281,3392.73,Derived from Adidas master dataset
Online,6720,2620.8,Derived from Adidas master dataset
Online,5270,2108.0,Derived from Adidas master dataset
Online,6461,1938.3,Derived from Adidas master dataset
Online,5880,3116.4,Derived from Adidas master dataset
Online,6448,2579.2,Derived from Adidas master dataset
Online,8418,2525.4,Derived from Adidas master dataset
Online,4872,1705.2,Derived from Adidas master dataset
Online,4150,1535.5,Derived from Adidas master dataset
Online,4410,1234.8,Derived from Adidas master dataset
Online,4800,2448.0,Derived from Adidas master dataset
Online,8058,2981.46,Derived from Adidas master dataset
Online,9408,3010.56,Derived from Adidas master dataset
Online,6150,2460.0,Derived from Adidas master dataset
Online,6240,2433.6,Derived from Adidas master dataset
Online,9379,2813.7,Derived from Adidas master dataset
Online,11480,5969.6,Derived from Adidas master dataset
Online,12852,5140.8,Derived from Adidas master dataset
Online,14014,4204.2,Derived from Adidas master dataset
Online,9990,3496.5,Derived from Adidas master dataset
Online,10585,3704.75,Derived from Adidas master dataset
Online,10752,2795.52,Derived from Adidas master dataset
Online,12638,6319.0,Derived from Adidas master dataset
Online,4370,1879.1,Derived from Adidas master dataset
Online,5904,2066.4,Derived from Adidas master dataset
Online,5535,2269.35,Derived from Adidas master dataset
Online,3619,1628.55,Derived from Adidas master dataset
Online,3672,1101.6,Derived from Adidas master dataset
Online,6076,3584.84,Derived from Adidas master dataset
Online,4932,2071.44,Derived from Adidas master dataset
Online,5439,1903.65,Derived from Adidas master dataset
Online,5439,2175.6,Derived from Adidas master dataset
Online,3330,1465.2,Derived from Adidas master dataset
Online,3120,998.4,Derived from Adidas master dataset
Online,5076,2944.08,Derived from Adidas master dataset
Online,7360,3017.6,Derived from Adidas master dataset
Online,5800,2204.0,Derived from Adidas master dataset
Online,6785,2917.55,Derived from Adidas master dataset
Online,5278,2216.76,Derived from Adidas master dataset
Online,2684,885.72,Derived from Adidas master dataset
Online,5454,3272.4,Derived from Adidas master dataset
Online,8556,3593.52,Derived from Adidas master dataset
Online,6468,2263.8,Derived from Adidas master dataset
Online,7920,3247.2,Derived from Adidas master dataset
Online,4368,1965.6,Derived from Adidas master dataset
Online,3422,1197.7,Derived from Adidas master dataset
Online,7848,4708.8,Derived from Adidas master dataset
Online,8990,3865.7,Derived from Adidas master dataset
Online,7680,3072.0,Derived from Adidas master dataset
Online,7021,3159.45,Derived from Adidas master dataset
Online,5192,2232.56,Derived from Adidas master dataset
Online,3536,1131.52,Derived from Adidas master dataset
Online,11591,6722.78,Derived from Adidas master dataset
Online,13603,6121.35,Derived from Adidas master dataset
Online,12992,4547.2,Derived from Adidas master dataset
Online,16800,7224.0,Derived from Adidas master dataset
Online,11935,5012.7,Derived from Adidas master dataset
Online,11214,3588.48,Derived from Adidas master dataset
Online,22454,12574.24,Derived from Adidas master dataset
Online,21663,9531.72,Derived from Adidas master dataset
Online,19800,7920.0,Derived from Adidas master dataset
Online,16254,7151.76,Derived from Adidas master dataset
Online,14760,6346.8,Derived from Adidas master dataset
Online,17355,5553.6,Derived from Adidas master dataset
Online,16463,9383.91,Derived from Adidas master dataset
Online,18531,7597.71,Derived from Adidas master dataset
Online,15862,5551.7,Derived from Adidas master dataset
Online,14742,6339.06,Derived from Adidas master dataset
Online,11011,4624.62,Derived from Adidas master dataset
Online,10582,3280.42,Derived from Adidas master dataset
Online,7047,4087.26,Derived from Adidas master dataset
Online,8120,3248.0,Derived from Adidas master dataset
Online,8100,2997.0,Derived from Adidas master dataset
Online,4050,1822.5,Derived from Adidas master dataset
Online,3510,1544.4,Derived from Adidas master dataset
Online,4736,1468.16,Derived from Adidas master dataset
Online,3825,2103.75,Derived from Adidas master dataset
Online,4700,2068.0,Derived from Adidas master dataset
Online,8496,3228.48,Derived from Adidas master dataset
Online,6160,2525.6,Derived from Adidas master dataset
Online,5763,2362.83,Derived from Adidas master dataset
Online,5782,1792.42,Derived from Adidas master dataset
Online,6760,3920.8,Derived from Adidas master dataset
Online,8788,3515.2,Derived from Adidas master dataset
Online,9450,3591.0,Derived from Adidas master dataset
Online,7791,3194.31,Derived from Adidas master dataset
Online,9600,4128.0,Derived from Adidas master dataset
Online,9548,2864.4,Derived from Adidas master dataset
Online,13932,8219.88,Derived from Adidas master dataset
Online,15552,6220.8,Derived from Adidas master dataset
Online,16400,5740.0,Derived from Adidas master dataset
Online,13050,5220.0,Derived from Adidas master dataset
Online,14040,5756.4,Derived from Adidas master dataset
Online,12642,4424.7,Derived from Adidas master dataset
Online,13572,7464.6,Derived from Adidas master dataset
Online,10455,5750.25,Derived from Adidas master dataset
Online,8316,3908.52,Derived from Adidas master dataset
Online,5408,2055.04,Derived from Adidas master dataset
Online,5365,2199.65,Derived from Adidas master dataset
Online,8415,3786.75,Derived from Adidas master dataset
Online,7744,5033.6,Derived from Adidas master dataset
Online,10296,5662.8,Derived from Adidas master dataset
Online,5796,2840.04,Derived from Adidas master dataset
Online,5742,2124.54,Derived from Adidas master dataset
Online,4921,2066.82,Derived from Adidas master dataset
Online,7700,3542.0,Derived from Adidas master dataset
Online,7644,4892.16,Derived from Adidas master dataset
Online,11088,6541.92,Derived from Adidas master dataset
Online,7260,3339.6,Derived from Adidas master dataset
Online,5313,1912.68,Derived from Adidas master dataset
Online,4134,1694.94,Derived from Adidas master dataset
Online,6783,3323.67,Derived from Adidas master dataset
Online,6923,4153.8,Derived from Adidas master dataset
Online,10416,5832.96,Derived from Adidas master dataset
Online,6321,2844.45,Derived from Adidas master dataset
Online,5168,1860.48,Derived from Adidas master dataset
Online,4995,2047.95,Derived from Adidas master dataset
Online,6200,2914.0,Derived from Adidas master dataset
Online,6396,4157.4,Derived from Adidas master dataset
Online,13050,7830.0,Derived from Adidas master dataset
Online,8533,4010.51,Derived from Adidas master dataset
Online,7840,2822.4,Derived from Adidas master dataset
Online,6110,2444.0,Derived from Adidas master dataset
Online,7672,3759.28,Derived from Adidas master dataset
Online,9971,6281.73,Derived from Adidas master dataset
Online,15517,8689.52,Derived from Adidas master dataset
Online,9450,4536.0,Derived from Adidas master dataset
Online,7200,2736.0,Derived from Adidas master dataset
Online,7056,2892.96,Derived from Adidas master dataset
Online,9300,4557.0,Derived from Adidas master dataset
Online,12489,7743.18,Derived from Adidas master dataset
Online,14573,8015.15,Derived from Adidas master dataset
Online,10976,4939.2,Derived from Adidas master dataset
Online,8619,3016.65,Derived from Adidas master dataset
Online,7950,3418.5,Derived from Adidas master dataset
Online,10416,4791.36,Derived from Adidas master dataset
Online,12804,8322.6,Derived from Adidas master dataset
Online,15500,8680.0,Derived from Adidas master dataset
Online,11550,5197.5,Derived from Adidas master dataset
Online,9588,3451.68,Derived from Adidas master dataset
Online,6150,2460.0,Derived from Adidas master dataset
Online,7748,3719.04,Derived from Adidas master dataset
Online,11990,7194.0,Derived from Adidas master dataset
Online,11900,7021.0,Derived from Adidas master dataset
Online,7824,3520.8,Derived from Adidas master dataset
Online,5658,1980.3,Derived from Adidas master dataset
Online,6028,2471.48,Derived from Adidas master dataset
Online,6681,3206.88,Derived from Adidas master dataset
Online,9204,5522.4,Derived from Adidas master dataset
Online,11856,6757.92,Derived from Adidas master dataset
Online,7176,3300.96,Derived from Adidas master dataset
Online,6302,2520.8,Derived from Adidas master dataset
Online,6075,2490.75,Derived from Adidas master dataset
Online,8850,4159.5,Derived from Adidas master dataset
Online,9984,6190.08,Derived from Adidas master dataset
Online,12152,6683.6,Derived from Adidas master dataset
Online,7938,3889.62,Derived from Adidas master dataset
Online,6615,2381.4,Derived from Adidas master dataset
Online,6768,2707.2,Derived from Adidas master dataset
Online,9548,4296.6,Derived from Adidas master dataset
Online,11968,7659.52,Derived from Adidas master dataset
Online,14455,8383.9,Derived from Adidas master dataset
Online,8619,4309.5,Derived from Adidas master dataset
Online,8476,3305.64,Derived from Adidas master dataset
Online,8370,3431.7,Derived from Adidas master dataset
Online,9300,4278.0,Derived from Adidas master dataset
Online,12558,8037.12,Derived from Adidas master dataset
Online,8424,5307.12,Derived from Adidas master dataset
Online,6084,2737.8,Derived from Adidas master dataset
Online,4872,2338.56,Derived from Adidas master dataset
Online,4454,2093.38,Derived from Adidas master dataset
Online,7105,3197.25,Derived from Adidas master dataset
Online,5928,2371.2,Derived from Adidas master dataset
Online,8806,5371.66,Derived from Adidas master dataset
Online,5365,2199.65,Derived from Adidas master dataset
Online,4147,2032.03,Derived from Adidas master dataset
Online,3936,1889.28,Derived from Adidas master dataset
Online,6815,2794.15,Derived from Adidas master dataset
Online,6612,2578.68,Derived from Adidas master dataset
Online,9348,5608.8,Derived from Adidas master dataset
Online,4847,2132.68,Derived from Adidas master dataset
Online,4023,1810.35,Derived from Adidas master dataset
Online,3696,1737.12,Derived from Adidas master dataset
Online,5922,2664.9,Derived from Adidas master dataset
Online,6105,2258.85,Derived from Adidas master dataset
Online,8112,5029.44,Derived from Adidas master dataset
Online,5460,2457.0,Derived from Adidas master dataset
Online,4060,1867.6,Derived from Adidas master dataset
Online,3927,1845.69,Derived from Adidas master dataset
Online,4982,2092.44,Derived from Adidas master dataset
Online,5364,1877.4,Derived from Adidas master dataset
Online,11070,7195.5,Derived from Adidas master dataset
Online,6232,2492.8,Derived from Adidas master dataset
Online,5655,2770.95,Derived from Adidas master dataset
Online,5109,2554.5,Derived from Adidas master dataset
Online,5985,2513.7,Derived from Adidas master dataset
Online,8112,3244.8,Derived from Adidas master dataset
Online,11362,7158.06,Derived from Adidas master dataset
Online,7056,2892.96,Derived from Adidas master dataset
Online,4978,2240.1,Derived from Adidas master dataset
Online,5320,2500.4,Derived from Adidas master dataset
Online,6615,2910.6,Derived from Adidas master dataset
Online,8150,3015.5,Derived from Adidas master dataset
Online,10944,7004.16,Derived from Adidas master dataset
Online,7172,3083.96,Derived from Adidas master dataset
Online,5662,2717.76,Derived from Adidas master dataset
Online,5850,2749.5,Derived from Adidas master dataset
Online,6576,2761.92,Derived from Adidas master dataset
Online,9996,3598.56,Derived from Adidas master dataset
Online,11985,7670.4,Derived from Adidas master dataset
Online,7009,2873.69,Derived from Adidas master dataset
Online,5434,2445.3,Derived from Adidas master dataset
Online,5586,2737.14,Derived from Adidas master dataset
Online,6580,2697.8,Derived from Adidas master dataset
Online,10192,4076.8,Derived from Adidas master dataset
Online,9984,6389.76,Derived from Adidas master dataset
Online,6600,2838.0,Derived from Adidas master dataset
Online,5206,2394.76,Derived from Adidas master dataset
Online,5130,2513.7,Derived from Adidas master dataset
Online,6000,2580.0,Derived from Adidas master dataset
Online,9048,3619.2,Derived from Adidas master dataset
Online,10100,6464.0,Derived from Adidas master dataset
Online,7656,3062.4,Derived from Adidas master dataset
Online,5250,2415.0,Derived from Adidas master dataset
Online,4879,2244.34,Derived from Adidas master dataset
Online,6912,3041.28,Derived from Adidas master dataset
Online,8250,3052.5,Derived from Adidas master dataset
Online,11554,7047.94,Derived from Adidas master dataset
Online,7014,3016.02,Derived from Adidas master dataset
Online,6132,3066.0,Derived from Adidas master dataset
Online,5670,2778.3,Derived from Adidas master dataset
Online,7293,2990.13,Derived from Adidas master dataset
Online,8855,3453.45,Derived from Adidas master dataset
Online,11648,7105.28,Derived from Adidas master dataset
Online,7392,3030.72,Derived from Adidas master dataset
Online,7260,3339.6,Derived from Adidas master dataset
Online,5940,2910.6,Derived from Adidas master dataset
Online,7830,3523.5,Derived from Adidas master dataset
Online,9744,3507.84,Derived from Adidas master dataset
Online,2639,1213.94,Derived from Adidas master dataset
Online,3780,1738.8,Derived from Adidas master dataset
Online,3549,1597.05,Derived from Adidas master dataset
Online,2052,964.44,Derived from Adidas master dataset
Online,1890,963.9,Derived from Adidas master dataset
Online,4408,1983.6,Derived from Adidas master dataset
Online,3051,1403.46,Derived from Adidas master dataset
Online,3780,1701.0,Derived from Adidas master dataset
Online,3432,1544.4,Derived from Adidas master dataset
Online,2204,1102.0,Derived from Adidas master dataset
Online,1596,877.8,Derived from Adidas master dataset
Online,3078,1323.54,Derived from Adidas master dataset
Online,5434,2553.98,Derived from Adidas master dataset
Online,3825,1797.75,Derived from Adidas master dataset
Online,4732,2271.36,Derived from Adidas master dataset
Online,3120,1435.2,Derived from Adidas master dataset
Online,1530,795.6,Derived from Adidas master dataset
Online,3822,1605.24,Derived from Adidas master dataset
Online,6448,3095.04,Derived from Adidas master dataset
Online,4071,1954.08,Derived from Adidas master dataset
Online,4845,2374.05,Derived from Adidas master dataset
Online,2352,1105.44,Derived from Adidas master dataset
Online,1715,874.65,Derived from Adidas master dataset
Online,4992,2196.48,Derived from Adidas master dataset
Online,5750,2645.0,Derived from Adidas master dataset
Online,4998,2249.1,Derived from Adidas master dataset
Online,4400,2200.0,Derived from Adidas master dataset
Online,3243,1621.5,Derived from Adidas master dataset
Online,2156,1164.24,Derived from Adidas master dataset
Online,8512,3660.16,Derived from Adidas master dataset
Online,12349,5804.03,Derived from Adidas master dataset
Online,10912,5019.52,Derived from Adidas master dataset
Online,14235,6832.8,Derived from Adidas master dataset
Online,10224,5009.76,Derived from Adidas master dataset
Online,8424,4296.24,Derived from Adidas master dataset
Online,17472,6988.8,Derived from Adidas master dataset
Online,20145,10072.5,Derived from Adidas master dataset
Online,16443,8221.5,Derived from Adidas master dataset
Online,15652,7043.4,Derived from Adidas master dataset
Online,12218,5620.28,Derived from Adidas master dataset
Online,13770,7573.5,Derived from Adidas master dataset
Online,17280,6912.0,Derived from Adidas master dataset
Online,19920,8964.0,Derived from Adidas master dataset
Online,15352,7368.96,Derived from Adidas master dataset
Online,13041,6259.68,Derived from Adidas master dataset
Online,7326,3589.74,Derived from Adidas master dataset
Online,6784,3459.84,Derived from Adidas master dataset
Online,5475,2299.5,Derived from Adidas master dataset
Online,5198,2599.0,Derived from Adidas master dataset
Online,5876,2702.96,Derived from Adidas master dataset
Online,3055,1435.85,Derived from Adidas master dataset
Online,2430,1190.7,Derived from Adidas master dataset
Online,3248,1624.0,Derived from Adidas master dataset
Online,2940,1264.2,Derived from Adidas master dataset
Online,3876,1744.2,Derived from Adidas master dataset
Online,7242,3548.58,Derived from Adidas master dataset
Online,4370,2010.2,Derived from Adidas master dataset
Online,4018,1968.82,Derived from Adidas master dataset
Online,4611,2489.94,Derived from Adidas master dataset
Online,6018,2647.92,Derived from Adidas master dataset
Online,6510,3059.7,Derived from Adidas master dataset
Online,7943,3892.07,Derived from Adidas master dataset
Online,5934,2848.32,Derived from Adidas master dataset
Online,5876,2820.48,Derived from Adidas master dataset
Online,8103,4456.65,Derived from Adidas master dataset
Online,11026,4410.4,Derived from Adidas master dataset
Online,13500,6345.0,Derived from Adidas master dataset
Online,16650,7492.5,Derived from Adidas master dataset
Online,9856,4730.88,Derived from Adidas master dataset
Online,10720,5360.0,Derived from Adidas master dataset
Online,9576,4883.76,Derived from Adidas master dataset
Online,12300,5289.0,Derived from Adidas master dataset
Online,6902,4210.22,Derived from Adidas master dataset
Online,5236,2670.36,Derived from Adidas master dataset
Online,3427,1370.8,Derived from Adidas master dataset
Online,3364,1682.0,Derived from Adidas master dataset
Online,5246,2727.92,Derived from Adidas master dataset
Online,4554,3096.72,Derived from Adidas master dataset
Online,6800,4284.0,Derived from Adidas master dataset
Online,3861,2007.72,Derived from Adidas master dataset
Online,3450,1483.5,Derived from Adidas master dataset
Online,3052,1495.48,Derived from Adidas master dataset
Online,5166,2841.3,Derived from Adidas master dataset
Online,4554,3051.18,Derived from Adidas master dataset
Online,7344,4479.84,Derived from Adidas master dataset
Online,4032,2177.28,Derived from Adidas master dataset
Online,3100,1240.0,Derived from Adidas master dataset
Online,2639,1266.72,Derived from Adidas master dataset
Online,4042,2101.84,Derived from Adidas master dataset
Online,4719,3256.11,Derived from Adidas master dataset
Online,5792,3475.2,Derived from Adidas master dataset
Online,4218,2235.54,Derived from Adidas master dataset
Online,3645,1530.9,Derived from Adidas master dataset
Online,3488,1604.48,Derived from Adidas master dataset
Online,5400,2700.0,Derived from Adidas master dataset
Online,5624,3880.56,Derived from Adidas master dataset
Online,9936,6060.96,Derived from Adidas master dataset
Online,7050,3877.5,Derived from Adidas master dataset
Online,5852,2340.8,Derived from Adidas master dataset
Online,5292,2646.0,Derived from Adidas master dataset
Online,6448,3417.44,Derived from Adidas master dataset
Online,8250,5775.0,Derived from Adidas master dataset
Online,10712,6641.44,Derived from Adidas master dataset
Online,7682,4148.28,Derived from Adidas master dataset
Online,5658,2489.52,Derived from Adidas master dataset
Online,6794,3261.12,Derived from Adidas master dataset
Online,8664,4765.2,Derived from Adidas master dataset
Online,10140,6591.0,Derived from Adidas master dataset
Online,12825,7695.0,Derived from Adidas master dataset
Online,10017,5108.67,Derived from Adidas master dataset
Online,7958,3581.1,Derived from Adidas master dataset
Online,7426,3341.7,Derived from Adidas master dataset
Online,7722,3938.22,Derived from Adidas master dataset
Online,13020,8983.8,Derived from Adidas master dataset
Online,14465,9257.6,Derived from Adidas master dataset
Online,9750,4875.0,Derived from Adidas master dataset
Online,6048,2540.16,Derived from Adidas master dataset
Online,4828,2172.6,Derived from Adidas master dataset
Online,5670,3005.1,Derived from Adidas master dataset
Online,7920,5385.6,Derived from Adidas master dataset
Online,9744,6138.72,Derived from Adidas master dataset
Online,6438,3283.38,Derived from Adidas master dataset
Online,4930,2070.6,Derived from Adidas master dataset
Online,4046,1820.7,Derived from Adidas master dataset
Online,5248,2624.0,Derived from Adidas master dataset
Online,8304,5397.6,Derived from Adidas master dataset
Online,11025,6725.25,Derived from Adidas master dataset
Online,6179,3151.29,Derived from Adidas master dataset
Online,4551,2047.95,Derived from Adidas master dataset
Online,4408,2204.0,Derived from Adidas master dataset
Online,5376,2956.8,Derived from Adidas master dataset
Online,7124,4986.8,Derived from Adidas master dataset
Online,9604,6050.52,Derived from Adidas master dataset
Online,6090,3349.5,Derived from Adidas master dataset
Online,5160,2322.0,Derived from Adidas master dataset
Online,5658,2772.42,Derived from Adidas master dataset
Online,7434,4088.7,Derived from Adidas master dataset
Online,9971,6879.99,Derived from Adidas master dataset
Online,14025,8555.25,Derived from Adidas master dataset
Online,8096,4290.88,Derived from Adidas master dataset
Online,8064,3628.8,Derived from Adidas master dataset
Online,6624,3179.52,Derived from Adidas master dataset
Online,7865,4089.8,Derived from Adidas master dataset
Online,9617,6251.05,Derived from Adidas master dataset
Online,4212,2106.0,Derived from Adidas master dataset
Online,3567,1676.49,Derived from Adidas master dataset
Online,2337,1051.65,Derived from Adidas master dataset
Online,1848,960.96,Derived from Adidas master dataset
Online,3822,1872.78,Derived from Adidas master dataset
Online,3567,2247.21,Derived from Adidas master dataset
Online,5278,2797.34,Derived from Adidas master dataset
Online,2632,1289.68,Derived from Adidas master dataset
Online,2147,966.15,Derived from Adidas master dataset
Online,1680,873.6,Derived from Adidas master dataset
Online,3344,1504.8,Derived from Adidas master dataset
Online,3360,2116.8,Derived from Adidas master dataset
Online,6324,3225.24,Derived from Adidas master dataset
Online,2958,1331.1,Derived from Adidas master dataset
Online,2185,1005.1,Derived from Adidas master dataset
Online,1512,771.12,Derived from Adidas master dataset
Online,3075,1506.75,Derived from Adidas master dataset
Online,3468,2254.2,Derived from Adidas master dataset
Online,4752,2471.04,Derived from Adidas master dataset
Online,1944,952.56,Derived from Adidas master dataset
Online,1494,732.06,Derived from Adidas master dataset
Online,1196,621.92,Derived from Adidas master dataset
Online,2340,1053.0,Derived from Adidas master dataset
Online,2940,1793.4,Derived from Adidas master dataset
Online,7020,3580.2,Derived from Adidas master dataset
Online,2992,1406.24,Derived from Adidas master dataset
Online,2523,1160.58,Derived from Adidas master dataset
Online,1885,1036.75,Derived from Adidas master dataset
Online,3080,1478.4,Derived from Adidas master dataset
Online,4725,2835.0,Derived from Adidas master dataset
Online,5376,2903.04,Derived from Adidas master dataset
Online,2457,1130.22,Derived from Adidas master dataset
Online,2599,1273.51,Derived from Adidas master dataset
Online,2093,1046.5,Derived from Adidas master dataset
Online,3876,1744.2,Derived from Adidas master dataset
Online,5964,3876.6,Derived from Adidas master dataset
Online,7308,4019.4,Derived from Adidas master dataset
Online,4290,2016.3,Derived from Adidas master dataset
Online,3712,1707.52,Derived from Adidas master dataset
Online,2929,1552.37,Derived from Adidas master dataset
Online,3478,1704.22,Derived from Adidas master dataset
Online,6560,4001.6,Derived from Adidas master dataset
Online,7714,3857.0,Derived from Adidas master dataset
Online,5434,2499.64,Derived from Adidas master dataset
Online,3840,1766.4,Derived from Adidas master dataset
Online,2184,1201.2,Derived from Adidas master dataset
Online,2754,1294.38,Derived from Adidas master dataset
Online,4608,2995.2,Derived from Adidas master dataset
Online,5568,2784.0,Derived from Adidas master dataset
Online,2800,1316.0,Derived from Adidas master dataset
Online,1050,514.5,Derived from Adidas master dataset
Online,1162,615.86,Derived from Adidas master dataset
Online,1771,832.37,Derived from Adidas master dataset
Online,2660,1702.4,Derived from Adidas master dataset
Online,4454,2271.54,Derived from Adidas master dataset
Online,2184,1092.0,Derived from Adidas master dataset
Online,1679,805.92,Derived from Adidas master dataset
Online,1357,678.5,Derived from Adidas master dataset
Online,2176,1022.72,Derived from Adidas master dataset
Online,3344,2140.16,Derived from Adidas master dataset
Online,5100,2601.0,Derived from Adidas master dataset
Online,2024,910.8,Derived from Adidas master dataset
Online,1840,901.6,Derived from Adidas master dataset
Online,2024,1052.48,Derived from Adidas master dataset
Online,3483,1671.84,Derived from Adidas master dataset
Online,5184,3265.92,Derived from Adidas master dataset
Online,6683,3475.16,Derived from Adidas master dataset
Online,3616,1735.68,Derived from Adidas master dataset
Online,3840,1804.8,Derived from Adidas master dataset
Online,2992,1555.84,Derived from Adidas master dataset
Online,3696,1848.0,Derived from Adidas master dataset
Online,5922,3612.42,Derived from Adidas master dataset
Online,4508,2479.4,Derived from Adidas master dataset
Online,3059,1437.73,Derived from Adidas master dataset
Online,2002,940.94,Derived from Adidas master dataset
Online,1584,823.68,Derived from Adidas master dataset
Online,3234,1519.98,Derived from Adidas master dataset
Online,3312,2119.68,Derived from Adidas master dataset
Online,5450,2888.5,Derived from Adidas master dataset
Online,2424,1139.28,Derived from Adidas master dataset
Online,1610,724.5,Derived from Adidas master dataset
Online,1653,826.5,Derived from Adidas master dataset
Online,3232,1454.4,Derived from Adidas master dataset
Online,3144,1949.28,Derived from Adidas master dataset
Online,4872,2533.44,Derived from Adidas master dataset
Online,2856,1428.0,Derived from Adidas master dataset
Online,2016,1008.0,Derived from Adidas master dataset
Online,1679,889.87,Derived from Adidas master dataset
Online,2850,1425.0,Derived from Adidas master dataset
Online,2900,1856.0,Derived from Adidas master dataset
Online,4887,2443.5,Derived from Adidas master dataset
Online,2350,1057.5,Derived from Adidas master dataset
Online,1372,631.12,Derived from Adidas master dataset
Online,1260,667.8,Derived from Adidas master dataset
Online,2442,1123.32,Derived from Adidas master dataset
Online,2688,1612.8,Derived from Adidas master dataset
Online,5568,2839.68,Derived from Adidas master dataset
Online,2929,1435.21,Derived from Adidas master dataset
Online,2450,1225.0,Derived from Adidas master dataset
Online,1656,910.8,Derived from Adidas master dataset
Online,2925,1462.5,Derived from Adidas master dataset
Online,5280,3432.0,Derived from Adidas master dataset
Online,5096,2598.96,Derived from Adidas master dataset
Online,2688,1317.12,Derived from Adidas master dataset
Online,2185,1070.65,Derived from Adidas master dataset
Online,2052,1046.52,Derived from Adidas master dataset
Online,3672,1652.4,Derived from Adidas master dataset
Online,5700,3420.0,Derived from Adidas master dataset
Online,7616,3960.32,Derived from Adidas master dataset
Online,4640,2227.2,Derived from Adidas master dataset
Online,3312,1589.76,Derived from Adidas master dataset
Online,2645,1322.5,Derived from Adidas master dataset
Online,4096,1884.16,Derived from Adidas master dataset
Online,5700,3705.0,Derived from Adidas master dataset
Online,6699,3349.5,Derived from Adidas master dataset
Online,4454,2093.38,Derived from Adidas master dataset
Online,3277,1605.73,Derived from Adidas master dataset
Online,1919,1017.07,Derived from Adidas master dataset
Online,3045,1400.7,Derived from Adidas master dataset
Online,4864,2918.4,Derived from Adidas master dataset
Online,4901,2548.52,Derived from Adidas master dataset
Online,2806,1262.7,Derived from Adidas master dataset
Online,819,409.5,Derived from Adidas master dataset
Online,880,448.8,Derived from Adidas master dataset
Online,1672,836.0,Derived from Adidas master dataset
Online,2880,1843.2,Derived from Adidas master dataset
Online,4844,2470.44,Derived from Adidas master dataset
Online,1900,950.0,Derived from Adidas master dataset
Online,1653,809.97,Derived from Adidas master dataset
Online,1368,752.4,Derived from Adidas master dataset
Online,2407,1203.5,Derived from Adidas master dataset
Online,3328,2063.36,Derived from Adidas master dataset
Online,4321,2160.5,Derived from Adidas master dataset
Online,2160,993.6,Derived from Adidas master dataset
Online,1767,848.16,Derived from Adidas master dataset
Online,2147,1094.97,Derived from Adidas master dataset
Online,3549,1739.01,Derived from Adidas master dataset
Online,4859,3158.35,Derived from Adidas master dataset
Online,7917,4354.35,Derived from Adidas master dataset
Online,4060,1989.4,Derived from Adidas master dataset
Online,3277,1540.19,Derived from Adidas master dataset
Online,3024,1542.24,Derived from Adidas master dataset
Online,4256,2128.0,Derived from Adidas master dataset
Online,5250,3202.5,Derived from Adidas master dataset
Online,2646,1270.08,Derived from Adidas master dataset
Online,4095,2006.55,Derived from Adidas master dataset
Online,4095,1965.6,Derived from Adidas master dataset
Online,2262,1040.52,Derived from Adidas master dataset
Online,1848,1016.4,Derived from Adidas master dataset
Online,4212,1811.16,Derived from Adidas master dataset
Online,3393,1526.85,Derived from Adidas master dataset
Online,3549,1703.52,Derived from Adidas master dataset
Online,3168,1425.6,Derived from Adidas master dataset
Online,2262,1085.76,Derived from Adidas master dataset
Online,1596,829.92,Derived from Adidas master dataset
Online,3145,1258.0,Derived from Adidas master dataset
Online,4864,2383.36,Derived from Adidas master dataset
Online,3825,1836.0,Derived from Adidas master dataset
Online,4752,2138.4,Derived from Adidas master dataset
Online,3185,1528.8,Derived from Adidas master dataset
Online,1404,744.12,Derived from Adidas master dataset
Online,4263,1790.46,Derived from Adidas master dataset
Online,6324,2909.04,Derived from Adidas master dataset
Online,4482,2196.18,Derived from Adidas master dataset
Online,4675,2244.0,Derived from Adidas master dataset
Online,2583,1291.5,Derived from Adidas master dataset
Online,1728,864.0,Derived from Adidas master dataset
Online,4956,2230.2,Derived from Adidas master dataset
Online,6960,3132.0,Derived from Adidas master dataset
Online,5250,2415.0,Derived from Adidas master dataset
Online,4750,2375.0,Derived from Adidas master dataset
Online,4067,1952.16,Derived from Adidas master dataset
Online,1804,992.2,Derived from Adidas master dataset
Online,8532,3839.4,Derived from Adidas master dataset
Online,11475,5622.75,Derived from Adidas master dataset
Online,10478,5134.22,Derived from Adidas master dataset
Online,14742,6781.32,Derived from Adidas master dataset
Online,11692,5846.0,Derived from Adidas master dataset
Online,9288,4922.64,Derived from Adidas master dataset
Online,17955,8079.75,Derived from Adidas master dataset
Online,20145,9669.6,Derived from Adidas master dataset
Online,16660,7830.2,Derived from Adidas master dataset
Online,14018,6588.46,Derived from Adidas master dataset
Online,13530,6494.4,Derived from Adidas master dataset
Online,13104,6552.0,Derived from Adidas master dataset
Online,14550,6111.0,Derived from Adidas master dataset
Online,16200,7776.0,Derived from Adidas master dataset
Online,17708,8676.92,Derived from Adidas master dataset
Online,13260,6497.4,Derived from Adidas master dataset
Online,8092,3722.32,Derived from Adidas master dataset
Online,8320,4409.6,Derived from Adidas master dataset
Online,5037,2216.28,Derived from Adidas master dataset
Online,5612,2525.4,Derived from Adidas master dataset
Online,6222,2862.12,Derived from Adidas master dataset
Online,3675,1653.75,Derived from Adidas master dataset
Online,2548,1172.08,Derived from Adidas master dataset
Online,3422,1813.66,Derived from Adidas master dataset
Online,2993,1257.06,Derived from Adidas master dataset
Online,3876,1821.72,Derived from Adidas master dataset
Online,7100,3266.0,Derived from Adidas master dataset
Online,4186,2051.14,Derived from Adidas master dataset
Online,3564,1710.72,Derived from Adidas master dataset
Online,3825,2065.5,Derived from Adidas master dataset
Online,6090,2618.7,Derived from Adidas master dataset
Online,7612,3501.52,Derived from Adidas master dataset
Online,9360,4680.0,Derived from Adidas master dataset
Online,5376,2688.0,Derived from Adidas master dataset
Online,6681,3073.26,Derived from Adidas master dataset
Online,7548,4075.92,Derived from Adidas master dataset
Online,11324,4756.08,Derived from Adidas master dataset
Online,11468,5504.64,Derived from Adidas master dataset
Online,15696,7377.12,Derived from Adidas master dataset
Online,11055,4974.75,Derived from Adidas master dataset
Online,9581,4311.45,Derived from Adidas master dataset
Online,9576,4788.0,Derived from Adidas master dataset
Online,13321,5328.4,Derived from Adidas master dataset
Online,3300,1683.0,Derived from Adidas master dataset
Online,4200,2268.0,Derived from Adidas master dataset
Online,4816,2600.64,Derived from Adidas master dataset
Online,2788,1533.4,Derived from Adidas master dataset
Online,2668,1574.12,Derived from Adidas master dataset
Online,5002,2400.96,Derived from Adidas master dataset
Online,4620,2448.6,Derived from Adidas master dataset
Online,4756,2425.56,Derived from Adidas master dataset
Online,4920,2558.4,Derived from Adidas master dataset
Online,3212,1766.6,Derived from Adidas master dataset
Online,2448,1468.8,Derived from Adidas master dataset
Online,4620,2217.6,Derived from Adidas master dataset
Online,6468,3298.68,Derived from Adidas master dataset
Online,5151,2833.05,Derived from Adidas master dataset
Online,6496,3572.8,Derived from Adidas master dataset
Online,4200,2310.0,Derived from Adidas master dataset
Online,2184,1310.4,Derived from Adidas master dataset
Online,3895,1752.75,Derived from Adidas master dataset
Online,6816,3544.32,Derived from Adidas master dataset
Online,4576,2288.0,Derived from Adidas master dataset
Online,5460,2784.6,Derived from Adidas master dataset
Online,2886,1529.58,Derived from Adidas master dataset
Online,2279,1299.03,Derived from Adidas master dataset
Online,5775,2887.5,Derived from Adidas master dataset
Online,6880,3646.4,Derived from Adidas master dataset
Online,4700,2444.0,Derived from Adidas master dataset
Online,5488,2798.88,Derived from Adidas master dataset
Online,3740,1907.4,Derived from Adidas master dataset
Online,2340,1380.6,Derived from Adidas master dataset
Online,9853,4433.85,Derived from Adidas master dataset
Online,14384,7335.84,Derived from Adidas master dataset
Online,13650,7098.0,Derived from Adidas master dataset
Online,16849,9266.95,Derived from Adidas master dataset
Online,13202,7261.1,Derived from Adidas master dataset
Online,10764,6135.48,Derived from Adidas master dataset
Online,19500,9360.0,Derived from Adidas master dataset
Online,23220,12306.6,Derived from Adidas master dataset
Online,18676,10271.8,Derived from Adidas master dataset
Online,17640,9525.6,Derived from Adidas master dataset
Online,14448,7801.92,Derived from Adidas master dataset
Online,16254,9427.32,Derived from Adidas master dataset
Online,16789,8058.72,Derived from Adidas master dataset
Online,21930,11184.3,Derived from Adidas master dataset
Online,18403,9385.53,Derived from Adidas master dataset
Online,13230,7276.5,Derived from Adidas master dataset
Online,9472,5020.16,Derived from Adidas master dataset
Online,8832,5210.88,Derived from Adidas master dataset
Online,5670,2778.3,Derived from Adidas master dataset
Online,6235,3429.25,Derived from Adidas master dataset
Online,5750,2932.5,Derived from Adidas master dataset
Online,3354,1744.08,Derived from Adidas master dataset
Online,2583,1317.33,Derived from Adidas master dataset
Online,3927,2159.85,Derived from Adidas master dataset
Online,2925,1462.5,Derived from Adidas master dataset
Online,3808,2056.32,Derived from Adidas master dataset
Online,6975,3836.25,Derived from Adidas master dataset
Online,4200,2100.0,Derived from Adidas master dataset
Online,3780,1890.0,Derived from Adidas master dataset
Online,4465,2634.35,Derived from Adidas master dataset
Online,5400,2538.0,Derived from Adidas master dataset
Online,7332,3666.0,Derived from Adidas master dataset
Online,8820,4586.4,Derived from Adidas master dataset
Online,5206,2707.12,Derived from Adidas master dataset
Online,6000,3000.0,Derived from Adidas master dataset
Online,8092,4450.6,Derived from Adidas master dataset
Online,14094,6765.12,Derived from Adidas master dataset
Online,16560,8611.2,Derived from Adidas master dataset
Online,15552,7776.0,Derived from Adidas master dataset
Online,11178,5812.56,Derived from Adidas master dataset
Online,11232,6065.28,Derived from Adidas master dataset
Online,10742,6230.36,Derived from Adidas master dataset
Online,15225,6851.25,Derived from Adidas master dataset
Online,3458,1486.94,Derived from Adidas master dataset
Online,5488,2469.6,Derived from Adidas master dataset
Online,3332,1332.8,Derived from Adidas master dataset
Online,4389,2326.17,Derived from Adidas master dataset
Online,3060,1132.2,Derived from Adidas master dataset
Online,4862,2917.2,Derived from Adidas master dataset
Online,3749,1499.6,Derived from Adidas master dataset
Online,5568,2338.56,Derived from Adidas master dataset
Online,4352,1784.32,Derived from Adidas master dataset
Online,3488,1883.52,Derived from Adidas master dataset
Online,2730,955.5,Derived from Adidas master dataset
Online,4454,2449.7,Derived from Adidas master dataset
Online,4368,1965.6,Derived from Adidas master dataset
Online,6084,2798.64,Derived from Adidas master dataset
Online,3164,1550.36,Derived from Adidas master dataset
Online,3465,2009.7,Derived from Adidas master dataset
Online,2775,1248.75,Derived from Adidas master dataset
Online,3828,2488.2,Derived from Adidas master dataset
Online,3705,1741.35,Derived from Adidas master dataset
Online,5655,2714.4,Derived from Adidas master dataset
Online,3312,1556.64,Derived from Adidas master dataset
Online,3277,1802.35,Derived from Adidas master dataset
Online,2448,1052.64,Derived from Adidas master dataset
Online,3864,2357.04,Derived from Adidas master dataset
Online,3654,1827.0,Derived from Adidas master dataset
Online,5488,2634.24,Derived from Adidas master dataset
Online,3841,1805.27,Derived from Adidas master dataset
Online,4290,2359.5,Derived from Adidas master dataset
Online,5640,2256.0,Derived from Adidas master dataset
Online,9156,5768.28,Derived from Adidas master dataset
Online,8190,4013.1,Derived from Adidas master dataset
Online,8648,4151.04,Derived from Adidas master dataset
Online,8178,3925.44,Derived from Adidas master dataset
Online,6864,4049.76,Derived from Adidas master dataset
Online,6084,2616.12,Derived from Adidas master dataset
Online,12705,7750.05,Derived from Adidas master dataset
Online,10416,5208.0,Derived from Adidas master dataset
Online,10504,5462.08,Derived from Adidas master dataset
Online,11086,6097.3,Derived from Adidas master dataset
Online,6439,4120.96,Derived from Adidas master dataset
Online,6943,3332.64,Derived from Adidas master dataset
Online,13312,9185.28,Derived from Adidas master dataset
Online,9660,5313.0,Derived from Adidas master dataset
Online,10335,5477.55,Derived from Adidas master dataset
Online,11500,6095.0,Derived from Adidas master dataset
Online,5952,3868.8,Derived from Adidas master dataset
Online,6916,3181.36,Derived from Adidas master dataset
Online,10584,7197.12,Derived from Adidas master dataset
Online,8800,4400.0,Derived from Adidas master dataset
Online,9400,4888.0,Derived from Adidas master dataset
Online,10192,5299.84,Derived from Adidas master dataset
Online,6380,4019.4,Derived from Adidas master dataset
Online,5200,2392.0,Derived from Adidas master dataset
Online,8869,5942.23,Derived from Adidas master dataset
Online,6012,3066.12,Derived from Adidas master dataset
Online,6401,3456.54,Derived from Adidas master dataset
Online,5371,2739.21,Derived from Adidas master dataset
Online,4444,2888.6,Derived from Adidas master dataset
Online,2912,1397.76,Derived from Adidas master dataset
Online,5964,3936.24,Derived from Adidas master dataset
Online,6006,3303.3,Derived from Adidas master dataset
Online,6048,3144.96,Derived from Adidas master dataset
Online,8700,4698.0,Derived from Adidas master dataset
Online,6588,4018.68,Derived from Adidas master dataset
Online,5724,2862.0,Derived from Adidas master dataset
Online,10269,6880.23,Derived from Adidas master dataset
Online,12582,6794.28,Derived from Adidas master dataset
Online,10659,5755.86,Derived from Adidas master dataset
Online,9856,5125.12,Derived from Adidas master dataset
Online,8378,5445.7,Derived from Adidas master dataset
Online,6650,3258.5,Derived from Adidas master dataset
Online,11760,8114.4,Derived from Adidas master dataset
Online,3451,1656.48,Derived from Adidas master dataset
Online,3922,2000.22,Derived from Adidas master dataset
Online,3922,1921.78,Derived from Adidas master dataset
Online,2926,1345.96,Derived from Adidas master dataset
Online,2646,1190.7,Derived from Adidas master dataset
Online,3996,1398.6,Derived from Adidas master dataset
Online,4147,2073.5,Derived from Adidas master dataset
Online,4294,2318.76,Derived from Adidas master dataset
Online,3990,1875.3,Derived from Adidas master dataset
Online,2394,1149.12,Derived from Adidas master dataset
Online,1848,813.12,Derived from Adidas master dataset
Online,3344,1203.84,Derived from Adidas master dataset
Online,5365,2521.55,Derived from Adidas master dataset
Online,4560,2508.0,Derived from Adidas master dataset
Online,4459,2229.5,Derived from Adidas master dataset
Online,3196,1470.16,Derived from Adidas master dataset
Online,1674,686.34,Derived from Adidas master dataset
Online,4136,1654.4,Derived from Adidas master dataset
Online,6240,2808.0,Derived from Adidas master dataset
Online,4770,2385.0,Derived from Adidas master dataset
Online,5100,2550.0,Derived from Adidas master dataset
Online,3450,1725.0,Derived from Adidas master dataset
Online,1950,819.0,Derived from Adidas master dataset
Online,6298,2267.28,Derived from Adidas master dataset
Online,6909,3247.23,Derived from Adidas master dataset
Online,5989,3234.06,Derived from Adidas master dataset
Online,6000,2820.0,Derived from Adidas master dataset
Online,4410,2205.0,Derived from Adidas master dataset
Online,2958,1212.78,Derived from Adidas master dataset
Online,6272,2257.92,Derived from Adidas master dataset
Online,7488,3669.12,Derived from Adidas master dataset
Online,7038,3659.76,Derived from Adidas master dataset
Online,7038,3167.1,Derived from Adidas master dataset
Online,4370,2185.0,Derived from Adidas master dataset
Online,3468,1456.56,Derived from Adidas master dataset
Online,9039,3525.21,Derived from Adidas master dataset
Online,9604,4705.96,Derived from Adidas master dataset
Online,7100,3621.0,Derived from Adidas master dataset
Online,6783,3188.01,Derived from Adidas master dataset
Online,4848,2181.6,Derived from Adidas master dataset
Online,6656,2862.08,Derived from Adidas master dataset
Online,8241,3131.58,Derived from Adidas master dataset
Online,8150,4075.0,Derived from Adidas master dataset
Online,9177,4588.5,Derived from Adidas master dataset
Online,6102,2989.98,Derived from Adidas master dataset
Online,5824,2853.76,Derived from Adidas master dataset
Online,6844,2806.04,Derived from Adidas master dataset
Online,6110,2444.0,Derived from Adidas master dataset
Online,6847,3355.03,Derived from Adidas master dataset
Online,7245,3839.85,Derived from Adidas master dataset
Online,5504,2476.8,Derived from Adidas master dataset
Online,4633,2177.51,Derived from Adidas master dataset
Online,5670,2494.8,Derived from Adidas master dataset
Online,6664,2465.68,Derived from Adidas master dataset
Online,5535,2656.8,Derived from Adidas master dataset
Online,6815,3611.95,Derived from Adidas master dataset
Online,4004,1921.92,Derived from Adidas master dataset
Online,3870,1896.3,Derived from Adidas master dataset
Online,3657,1462.8,Derived from Adidas master dataset
Online,4760,1808.8,Derived from Adidas master dataset
Online,5670,2664.9,Derived from Adidas master dataset
Online,6762,3516.24,Derived from Adidas master dataset
Online,4620,2125.2,Derived from Adidas master dataset
Online,4116,1934.52,Derived from Adidas master dataset
Online,4611,1890.51,Derived from Adidas master dataset
Online,6105,2258.85,Derived from Adidas master dataset
Online,7964,3663.44,Derived from Adidas master dataset
Online,8575,4630.5,Derived from Adidas master dataset
Online,5289,2538.72,Derived from Adidas master dataset
Online,5060,2277.0,Derived from Adidas master dataset
Online,4576,1967.68,Derived from Adidas master dataset
Online,7830,2897.1,Derived from Adidas master dataset
Online,4389,2150.61,Derived from Adidas master dataset
Online,5796,3071.88,Derived from Adidas master dataset
Online,5796,2666.16,Derived from Adidas master dataset
Online,3655,1790.95,Derived from Adidas master dataset
Online,3600,1476.0,Derived from Adidas master dataset
Online,5376,1935.36,Derived from Adidas master dataset
Online,4851,2376.99,Derived from Adidas master dataset
Online,4664,2565.2,Derived from Adidas master dataset
Online,4551,2093.46,Derived from Adidas master dataset
Online,3182,1559.18,Derived from Adidas master dataset
Online,2430,1069.2,Derived from Adidas master dataset
Online,4264,1620.32,Derived from Adidas master dataset
Online,7260,3630.0,Derived from Adidas master dataset
Online,5712,3027.36,Derived from Adidas master dataset
Online,5824,2853.76,Derived from Adidas master dataset
Online,4150,1909.0,Derived from Adidas master dataset
Online,2915,1253.45,Derived from Adidas master dataset
Online,4900,1862.0,Derived from Adidas master dataset
Online,7854,3534.3,Derived from Adidas master dataset
Online,5782,2891.0,Derived from Adidas master dataset
Online,6380,3190.0,Derived from Adidas master dataset
Online,4698,2161.08,Derived from Adidas master dataset
Online,3248,1331.68,Derived from Adidas master dataset
Online,6969,2648.22,Derived from Adidas master dataset
Online,7650,3442.5,Derived from Adidas master dataset
Online,6438,3283.38,Derived from Adidas master dataset
Online,7056,3316.32,Derived from Adidas master dataset
Online,4641,2134.86,Derived from Adidas master dataset
Online,3640,1528.8,Derived from Adidas master dataset
Online,7935,3094.65,Derived from Adidas master dataset
Online,10556,5066.88,Derived from Adidas master dataset
Online,8316,4324.32,Derived from Adidas master dataset
Online,8046,4023.0,Derived from Adidas master dataset
Online,5724,2575.8,Derived from Adidas master dataset
Online,4872,2094.96,Derived from Adidas master dataset
Online,11988,4315.68,Derived from Adidas master dataset
Online,10962,5152.14,Derived from Adidas master dataset
Online,10080,5443.2,Derived from Adidas master dataset
Online,9280,4454.4,Derived from Adidas master dataset
Online,7290,3280.5,Derived from Adidas master dataset
Online,8265,3553.95,Derived from Adidas master dataset
Online,9660,3670.8,Derived from Adidas master dataset
Online,9800,4900.0,Derived from Adidas master dataset
Online,10560,5491.2,Derived from Adidas master dataset
Online,8236,3788.56,Derived from Adidas master dataset
Online,7865,3696.55,Derived from Adidas master dataset
Online,8308,3323.2,Derived from Adidas master dataset
Online,8820,3351.6,Derived from Adidas master dataset
Online,7987,3594.15,Derived from Adidas master dataset
Online,7956,4057.56,Derived from Adidas master dataset
Online,6578,3091.66,Derived from Adidas master dataset
Online,6027,2832.69,Derived from Adidas master dataset
Online,5994,2397.6,Derived from Adidas master dataset
Online,7847,2824.92,Derived from Adidas master dataset
Online,7920,3960.0,Derived from Adidas master dataset
Online,7450,3948.5,Derived from Adidas master dataset
Online,5040,2368.8,Derived from Adidas master dataset
Online,4370,2141.3,Derived from Adidas master dataset
Online,5096,2242.24,Derived from Adidas master dataset
Online,7140,2641.8,Derived from Adidas master dataset
Online,9280,4547.2,Derived from Adidas master dataset
Online,8850,4779.0,Derived from Adidas master dataset
Online,6318,3032.64,Derived from Adidas master dataset
Online,6325,2972.75,Derived from Adidas master dataset
Online,7345,3231.8,Derived from Adidas master dataset
Online,10080,3931.2,Derived from Adidas master dataset
Online,11550,5313.0,Derived from Adidas master dataset
Online,11102,5551.0,Derived from Adidas master dataset
Online,7670,3758.3,Derived from Adidas master dataset
Online,7975,3668.5,Derived from Adidas master dataset
Online,7616,3427.2,Derived from Adidas master dataset
Online,9432,3301.2,Derived from Adidas master dataset
Online,3799,1937.49,Derived from Adidas master dataset
Online,5265,2685.15,Derived from Adidas master dataset
Online,4788,2154.6,Derived from Adidas master dataset
Online,2925,1462.5,Derived from Adidas master dataset
Online,2583,1162.35,Derived from Adidas master dataset
Online,4212,1642.68,Derived from Adidas master dataset
Online,4205,2228.65,Derived from Adidas master dataset
Online,4144,2279.2,Derived from Adidas master dataset
Online,3848,1924.0,Derived from Adidas master dataset
Online,2268,1179.36,Derived from Adidas master dataset
Online,2091,1003.68,Derived from Adidas master dataset
Online,3626,1305.36,Derived from Adidas master dataset
Online,5069,2534.5,Derived from Adidas master dataset
Online,4646,2462.38,Derived from Adidas master dataset
Online,5537,2713.13,Derived from Adidas master dataset
Online,3431,1784.12,Derived from Adidas master dataset
Online,1989,934.83,Derived from Adidas master dataset
Online,4560,1641.6,Derived from Adidas master dataset
Online,6390,3258.9,Derived from Adidas master dataset
Online,4488,2244.0,Derived from Adidas master dataset
Online,4700,2350.0,Derived from Adidas master dataset
Online,3312,1821.6,Derived from Adidas master dataset
Online,2756,1322.88,Derived from Adidas master dataset
Online,6615,2646.0,Derived from Adidas master dataset
Online,7520,4060.8,Derived from Adidas master dataset
Online,5616,2920.32,Derived from Adidas master dataset
Online,6396,3198.0,Derived from Adidas master dataset
Online,4277,2309.58,Derived from Adidas master dataset
Online,2800,1344.0,Derived from Adidas master dataset
Online,7680,3072.0,Derived from Adidas master dataset
Online,8096,4290.88,Derived from Adidas master dataset
Online,7938,4048.38,Derived from Adidas master dataset
Online,7384,3544.32,Derived from Adidas master dataset
Online,5880,2998.8,Derived from Adidas master dataset
Online,3672,1762.56,Derived from Adidas master dataset
Online,10050,3517.5,Derived from Adidas master dataset
Online,9212,4606.0,Derived from Adidas master dataset
Online,8823,4499.73,Derived from Adidas master dataset
Online,6850,3425.0,Derived from Adidas master dataset
Online,5888,3002.88,Derived from Adidas master dataset
Online,7452,3576.96,Derived from Adidas master dataset
Online,9581,3640.78,Derived from Adidas master dataset
Online,9646,4919.46,Derived from Adidas master dataset
Online,10150,5278.0,Derived from Adidas master dataset
Online,8100,3726.0,Derived from Adidas master dataset
Online,5989,3114.28,Derived from Adidas master dataset
Online,7560,3628.8,Derived from Adidas master dataset
Online,8092,2832.2,Derived from Adidas master dataset
Online,7740,4179.6,Derived from Adidas master dataset
Online,7332,4032.6,Derived from Adidas master dataset
Online,5670,2664.9,Derived from Adidas master dataset
Online,5160,2786.4,Derived from Adidas master dataset
Online,5400,2592.0,Derived from Adidas master dataset
Online,7729,3091.6,Derived from Adidas master dataset
Online,5502,2806.02,Derived from Adidas master dataset
Online,6674,3470.48,Derived from Adidas master dataset
Online,4410,2072.7,Derived from Adidas master dataset
Online,3872,1936.0,Derived from Adidas master dataset
Online,4500,2070.0,Derived from Adidas master dataset
Online,6528,2545.92,Derived from Adidas master dataset
Online,6987,3563.37,Derived from Adidas master dataset
Online,10034,5418.36,Derived from Adidas master dataset
Online,6210,2918.7,Derived from Adidas master dataset
Online,5916,3076.32,Derived from Adidas master dataset
Online,6120,2876.4,Derived from Adidas master dataset
Online,8060,2821.0,Derived from Adidas master dataset
Online,10150,5582.5,Derived from Adidas master dataset
Online,10962,5809.86,Derived from Adidas master dataset
Online,7314,3657.0,Derived from Adidas master dataset
Online,6528,3264.0,Derived from Adidas master dataset
Online,7424,3712.0,Derived from Adidas master dataset
Online,8640,3024.0,Derived from Adidas master dataset
Online,9984,5790.72,Derived from Adidas master dataset
Online,7622,3429.9,Derived from Adidas master dataset
Online,7192,2804.88,Derived from Adidas master dataset
Online,6902,3036.88,Derived from Adidas master dataset
Online,8883,4175.01,Derived from Adidas master dataset
Online,8843,5305.8,Derived from Adidas master dataset
Online,11856,6995.04,Derived from Adidas master dataset
Online,8502,3910.92,Derived from Adidas master dataset
Online,6293,2328.41,Derived from Adidas master dataset
Online,5577,2509.65,Derived from Adidas master dataset
Online,9261,4352.67,Derived from Adidas master dataset
Online,7344,4773.6,Derived from Adidas master dataset
Online,8745,5072.1,Derived from Adidas master dataset
Online,6720,3292.8,Derived from Adidas master dataset
Online,4344,1650.72,Derived from Adidas master dataset
Online,3888,1632.96,Derived from Adidas master dataset
Online,7421,3562.08,Derived from Adidas master dataset
Online,6048,3810.24,Derived from Adidas master dataset
Online,9339,5323.23,Derived from Adidas master dataset
Online,6188,2846.48,Derived from Adidas master dataset
Online,4368,1659.84,Derived from Adidas master dataset
Online,4860,2089.8,Derived from Adidas master dataset
Online,8836,4418.0,Derived from Adidas master dataset
Online,8151,5135.13,Derived from Adidas master dataset
Online,13536,7444.8,Derived from Adidas master dataset
Online,8460,3807.0,Derived from Adidas master dataset
Online,8610,3185.7,Derived from Adidas master dataset
Online,7826,3286.92,Derived from Adidas master dataset
Online,10388,5194.0,Derived from Adidas master dataset
Online,11800,7080.0,Derived from Adidas master dataset
Online,13923,7796.88,Derived from Adidas master dataset
Online,9800,4410.0,Derived from Adidas master dataset
Online,9823,3536.28,Derived from Adidas master dataset
Online,10246,4610.7,Derived from Adidas master dataset
Online,12090,5440.5,Derived from Adidas master dataset
Online,16250,10400.0,Derived from Adidas master dataset
Online,19593,11559.87,Derived from Adidas master dataset
Online,15660,7673.4,Derived from Adidas master dataset
Online,12648,4553.28,Derived from Adidas master dataset
Online,10504,4411.68,Derived from Adidas master dataset
Online,15360,6912.0,Derived from Adidas master dataset
Online,16104,10467.6,Derived from Adidas master dataset
Online,20212,11520.84,Derived from Adidas master dataset
Online,13122,6429.78,Derived from Adidas master dataset
Online,11550,4620.0,Derived from Adidas master dataset
Online,10252,4203.32,Derived from Adidas master dataset
Online,11475,5278.5,Derived from Adidas master dataset
Online,16124,9835.64,Derived from Adidas master dataset
Online,14637,8489.46,Derived from Adidas master dataset
Online,10704,5137.92,Derived from Adidas master dataset
Online,7448,2904.72,Derived from Adidas master dataset
Online,8190,3276.0,Derived from Adidas master dataset
Online,8400,3864.0,Derived from Adidas master dataset
Online,12064,7238.4,Derived from Adidas master dataset
Online,12200,7320.0,Derived from Adidas master dataset
Online,8736,4368.0,Derived from Adidas master dataset
Online,7216,2814.24,Derived from Adidas master dataset
Online,7216,2886.4,Derived from Adidas master dataset
Online,9828,4717.44,Derived from Adidas master dataset
Online,12600,8190.0,Derived from Adidas master dataset
Online,13900,7923.0,Derived from Adidas master dataset
Online,8272,3722.4,Derived from Adidas master dataset
Online,8686,3040.1,Derived from Adidas master dataset
Online,11925,5008.5,Derived from Adidas master dataset
Online,12936,6079.92,Derived from Adidas master dataset
Online,15244,9603.72,Derived from Adidas master dataset
Online,19430,11658.0,Derived from Adidas master dataset
Online,12702,5715.9,Derived from Adidas master dataset
Online,12040,4214.0,Derived from Adidas master dataset
Online,11446,5150.7,Derived from Adidas master dataset
Online,14850,6682.5,Derived from Adidas master dataset
Online,15504,9302.4,Derived from Adidas master dataset
Online,7623,3811.5,Derived from Adidas master dataset
Online,6154,3077.0,Derived from Adidas master dataset
Online,4536,2449.44,Derived from Adidas master dataset
Online,5017,2759.35,Derived from Adidas master dataset
Online,6552,3013.92,Derived from Adidas master dataset
Online,6664,4264.96,Derived from Adidas master dataset
Online,8942,4471.0,Derived from Adidas master dataset
Online,6392,3068.16,Derived from Adidas master dataset
Online,3887,2137.85,Derived from Adidas master dataset
Online,4118,2059.0,Derived from Adidas master dataset
Online,7920,3960.0,Derived from Adidas master dataset
Online,5887,3532.2,Derived from Adidas master dataset
Online,7728,4173.12,Derived from Adidas master dataset
Online,4350,1957.5,Derived from Adidas master dataset
Online,3439,1788.28,Derived from Adidas master dataset
Online,3100,1674.0,Derived from Adidas master dataset
Online,5846,2630.7,Derived from Adidas master dataset
Online,4563,2829.06,Derived from Adidas master dataset
Online,7101,3834.54,Derived from Adidas master dataset
Online,4340,2039.8,Derived from Adidas master dataset
Online,2880,1584.0,Derived from Adidas master dataset
Online,3360,1814.4,Derived from Adidas master dataset
Online,5502,2751.0,Derived from Adidas master dataset
Online,6048,3689.28,Derived from Adidas master dataset
Online,10086,5547.3,Derived from Adidas master dataset
Online,7644,3516.24,Derived from Adidas master dataset
Online,6253,3314.09,Derived from Adidas master dataset
Online,5700,3078.0,Derived from Adidas master dataset
Online,6900,3381.0,Derived from Adidas master dataset
Online,10353,6418.86,Derived from Adidas master dataset
Online,10948,6021.4,Derived from Adidas master dataset
Online,7644,3592.68,Derived from Adidas master dataset
Online,7943,4289.22,Derived from Adidas master dataset
Online,8281,4223.31,Derived from Adidas master dataset
Online,9943,4872.07,Derived from Adidas master dataset
Online,15477,9286.2,Derived from Adidas master dataset
Online,17640,8820.0,Derived from Adidas master dataset
Online,12992,6496.0,Derived from Adidas master dataset
Online,10388,5713.4,Derived from Adidas master dataset
Online,10556,5383.56,Derived from Adidas master dataset
Online,10738,5261.62,Derived from Adidas master dataset
Online,16832,10604.16,Derived from Adidas master dataset
Online,18788,9957.64,Derived from Adidas master dataset
Online,11600,5220.0,Derived from Adidas master dataset
Online,11340,6010.2,Derived from Adidas master dataset
Online,8008,4244.24,Derived from Adidas master dataset
Online,9328,4477.44,Derived from Adidas master dataset
Online,12474,7983.36,Derived from Adidas master dataset
Online,13250,6890.0,Derived from Adidas master dataset
Online,8869,4434.5,Derived from Adidas master dataset
Online,4900,2499.0,Derived from Adidas master dataset
Online,4200,2100.0,Derived from Adidas master dataset
Online,5928,2726.88,Derived from Adidas master dataset
Online,8323,5077.03,Derived from Adidas master dataset
Online,10290,5556.6,Derived from Adidas master dataset
Online,6468,2975.28,Derived from Adidas master dataset
Online,5100,2601.0,Derived from Adidas master dataset
Online,5440,2937.6,Derived from Adidas master dataset
Online,6258,2941.26,Derived from Adidas master dataset
Online,8448,5322.24,Derived from Adidas master dataset
Online,9460,5203.0,Derived from Adidas master dataset
Online,6240,2932.8,Derived from Adidas master dataset
Online,6346,3426.84,Derived from Adidas master dataset
Online,8965,4572.15,Derived from Adidas master dataset
Online,11736,5750.64,Derived from Adidas master dataset
Online,15120,9676.8,Derived from Adidas master dataset
Online,15616,7964.16,Derived from Adidas master dataset
Online,11110,4999.5,Derived from Adidas master dataset
Online,11990,6114.9,Derived from Adidas master dataset
Online,10780,5821.2,Derived from Adidas master dataset
Online,10985,5382.65,Derived from Adidas master dataset
Online,15525,10091.25,Derived from Adidas master dataset
Online,6208,3228.16,Derived from Adidas master dataset
Online,4950,2475.0,Derived from Adidas master dataset
Online,4008,2164.32,Derived from Adidas master dataset
Online,3567,1854.84,Derived from Adidas master dataset
Online,5632,2816.0,Derived from Adidas master dataset
Online,5536,3598.4,Derived from Adidas master dataset
Online,7392,3696.0,Derived from Adidas master dataset
Online,4719,2359.5,Derived from Adidas master dataset
Online,3634,1817.0,Derived from Adidas master dataset
Online,2929,1464.5,Derived from Adidas master dataset
Online,5002,2300.92,Derived from Adidas master dataset
Online,4147,2529.67,Derived from Adidas master dataset
Online,6237,3243.24,Derived from Adidas master dataset
Online,3402,1530.9,Derived from Adidas master dataset
Online,2480,1314.4,Derived from Adidas master dataset
Online,2352,1223.04,Derived from Adidas master dataset
Online,4181,2048.69,Derived from Adidas master dataset
Online,3584,2186.24,Derived from Adidas master dataset
Online,6104,3357.2,Derived from Adidas master dataset
Online,3108,1522.92,Derived from Adidas master dataset
Online,2014,1067.42,Derived from Adidas master dataset
Online,2448,1224.0,Derived from Adidas master dataset
Online,4242,1993.74,Derived from Adidas master dataset
Online,4658,3027.7,Derived from Adidas master dataset
Online,8694,4347.0,Derived from Adidas master dataset
Online,5940,2910.6,Derived from Adidas master dataset
Online,5577,2844.27,Derived from Adidas master dataset
Online,4674,2570.7,Derived from Adidas master dataset
Online,6174,2840.04,Derived from Adidas master dataset
Online,7579,4850.56,Derived from Adidas master dataset
Online,11368,6025.04,Derived from Adidas master dataset
Online,5658,2602.68,Derived from Adidas master dataset
Online,6958,3757.32,Derived from Adidas master dataset
Online,6860,3498.6,Derived from Adidas master dataset
Online,9300,4371.0,Derived from Adidas master dataset
Online,12544,7777.28,Derived from Adidas master dataset
Online,15876,8255.52,Derived from Adidas master dataset
Online,10920,5132.4,Derived from Adidas master dataset
Online,8823,4499.73,Derived from Adidas master dataset
Online,8056,4350.24,Derived from Adidas master dataset
Online,9086,4179.56,Derived from Adidas master dataset
Online,12489,7868.07,Derived from Adidas master dataset
Online,13908,6954.0,Derived from Adidas master dataset
Online,11310,5202.6,Derived from Adidas master dataset
Online,7950,4054.5,Derived from Adidas master dataset
Online,6478,3303.78,Derived from Adidas master dataset
Online,6750,3307.5,Derived from Adidas master dataset
Online,9126,5566.86,Derived from Adidas master dataset
Online,11250,6075.0,Derived from Adidas master dataset
Online,8131,3821.57,Derived from Adidas master dataset
Online,3174,1745.7,Derived from Adidas master dataset
Online,2712,1383.12,Derived from Adidas master dataset
Online,3904,1873.92,Derived from Adidas master dataset
Online,5106,3165.72,Derived from Adidas master dataset
Online,7560,3931.2,Derived from Adidas master dataset
Online,4002,1880.94,Derived from Adidas master dataset
Online,2862,1516.86,Derived from Adidas master dataset
Online,3248,1656.48,Derived from Adidas master dataset
Online,4292,1974.32,Derived from Adidas master dataset
Online,5586,3519.18,Derived from Adidas master dataset
Online,5746,2987.92,Derived from Adidas master dataset
Online,3360,1512.0,Derived from Adidas master dataset
Online,3712,1856.0,Derived from Adidas master dataset
Online,7965,3982.5,Derived from Adidas master dataset
Online,10488,5139.12,Derived from Adidas master dataset
Online,12358,7909.12,Derived from Adidas master dataset
Online,16170,8085.0,Derived from Adidas master dataset
Online,10860,5104.2,Derived from Adidas master dataset
Online,9499,4939.48,Derived from Adidas master dataset
Online,9261,4630.5,Derived from Adidas master dataset
Online,9656,4731.44,Derived from Adidas master dataset
Online,11544,6926.4,Derived from Adidas master dataset
Online,4995,2697.3,Derived from Adidas master dataset
Online,2964,1393.08,Derived from Adidas master dataset
Online,2100,1092.0,Derived from Adidas master dataset
Online,1428,714.0,Derived from Adidas master dataset
Online,2392,1124.24,Derived from Adidas master dataset
Online,2997,1618.38,Derived from Adidas master dataset
Online,5244,2779.32,Derived from Adidas master dataset
Online,2204,1013.84,Derived from Adidas master dataset
Online,1827,968.31,Derived from Adidas master dataset
Online,1156,624.24,Derived from Adidas master dataset
Online,2592,1218.24,Derived from Adidas master dataset
Online,3042,1551.42,Derived from Adidas master dataset
Online,6396,3261.96,Derived from Adidas master dataset
Online,2419,1185.31,Derived from Adidas master dataset
Online,2482,1241.0,Derived from Adidas master dataset
Online,972,505.44,Derived from Adidas master dataset
Online,2288,1052.48,Derived from Adidas master dataset
Online,2730,1392.3,Derived from Adidas master dataset
Online,4879,2683.45,Derived from Adidas master dataset
Online,2009,964.32,Derived from Adidas master dataset
Online,1862,1024.1,Derived from Adidas master dataset
Online,1218,609.0,Derived from Adidas master dataset
Online,1645,806.05,Derived from Adidas master dataset
Online,2700,1350.0,Derived from Adidas master dataset
Online,7644,3898.44,Derived from Adidas master dataset
Online,2856,1428.0,Derived from Adidas master dataset
Online,2204,1146.08,Derived from Adidas master dataset
Online,1444,779.76,Derived from Adidas master dataset
Online,1932,888.72,Derived from Adidas master dataset
Online,4233,2158.83,Derived from Adidas master dataset
Online,5112,2556.0,Derived from Adidas master dataset
Online,2541,1245.09,Derived from Adidas master dataset
Online,1568,862.4,Derived from Adidas master dataset
Online,1508,829.4,Derived from Adidas master dataset
Online,2646,1296.54,Derived from Adidas master dataset
Online,5252,2731.04,Derived from Adidas master dataset
Online,7896,4342.8,Derived from Adidas master dataset
Online,4180,2048.2,Derived from Adidas master dataset
Online,2622,1363.44,Derived from Adidas master dataset
Online,2331,1258.74,Derived from Adidas master dataset
Online,3450,1587.0,Derived from Adidas master dataset
Online,5750,3105.0,Derived from Adidas master dataset
Online,7682,4148.28,Derived from Adidas master dataset
Online,3731,1753.57,Derived from Adidas master dataset
Online,2880,1555.2,Derived from Adidas master dataset
Online,2850,1425.0,Derived from Adidas master dataset
Online,3185,1560.65,Derived from Adidas master dataset
Online,6120,3304.8,Derived from Adidas master dataset
Online,6576,3485.28,Derived from Adidas master dataset
Online,4136,2026.64,Derived from Adidas master dataset
Online,2145,1136.85,Derived from Adidas master dataset
Online,1728,881.28,Derived from Adidas master dataset
Online,2494,1172.18,Derived from Adidas master dataset
Online,3626,1885.52,Derived from Adidas master dataset
Online,6678,3672.9,Derived from Adidas master dataset
Online,3403,1701.5,Derived from Adidas master dataset
Online,2021,1091.34,Derived from Adidas master dataset
Online,1722,895.44,Derived from Adidas master dataset
Online,2173,1064.77,Derived from Adidas master dataset
Online,4399,2199.5,Derived from Adidas master dataset
Online,5904,3070.08,Derived from Adidas master dataset
Online,2808,1319.76,Derived from Adidas master dataset
Online,2337,1191.87,Derived from Adidas master dataset
Online,2704,1352.0,Derived from Adidas master dataset
Online,3127,1500.96,Derived from Adidas master dataset
Online,5280,2851.2,Derived from Adidas master dataset
Online,9322,5127.1,Derived from Adidas master dataset
Online,5096,2446.08,Derived from Adidas master dataset
Online,3774,2075.7,Derived from Adidas master dataset
Online,3332,1765.96,Derived from Adidas master dataset
Online,3672,1725.84,Derived from Adidas master dataset
Online,6272,3324.16,Derived from Adidas master dataset
Online,5481,2959.74,Derived from Adidas master dataset
Online,4118,1853.1,Derived from Adidas master dataset
Online,2844,1564.2,Derived from Adidas master dataset
Online,2323,1231.19,Derived from Adidas master dataset
Online,4370,2097.6,Derived from Adidas master dataset
Online,4582,2840.84,Derived from Adidas master dataset
Online,6300,3276.0,Derived from Adidas master dataset
Online,2862,1373.76,Derived from Adidas master dataset
Online,2232,1227.6,Derived from Adidas master dataset
Online,2275,1137.5,Derived from Adidas master dataset
Online,4212,1937.52,Derived from Adidas master dataset
Online,3000,1800.0,Derived from Adidas master dataset
Online,4301,2365.55,Derived from Adidas master dataset
Online,2400,1128.0,Derived from Adidas master dataset
Online,1792,949.76,Derived from Adidas master dataset
Online,1520,790.4,Derived from Adidas master dataset
Online,2592,1192.32,Derived from Adidas master dataset
Online,2952,1830.24,Derived from Adidas master dataset
Online,3887,2098.98,Derived from Adidas master dataset
Online,2507,1253.5,Derived from Adidas master dataset
Online,1414,777.7,Derived from Adidas master dataset
Online,1425,741.0,Derived from Adidas master dataset
Online,3078,1477.44,Derived from Adidas master dataset
Online,3472,2117.92,Derived from Adidas master dataset
Online,7566,4161.3,Derived from Adidas master dataset
Online,4847,2181.15,Derived from Adidas master dataset
Online,3927,2120.58,Derived from Adidas master dataset
Online,3333,1699.83,Derived from Adidas master dataset
Online,4756,2235.32,Derived from Adidas master dataset
Online,6580,4211.2,Derived from Adidas master dataset
Online,9240,4804.8,Derived from Adidas master dataset
Online,4625,2173.75,Derived from Adidas master dataset
Online,5863,3224.65,Derived from Adidas master dataset
Online,5031,2515.5,Derived from Adidas master dataset
Online,7695,3462.75,Derived from Adidas master dataset
Online,11280,7106.4,Derived from Adidas master dataset
Online,12818,6537.18,Derived from Adidas master dataset
Online,8268,3720.6,Derived from Adidas master dataset
Online,6816,3408.0,Derived from Adidas master dataset
Online,5952,3154.56,Derived from Adidas master dataset
Online,8850,4248.0,Derived from Adidas master dataset
Online,10736,6548.96,Derived from Adidas master dataset
Online,12040,6501.6,Derived from Adidas master dataset
Online,8400,4032.0,Derived from Adidas master dataset
Online,7056,3669.12,Derived from Adidas master dataset
Online,4992,2595.84,Derived from Adidas master dataset
Online,5612,2525.4,Derived from Adidas master dataset
Online,8957,5822.05,Derived from Adidas master dataset
Online,9541,5152.14,Derived from Adidas master dataset
Online,6174,2778.3,Derived from Adidas master dataset
Online,2337,1168.5,Derived from Adidas master dataset
Online,1900,1045.0,Derived from Adidas master dataset
Online,3132,1503.36,Derived from Adidas master dataset
Online,4160,2579.2,Derived from Adidas master dataset
Online,5632,3041.28,Derived from Adidas master dataset
Online,3625,1631.25,Derived from Adidas master dataset
Online,2352,1270.08,Derived from Adidas master dataset
Online,2415,1207.5,Derived from Adidas master dataset
Online,3136,1568.0,Derived from Adidas master dataset
Online,4092,2618.88,Derived from Adidas master dataset
Online,4564,2464.56,Derived from Adidas master dataset
Online,2106,947.7,Derived from Adidas master dataset
Online,3108,1678.32,Derived from Adidas master dataset
Online,6318,3348.54,Derived from Adidas master dataset
Online,8733,3929.85,Derived from Adidas master dataset
Online,10744,6553.84,Derived from Adidas master dataset
Online,13192,6991.76,Derived from Adidas master dataset
Online,8990,4405.1,Derived from Adidas master dataset
Online,8083,4364.82,Derived from Adidas master dataset
Online,7448,3872.96,Derived from Adidas master dataset
Online,8060,4030.0,Derived from Adidas master dataset
Online,10224,6236.64,Derived from Adidas master dataset
Online,4224,2154.24,Derived from Adidas master dataset
Online,3275,1473.75,Derived from Adidas master dataset
Online,1638,835.38,Derived from Adidas master dataset
Online,1482,785.46,Derived from Adidas master dataset
Online,3230,1550.4,Derived from Adidas master dataset
Online,2806,1459.12,Derived from Adidas master dataset
Online,4536,2313.36,Derived from Adidas master dataset
Online,2520,1134.0,Derived from Adidas master dataset
Online,1680,840.0,Derived from Adidas master dataset
Online,1260,630.0,Derived from Adidas master dataset
Online,3332,1499.4,Derived from Adidas master dataset
Online,2185,1179.9,Derived from Adidas master dataset
Online,3258,1726.74,Derived from Adidas master dataset
Online,1960,882.0,Derived from Adidas master dataset
Online,880,475.2,Derived from Adidas master dataset
Online,1140,592.8,Derived from Adidas master dataset
Online,2080,956.8,Derived from Adidas master dataset
Online,2448,1248.48,Derived from Adidas master dataset
Online,4002,2161.08,Derived from Adidas master dataset
Online,1944,952.56,Derived from Adidas master dataset
Online,1050,546.0,Derived from Adidas master dataset
Online,1260,667.8,Derived from Adidas master dataset
Online,2701,1296.48,Derived from Adidas master dataset
Online,3248,1656.48,Derived from Adidas master dataset
Online,7059,3811.86,Derived from Adidas master dataset
Online,4294,2147.0,Derived from Adidas master dataset
Online,3094,1701.7,Derived from Adidas master dataset
Online,2652,1405.56,Derived from Adidas master dataset
Online,3570,1677.9,Derived from Adidas master dataset
Online,4884,2686.2,Derived from Adidas master dataset
Online,7308,3654.0,Derived from Adidas master dataset
Online,3392,1662.08,Derived from Adidas master dataset
Online,3952,2134.08,Derived from Adidas master dataset
Online,3626,1885.52,Derived from Adidas master dataset
Online,5292,2540.16,Derived from Adidas master dataset
Online,8640,4665.6,Derived from Adidas master dataset
Online,11650,5825.0,Derived from Adidas master dataset
Online,6909,3109.05,Derived from Adidas master dataset
Online,5418,2763.18,Derived from Adidas master dataset
Online,4756,2568.24,Derived from Adidas master dataset
Online,6545,3207.05,Derived from Adidas master dataset
Online,9450,5103.0,Derived from Adidas master dataset
Online,11550,6237.0,Derived from Adidas master dataset
Online,7600,3648.0,Derived from Adidas master dataset
Online,5922,3079.44,Derived from Adidas master dataset
Online,4056,2028.0,Derived from Adidas master dataset
Online,5424,2657.76,Derived from Adidas master dataset
Online,7150,3718.0,Derived from Adidas master dataset
Online,8736,4542.72,Derived from Adidas master dataset
Online,4914,2358.72,Derived from Adidas master dataset
Online,1232,640.64,Derived from Adidas master dataset
Online,1232,640.64,Derived from Adidas master dataset
Online,2162,1081.0,Derived from Adidas master dataset
Online,3451,1863.54,Derived from Adidas master dataset
Online,4050,2025.0,Derived from Adidas master dataset
Online,2014,906.3,Derived from Adidas master dataset
Online,1482,741.0,Derived from Adidas master dataset
Online,1368,725.04,Derived from Adidas master dataset
Online,2241,1053.27,Derived from Adidas master dataset
Online,3016,1598.48,Derived from Adidas master dataset
Online,3432,1716.0,Derived from Adidas master dataset
Online,1316,658.0,Derived from Adidas master dataset
Online,2070,1055.7,Derived from Adidas master dataset
Online,5559,2779.5,Derived from Adidas master dataset
Online,6279,2951.13,Derived from Adidas master dataset
Online,8541,4526.73,Derived from Adidas master dataset
Online,13601,7480.55,Derived from Adidas master dataset
Online,7560,3553.2,Derived from Adidas master dataset
Online,6930,3742.2,Derived from Adidas master dataset
Online,6840,3488.4,Derived from Adidas master dataset
Online,7168,3512.32,Derived from Adidas master dataset
Online,10500,5355.0,Derived from Adidas master dataset
Online,4008,2124.24,Derived from Adidas master dataset
Online,2725,1226.25,Derived from Adidas master dataset
Online,1470,808.5,Derived from Adidas master dataset
Online,1170,643.5,Derived from Adidas master dataset
Online,2640,1320.0,Derived from Adidas master dataset
Online,2323,1207.96,Derived from Adidas master dataset
Online,4056,2109.12,Derived from Adidas master dataset
Online,1840,846.4,Derived from Adidas master dataset
Online,1365,682.5,Derived from Adidas master dataset
Online,931,474.81,Derived from Adidas master dataset
Online,2550,1198.5,Derived from Adidas master dataset
Online,1764,899.64,Derived from Adidas master dataset
Online,2926,1463.0,Derived from Adidas master dataset
Online,1387,665.76,Derived from Adidas master dataset
Online,720,360.0,Derived from Adidas master dataset
Online,680,340.0,Derived from Adidas master dataset
Online,1666,783.02,Derived from Adidas master dataset
Online,1587,856.98,Derived from Adidas master dataset
Online,3648,1933.44,Derived from Adidas master dataset
Online,1495,717.6,Derived from Adidas master dataset
Online,952,504.56,Derived from Adidas master dataset
Online,810,429.3,Derived from Adidas master dataset
Online,2014,1007.0,Derived from Adidas master dataset
Online,2632,1447.6,Derived from Adidas master dataset
Online,6012,3246.48,Derived from Adidas master dataset
Online,3393,1526.85,Derived from Adidas master dataset
Online,2448,1272.96,Derived from Adidas master dataset
Online,2006,1103.3,Derived from Adidas master dataset
Online,3225,1451.25,Derived from Adidas master dataset
Online,4116,2140.32,Derived from Adidas master dataset
Online,5928,3023.28,Derived from Adidas master dataset
Online,2904,1306.8,Derived from Adidas master dataset
Online,3168,1647.36,Derived from Adidas master dataset
Online,3306,1653.0,Derived from Adidas master dataset
Online,4437,2085.39,Derived from Adidas master dataset
Online,6820,3478.2,Derived from Adidas master dataset
Online,9100,4732.0,Derived from Adidas master dataset
Online,5265,2632.5,Derived from Adidas master dataset
Online,4136,2233.44,Derived from Adidas master dataset
Online,3485,1847.05,Derived from Adidas master dataset
Online,5782,2659.72,Derived from Adidas master dataset
Online,8662,4677.48,Derived from Adidas master dataset
Online,10584,5397.84,Derived from Adidas master dataset
Online,5763,2708.61,Derived from Adidas master dataset
Online,5311,2814.83,Derived from Adidas master dataset
Online,3256,1693.12,Derived from Adidas master dataset
Online,3807,1713.15,Derived from Adidas master dataset
Online,6200,3224.0,Derived from Adidas master dataset
Online,7350,3969.0,Derived from Adidas master dataset
Online,3724,1675.8,Derived from Adidas master dataset
Online,966,492.66,Derived from Adidas master dataset
Online,882,449.82,Derived from Adidas master dataset
Online,1564,703.8,Derived from Adidas master dataset
Online,2548,1324.96,Derived from Adidas master dataset
Online,3973,2145.42,Derived from Adidas master dataset
Online,1672,769.12,Derived from Adidas master dataset
Online,1120,571.2,Derived from Adidas master dataset
Online,936,486.72,Derived from Adidas master dataset
Online,1450,696.0,Derived from Adidas master dataset
Online,2639,1451.45,Derived from Adidas master dataset
Online,3059,1651.86,Derived from Adidas master dataset
Online,1092,513.24,Derived from Adidas master dataset
Online,1702,919.08,Derived from Adidas master dataset
Online,3900,2067.0,Derived from Adidas master dataset
Online,5467,2678.83,Derived from Adidas master dataset
Online,7560,3780.0,Derived from Adidas master dataset
Online,10816,5948.8,Derived from Adidas master dataset
Online,6902,3105.9,Derived from Adidas master dataset
Online,5555,2777.5,Derived from Adidas master dataset
Online,5076,2690.28,Derived from Adidas master dataset
Online,5589,2682.72,Derived from Adidas master dataset
Online,8364,4182.0,Derived from Adidas master dataset
Online,3427,1679.23,Derived from Adidas master dataset
Online,2093,1025.57,Derived from Adidas master dataset
Online,1232,591.36,Derived from Adidas master dataset
Online,1064,521.36,Derived from Adidas master dataset
Online,2145,1029.6,Derived from Adidas master dataset
Online,2346,1173.0,Derived from Adidas master dataset
Online,3726,1751.22,Derived from Adidas master dataset
Online,1495,747.5,Derived from Adidas master dataset
Online,1050,514.5,Derived from Adidas master dataset
Online,840,378.0,Derived from Adidas master dataset
Online,2176,1044.48,Derived from Adidas master dataset
Online,1764,864.36,Derived from Adidas master dataset
Online,3060,1499.4,Derived from Adidas master dataset
Online,1121,526.87,Derived from Adidas master dataset
Online,675,310.5,Derived from Adidas master dataset
Online,520,249.6,Derived from Adidas master dataset
Online,1312,603.52,Derived from Adidas master dataset
Online,1495,747.5,Derived from Adidas master dataset
Online,3600,1620.0,Derived from Adidas master dataset
Online,1450,696.0,Derived from Adidas master dataset
Online,840,420.0,Derived from Adidas master dataset
Online,665,299.25,Derived from Adidas master dataset
Online,1482,726.18,Derived from Adidas master dataset
Online,2349,1151.01,Derived from Adidas master dataset
Online,5148,2316.6,Derived from Adidas master dataset
Online,3003,1441.44,Derived from Adidas master dataset
Online,2080,1019.2,Derived from Adidas master dataset
Online,1856,928.0,Derived from Adidas master dataset
Online,2408,1204.0,Derived from Adidas master dataset
Online,3948,1776.6,Derived from Adidas master dataset
Online,5328,2664.0,Derived from Adidas master dataset
Online,3008,1443.84,Derived from Adidas master dataset
Online,2997,1378.62,Derived from Adidas master dataset
Online,3040,1368.0,Derived from Adidas master dataset
Online,4482,2151.36,Derived from Adidas master dataset
Online,6786,3325.14,Derived from Adidas master dataset
Online,9282,4641.0,Derived from Adidas master dataset
Online,5831,2915.5,Derived from Adidas master dataset
Online,4284,1970.64,Derived from Adidas master dataset
Online,3225,1580.25,Derived from Adidas master dataset
Online,5096,2344.16,Derived from Adidas master dataset
Online,8400,4116.0,Derived from Adidas master dataset
Online,10584,5292.0,Derived from Adidas master dataset
Online,5661,2547.45,Derived from Adidas master dataset
Online,4794,2397.0,Derived from Adidas master dataset
Online,3330,1631.7,Derived from Adidas master dataset
Online,3243,1621.5,Derived from Adidas master dataset
Online,5876,2938.0,Derived from Adidas master dataset
Online,7755,3877.5,Derived from Adidas master dataset
Online,3458,1556.1,Derived from Adidas master dataset
Online,1125,528.75,Derived from Adidas master dataset
Online,910,427.7,Derived from Adidas master dataset
Online,1464,717.36,Derived from Adidas master dataset
Online,2726,1335.74,Derived from Adidas master dataset
Online,4205,1934.3,Derived from Adidas master dataset
Online,1615,742.9,Derived from Adidas master dataset
Online,1140,535.8,Derived from Adidas master dataset
Online,893,428.64,Derived from Adidas master dataset
Online,1334,653.66,Derived from Adidas master dataset
Online,2520,1209.6,Derived from Adidas master dataset
Online,2806,1318.82,Derived from Adidas master dataset
Online,1008,504.0,Derived from Adidas master dataset
Online,1265,632.5,Derived from Adidas master dataset
Online,4482,2151.36,Derived from Adidas master dataset
Online,4760,2189.6,Derived from Adidas master dataset
Online,6424,2955.04,Derived from Adidas master dataset
Online,9900,4950.0,Derived from Adidas master dataset
Online,7080,3540.0,Derived from Adidas master dataset
Online,5510,2534.6,Derived from Adidas master dataset
Online,5310,2389.5,Derived from Adidas master dataset
Online,5184,2592.0,Derived from Adidas master dataset
Online,7616,3503.36,Derived from Adidas master dataset
Online,5244,2569.56,Derived from Adidas master dataset
Online,2960,1184.0,Derived from Adidas master dataset
Online,2241,986.04,Derived from Adidas master dataset
Online,1224,489.6,Derived from Adidas master dataset
Online,2112,992.64,Derived from Adidas master dataset
Online,2664,1465.2,Derived from Adidas master dataset
Online,5846,2923.0,Derived from Adidas master dataset
Online,1833,806.52,Derived from Adidas master dataset
Online,1711,735.73,Derived from Adidas master dataset
Online,825,363.0,Derived from Adidas master dataset
Online,2208,993.6,Derived from Adidas master dataset
Online,2560,1408.0,Derived from Adidas master dataset
Online,4836,2369.64,Derived from Adidas master dataset
Online,1850,777.0,Derived from Adidas master dataset
Online,1593,669.06,Derived from Adidas master dataset
Online,759,333.96,Derived from Adidas master dataset
Online,1457,728.5,Derived from Adidas master dataset
Online,2183,1156.99,Derived from Adidas master dataset
Online,4294,1975.24,Derived from Adidas master dataset
Online,1638,671.58,Derived from Adidas master dataset
Online,1305,522.0,Derived from Adidas master dataset
Online,680,292.4,Derived from Adidas master dataset
Online,1624,747.04,Derived from Adidas master dataset
Online,2928,1551.84,Derived from Adidas master dataset
Online,8062,3789.14,Derived from Adidas master dataset
Online,2700,1215.0,Derived from Adidas master dataset
Online,1978,830.76,Derived from Adidas master dataset
Online,1118,503.1,Derived from Adidas master dataset
Online,1938,969.0,Derived from Adidas master dataset
Online,3944,2011.44,Derived from Adidas master dataset
Online,5535,2546.1,Derived from Adidas master dataset
Online,2730,1092.0,Derived from Adidas master dataset
Online,1728,743.04,Derived from Adidas master dataset
Online,1568,705.6,Derived from Adidas master dataset
Online,2091,940.95,Derived from Adidas master dataset
Online,4700,2491.0,Derived from Adidas master dataset
Online,7238,3329.48,Derived from Adidas master dataset
Online,3564,1603.8,Derived from Adidas master dataset
Online,2257,947.94,Derived from Adidas master dataset
Online,1672,718.96,Derived from Adidas master dataset
Online,2548,1172.08,Derived from Adidas master dataset
Online,4982,2640.46,Derived from Adidas master dataset
Online,6419,3081.12,Derived from Adidas master dataset
Online,3276,1474.2,Derived from Adidas master dataset
Online,2340,936.0,Derived from Adidas master dataset
Online,2204,947.72,Derived from Adidas master dataset
Online,2162,994.52,Derived from Adidas master dataset
Online,4664,2332.0,Derived from Adidas master dataset
Online,5796,2608.2,Derived from Adidas master dataset
Online,3120,1248.0,Derived from Adidas master dataset
Online,1696,678.4,Derived from Adidas master dataset
Online,1326,530.4,Derived from Adidas master dataset
Online,1722,861.0,Derived from Adidas master dataset
Online,2990,1495.0,Derived from Adidas master dataset
Online,5616,2583.36,Derived from Adidas master dataset
Online,3075,1291.5,Derived from Adidas master dataset
Online,1806,722.4,Derived from Adidas master dataset
Online,1548,696.6,Derived from Adidas master dataset
Online,2052,964.44,Derived from Adidas master dataset
Online,3850,2117.5,Derived from Adidas master dataset
Online,5512,2700.88,Derived from Adidas master dataset
Online,2583,1059.03,Derived from Adidas master dataset
Online,2451,1078.44,Derived from Adidas master dataset
Online,1892,832.48,Derived from Adidas master dataset
Online,2655,1221.3,Derived from Adidas master dataset
Online,3965,1982.5,Derived from Adidas master dataset
Online,8120,3735.2,Derived from Adidas master dataset
Online,3375,1451.25,Derived from Adidas master dataset
Online,3285,1379.7,Derived from Adidas master dataset
Online,2250,1012.5,Derived from Adidas master dataset
Online,2800,1260.0,Derived from Adidas master dataset
Online,4800,2496.0,Derived from Adidas master dataset
Online,4224,1900.8,Derived from Adidas master dataset
Online,2368,1041.92,Derived from Adidas master dataset
Online,1850,740.0,Derived from Adidas master dataset
Online,924,415.8,Derived from Adidas master dataset
Online,2107,1032.43,Derived from Adidas master dataset
Online,2376,1211.76,Derived from Adidas master dataset
Online,5168,2325.6,Derived from Adidas master dataset
Online,1734,745.62,Derived from Adidas master dataset
Online,1632,685.44,Derived from Adidas master dataset
Online,870,391.5,Derived from Adidas master dataset
Online,2142,1049.58,Derived from Adidas master dataset
Online,1587,809.37,Derived from Adidas master dataset
Online,3886,1826.42,Derived from Adidas master dataset
Online,1566,657.72,Derived from Adidas master dataset
Online,1064,446.88,Derived from Adidas master dataset
Online,550,231.0,Derived from Adidas master dataset
Online,1296,648.0,Derived from Adidas master dataset
Online,1764,917.28,Derived from Adidas master dataset
Online,3164,1550.36,Derived from Adidas master dataset
Online,1232,529.76,Derived from Adidas master dataset
Online,779,327.18,Derived from Adidas master dataset
Online,528,227.04,Derived from Adidas master dataset
Online,1740,835.2,Derived from Adidas master dataset
Online,3332,1765.96,Derived from Adidas master dataset
Online,7095,3405.6,Derived from Adidas master dataset
Online,2214,974.16,Derived from Adidas master dataset
Online,1887,811.41,Derived from Adidas master dataset
Online,936,411.84,Derived from Adidas master dataset
Online,1426,684.48,Derived from Adidas master dataset
Online,3900,1989.0,Derived from Adidas master dataset
Online,4500,2025.0,Derived from Adidas master dataset
Online,2080,894.4,Derived from Adidas master dataset
Online,1620,648.0,Derived from Adidas master dataset
Online,1479,621.18,Derived from Adidas master dataset
Online,1786,821.56,Derived from Adidas master dataset
Online,4641,2506.14,Derived from Adidas master dataset
Online,7680,3763.2,Derived from Adidas master dataset
Online,3696,1589.28,Derived from Adidas master dataset
Online,2183,873.2,Derived from Adidas master dataset
Online,2014,866.02,Derived from Adidas master dataset
Online,2940,1352.4,Derived from Adidas master dataset
Online,5292,2857.68,Derived from Adidas master dataset
Online,6762,3313.38,Derived from Adidas master dataset
Online,3780,1512.0,Derived from Adidas master dataset
Online,2331,955.71,Derived from Adidas master dataset
Online,1976,810.16,Derived from Adidas master dataset
Online,2024,931.04,Derived from Adidas master dataset
Online,5130,2718.9,Derived from Adidas master dataset
Online,4788,2394.0,Derived from Adidas master dataset
Online,2448,1052.64,Derived from Adidas master dataset
Online,1377,605.88,Derived from Adidas master dataset
Online,1232,505.12,Derived from Adidas master dataset
Online,1512,740.88,Derived from Adidas master dataset
Online,2772,1524.6,Derived from Adidas master dataset
Online,5684,2671.48,Derived from Adidas master dataset
Online,2628,1077.48,Derived from Adidas master dataset
Online,1521,669.24,Derived from Adidas master dataset
Online,1254,501.6,Derived from Adidas master dataset
Online,1530,719.1,Derived from Adidas master dataset
Online,3869,2050.57,Derived from Adidas master dataset
Online,5880,2940.0,Derived from Adidas master dataset
Online,2628,1182.6,Derived from Adidas master dataset
Online,2067,909.48,Derived from Adidas master dataset
Online,1833,788.19,Derived from Adidas master dataset
Online,2420,1089.0,Derived from Adidas master dataset
Online,3900,1989.0,Derived from Adidas master dataset
Online,8250,3795.0,Derived from Adidas master dataset
Online,3450,1552.5,Derived from Adidas master dataset
Online,3504,1576.8,Derived from Adidas master dataset
Online,2538,1040.58,Derived from Adidas master dataset
Online,3132,1409.4,Derived from Adidas master dataset
Online,4914,2604.42,Derived from Adidas master dataset
Online,3051,1372.95,Derived from Adidas master dataset
Online,2030,933.8,Derived from Adidas master dataset
Online,1292,581.4,Derived from Adidas master dataset
Online,624,280.8,Derived from Adidas master dataset
Online,1596,1005.48,Derived from Adidas master dataset
Online,2100,1092.0,Derived from Adidas master dataset
Online,4060,1786.4,Derived from Adidas master dataset
Online,1260,579.6,Derived from Adidas master dataset
Online,1064,436.24,Derived from Adidas master dataset
Online,575,253.0,Derived from Adidas master dataset
Online,1444,938.6,Derived from Adidas master dataset
Online,952,514.08,Derived from Adidas master dataset
Online,2584,1033.6,Derived from Adidas master dataset
Online,893,401.85,Derived from Adidas master dataset
Online,585,234.0,Derived from Adidas master dataset
Online,392,164.64,Derived from Adidas master dataset
Online,1092,698.88,Derived from Adidas master dataset
Online,1360,720.8,Derived from Adidas master dataset
Online,2480,1116.0,Derived from Adidas master dataset
Online,882,432.18,Derived from Adidas master dataset
Online,530,233.2,Derived from Adidas master dataset
Online,420,189.0,Derived from Adidas master dataset
Online,1870,1140.7,Derived from Adidas master dataset
Online,2898,1506.96,Derived from Adidas master dataset
Online,8322,3495.24,Derived from Adidas master dataset
Online,2331,1072.26,Derived from Adidas master dataset
Online,1782,730.62,Derived from Adidas master dataset
Online,1122,493.68,Derived from Adidas master dataset
Online,1806,1173.9,Derived from Adidas master dataset
Online,3174,1650.48,Derived from Adidas master dataset
Online,4384,1841.28,Derived from Adidas master dataset
Online,2156,1034.88,Derived from Adidas master dataset
Online,1150,517.5,Derived from Adidas master dataset
Online,1056,464.64,Derived from Adidas master dataset
Online,1496,957.44,Derived from Adidas master dataset
Online,4335,2297.55,Derived from Adidas master dataset
Online,6762,2975.28,Derived from Adidas master dataset
Online,3828,1875.72,Derived from Adidas master dataset
Online,2448,1077.12,Derived from Adidas master dataset
Online,1739,712.99,Derived from Adidas master dataset
Online,2760,1656.0,Derived from Adidas master dataset
Online,4794,2397.0,Derived from Adidas master dataset
Online,6419,2695.98,Derived from Adidas master dataset
Online,3276,1506.96,Derived from Adidas master dataset
Online,2379,1022.97,Derived from Adidas master dataset
Online,1998,819.18,Derived from Adidas master dataset
Online,2448,1468.8,Derived from Adidas master dataset
Online,5194,2856.7,Derived from Adidas master dataset
Online,4522,1808.8,Derived from Adidas master dataset
Online,2079,977.13,Derived from Adidas master dataset
Online,1176,470.4,Derived from Adidas master dataset
Online,874,393.3,Derived from Adidas master dataset
Online,1530,933.3,Derived from Adidas master dataset
Online,2196,1098.0,Derived from Adidas master dataset
Online,4816,1974.56,Derived from Adidas master dataset
Online,2400,1104.0,Derived from Adidas master dataset
Online,1326,543.66,Derived from Adidas master dataset
Online,1054,442.68,Derived from Adidas master dataset
Online,1596,1021.44,Derived from Adidas master dataset
Online,3577,1895.81,Derived from Adidas master dataset
Online,4592,2020.48,Derived from Adidas master dataset
Online,2304,1128.96,Derived from Adidas master dataset
Online,1824,802.56,Derived from Adidas master dataset
Online,1768,724.88,Derived from Adidas master dataset
Online,2695,1617.0,Derived from Adidas master dataset
Online,4248,2208.96,Derived from Adidas master dataset
Online,7938,3333.96,Derived from Adidas master dataset
Online,4277,2010.19,Derived from Adidas master dataset
Online,3901,1638.42,Derived from Adidas master dataset
Online,2989,1285.27,Derived from Adidas master dataset
Online,3481,2123.41,Derived from Adidas master dataset
Online,5192,2855.6,Derived from Adidas master dataset
Online,3528,1587.6,Derived from Adidas master dataset
Online,2030,933.8,Derived from Adidas master dataset
Online,1170,479.7,Derived from Adidas master dataset
Online,667,300.15,Derived from Adidas master dataset
Online,1710,1060.2,Derived from Adidas master dataset
Online,2044,1124.2,Derived from Adidas master dataset
Online,4060,1664.6,Derived from Adidas master dataset
Online,1131,554.19,Derived from Adidas master dataset
Online,1200,516.0,Derived from Adidas master dataset
Online,460,197.8,Derived from Adidas master dataset
Online,1444,880.84,Derived from Adidas master dataset
Online,910,464.1,Derived from Adidas master dataset
Online,2679,1098.39,Derived from Adidas master dataset
Online,836,418.0,Derived from Adidas master dataset
Online,531,233.64,Derived from Adidas master dataset
Online,280,114.8,Derived from Adidas master dataset
Online,986,601.46,Derived from Adidas master dataset
Online,1134,612.36,Derived from Adidas master dataset
Online,2196,900.36,Derived from Adidas master dataset
Online,780,358.8,Derived from Adidas master dataset
Online,369,158.67,Derived from Adidas master dataset
Online,330,135.3,Derived from Adidas master dataset
Online,1430,886.6,Derived from Adidas master dataset
Online,2989,1643.95,Derived from Adidas master dataset
Online,7772,3186.52,Derived from Adidas master dataset
Online,1950,955.5,Derived from Adidas master dataset
Online,1617,727.65,Derived from Adidas master dataset
Online,1216,535.04,Derived from Adidas master dataset
Online,2332,1422.52,Derived from Adidas master dataset
Online,4230,2157.3,Derived from Adidas master dataset
Online,5120,2252.8,Derived from Adidas master dataset
Online,2430,1190.7,Derived from Adidas master dataset
Online,1248,549.12,Derived from Adidas master dataset
Online,1128,462.48,Derived from Adidas master dataset
Online,1564,938.4,Derived from Adidas master dataset
Online,4998,2748.9,Derived from Adidas master dataset
Online,6705,2816.1,Derived from Adidas master dataset
Online,3654,1790.46,Derived from Adidas master dataset
Online,2318,996.74,Derived from Adidas master dataset
Online,1938,813.96,Derived from Adidas master dataset
Online,2400,1488.0,Derived from Adidas master dataset
Online,4888,2639.52,Derived from Adidas master dataset
Online,7268,3052.56,Derived from Adidas master dataset
Online,3612,1697.64,Derived from Adidas master dataset
Online,2184,873.6,Derived from Adidas master dataset
Online,1950,877.5,Derived from Adidas master dataset
Online,2208,1435.2,Derived from Adidas master dataset
Online,5304,2705.04,Derived from Adidas master dataset
Online,4719,1934.79,Derived from Adidas master dataset
Online,1885,848.25,Derived from Adidas master dataset
Online,1056,475.2,Derived from Adidas master dataset
Online,782,351.9,Derived from Adidas master dataset
Online,1089,707.85,Derived from Adidas master dataset
Online,1976,988.0,Derived from Adidas master dataset
Online,4859,2040.78,Derived from Adidas master dataset
Online,2244,1077.12,Derived from Adidas master dataset
Online,1122,482.46,Derived from Adidas master dataset
Online,1056,432.96,Derived from Adidas master dataset
Online,1452,914.76,Derived from Adidas master dataset
Online,2990,1524.9,Derived from Adidas master dataset
Online,4264,1833.52,Derived from Adidas master dataset
Online,2496,1173.12,Derived from Adidas master dataset
Online,2277,956.34,Derived from Adidas master dataset
Online,2145,965.25,Derived from Adidas master dataset
Online,3248,2013.76,Derived from Adidas master dataset
Online,4575,2333.25,Derived from Adidas master dataset
Online,8004,3281.64,Derived from Adidas master dataset
Online,4998,2349.06,Derived from Adidas master dataset
Online,3915,1722.6,Derived from Adidas master dataset
Online,3504,1576.8,Derived from Adidas master dataset
Online,4161,2496.6,Derived from Adidas master dataset
Online,5192,2699.84,Derived from Adidas master dataset
Online,4480,2329.6,Derived from Adidas master dataset
Online,2496,1272.96,Derived from Adidas master dataset
Online,2088,939.6,Derived from Adidas master dataset
Online,1232,591.36,Derived from Adidas master dataset
Online,2378,1046.32,Derived from Adidas master dataset
Online,2688,1344.0,Derived from Adidas master dataset
Online,5440,2992.0,Derived from Adidas master dataset
Online,1768,901.68,Derived from Adidas master dataset
Online,1752,876.0,Derived from Adidas master dataset
Online,1044,490.68,Derived from Adidas master dataset
Online,2378,1046.32,Derived from Adidas master dataset
Online,1425,726.75,Derived from Adidas master dataset
Online,3473,1771.23,Derived from Adidas master dataset
Online,1403,771.65,Derived from Adidas master dataset
Online,1008,504.0,Derived from Adidas master dataset
Online,589,265.05,Derived from Adidas master dataset
Online,1408,605.44,Derived from Adidas master dataset
Online,1776,923.52,Derived from Adidas master dataset
Online,2875,1581.25,Derived from Adidas master dataset
Online,1242,645.84,Derived from Adidas master dataset
Online,728,364.0,Derived from Adidas master dataset
Online,684,328.32,Derived from Adidas master dataset
Online,2745,1207.8,Derived from Adidas master dataset
Online,3384,1861.2,Derived from Adidas master dataset
Online,8856,4428.0,Derived from Adidas master dataset
Online,2701,1485.55,Derived from Adidas master dataset
Online,1904,894.88,Derived from Adidas master dataset
Online,1666,816.34,Derived from Adidas master dataset
Online,2552,1148.4,Derived from Adidas master dataset
Online,4823,2507.96,Derived from Adidas master dataset
Online,5580,3069.0,Derived from Adidas master dataset
Online,3008,1594.24,Derived from Adidas master dataset
Online,1350,607.5,Derived from Adidas master dataset
Online,1334,626.98,Derived from Adidas master dataset
Online,1908,858.6,Derived from Adidas master dataset
Online,5096,2598.96,Derived from Adidas master dataset
Online,7599,4027.47,Derived from Adidas master dataset
Online,4116,2058.0,Derived from Adidas master dataset
Online,2856,1285.2,Derived from Adidas master dataset
Online,2058,967.26,Derived from Adidas master dataset
Online,2550,1071.0,Derived from Adidas master dataset
Online,5454,2781.54,Derived from Adidas master dataset
Online,7144,3929.2,Derived from Adidas master dataset
Online,3567,1926.18,Derived from Adidas master dataset
Online,2072,973.84,Derived from Adidas master dataset
Online,2280,1071.6,Derived from Adidas master dataset
Online,2491,1120.95,Derived from Adidas master dataset
Online,4914,2604.42,Derived from Adidas master dataset
Online,4389,2370.06,Derived from Adidas master dataset
Online,2146,1073.0,Derived from Adidas master dataset
Online,1127,529.69,Derived from Adidas master dataset
Online,984,462.48,Derived from Adidas master dataset
Online,1386,554.4,Derived from Adidas master dataset
Online,2448,1272.96,Derived from Adidas master dataset
Online,4756,2520.68,Derived from Adidas master dataset
Online,2080,1144.0,Derived from Adidas master dataset
Online,1216,571.52,Derived from Adidas master dataset
Online,1452,667.92,Derived from Adidas master dataset
Online,1558,685.52,Derived from Adidas master dataset
Online,3984,2111.52,Derived from Adidas master dataset
Online,5043,2571.93,Derived from Adidas master dataset
Online,3234,1778.7,Derived from Adidas master dataset
Online,2592,1244.16,Derived from Adidas master dataset
Online,2822,1411.0,Derived from Adidas master dataset
Online,4125,1650.0,Derived from Adidas master dataset
Online,5551,2997.54,Derived from Adidas master dataset
Online,8700,4437.0,Derived from Adidas master dataset
Online,5292,2910.6,Derived from Adidas master dataset
Online,5145,2366.7,Derived from Adidas master dataset
Online,3915,1957.5,Derived from Adidas master dataset
Online,4536,1950.48,Derived from Adidas master dataset
Online,7440,3720.0,Derived from Adidas master dataset
Online,4000,2080.0,Derived from Adidas master dataset
Online,2400,1320.0,Derived from Adidas master dataset
Online,2175,1196.25,Derived from Adidas master dataset
Online,1305,704.7,Derived from Adidas master dataset
Online,2214,1129.14,Derived from Adidas master dataset
Online,2550,1275.0,Derived from Adidas master dataset
Online,4917,2655.18,Derived from Adidas master dataset
Online,1900,1045.0,Derived from Adidas master dataset
Online,2025,1032.75,Derived from Adidas master dataset
Online,1666,882.98,Derived from Adidas master dataset
Online,3120,1653.6,Derived from Adidas master dataset
Online,2520,1360.8,Derived from Adidas master dataset
Online,4620,2356.2,Derived from Adidas master dataset
Online,1863,1006.02,Derived from Adidas master dataset
Online,1729,933.66,Derived from Adidas master dataset
Online,1127,597.31,Derived from Adidas master dataset
Online,2183,1091.5,Derived from Adidas master dataset
Online,2349,1268.46,Derived from Adidas master dataset
Online,3861,1969.11,Derived from Adidas master dataset
Online,2100,1155.0,Derived from Adidas master dataset
Online,1292,697.68,Derived from Adidas master dataset
Online,1175,611.0,Derived from Adidas master dataset
Online,3360,1848.0,Derived from Adidas master dataset
Online,4418,2253.18,Derived from Adidas master dataset
Online,10382,5398.64,Derived from Adidas master dataset
Online,3219,1641.69,Derived from Adidas master dataset
Online,2464,1355.2,Derived from Adidas master dataset
Online,1650,907.5,Derived from Adidas master dataset
Online,2856,1542.24,Derived from Adidas master dataset
Online,4940,2717.0,Derived from Adidas master dataset
Online,6450,3354.0,Derived from Adidas master dataset
Online,4403,2201.5,Derived from Adidas master dataset
Online,2673,1443.42,Derived from Adidas master dataset
Online,2277,1184.04,Derived from Adidas master dataset
Online,3034,1668.7,Derived from Adidas master dataset
Online,6785,3528.2,Derived from Adidas master dataset
Online,10010,5205.2,Derived from Adidas master dataset
Online,5800,3074.0,Derived from Adidas master dataset
Online,4802,2545.06,Derived from Adidas master dataset
Online,3696,1884.96,Derived from Adidas master dataset
Online,4698,2536.92,Derived from Adidas master dataset
Online,8379,4524.66,Derived from Adidas master dataset
Online,6026,3133.52,Derived from Adidas master dataset
Online,3780,2079.0,Derived from Adidas master dataset
Online,3306,1719.12,Derived from Adidas master dataset
Online,2592,1321.92,Derived from Adidas master dataset
Online,3332,1799.28,Derived from Adidas master dataset
Online,6210,3353.4,Derived from Adidas master dataset
Online,5236,2670.36,Derived from Adidas master dataset
Online,2639,1398.67,Derived from Adidas master dataset
Online,1632,881.28,Derived from Adidas master dataset
Online,1357,678.5,Derived from Adidas master dataset
Online,1952,1015.04,Derived from Adidas master dataset
Online,2700,1377.0,Derived from Adidas master dataset
Online,4715,2546.1,Derived from Adidas master dataset
Online,2560,1331.2,Derived from Adidas master dataset
Online,1452,769.56,Derived from Adidas master dataset
Online,1504,797.12,Derived from Adidas master dataset
Online,2173,1195.15,Derived from Adidas master dataset
Online,3948,1974.0,Derived from Adidas master dataset
Online,5148,2676.96,Derived from Adidas master dataset
Online,3135,1661.55,Derived from Adidas master dataset
Online,2464,1232.0,Derived from Adidas master dataset
Online,3458,1901.9,Derived from Adidas master dataset
Online,4836,2563.08,Derived from Adidas master dataset
Online,6400,3264.0,Derived from Adidas master dataset
Online,10560,5491.2,Derived from Adidas master dataset
Online,7020,3650.4,Derived from Adidas master dataset
Online,5600,2968.0,Derived from Adidas master dataset
Online,5406,2757.06,Derived from Adidas master dataset
Online,5795,2897.5,Derived from Adidas master dataset
Online,8296,4562.8,Derived from Adidas master dataset
Online,3498,1749.0,Derived from Adidas master dataset
Online,2312,1086.64,Derived from Adidas master dataset
Online,1512,695.52,Derived from Adidas master dataset
Online,560,280.0,Derived from Adidas master dataset
Online,1386,595.98,Derived from Adidas master dataset
Online,1947,778.8,Derived from Adidas master dataset
Online,4416,2340.48,Derived from Adidas master dataset
Online,1292,594.32,Derived from Adidas master dataset
Online,1104,518.88,Derived from Adidas master dataset
Online,392,196.0,Derived from Adidas master dataset
Online,1271,571.95,Derived from Adidas master dataset
Online,2142,921.06,Derived from Adidas master dataset
Online,4000,2120.0,Derived from Adidas master dataset
Online,1326,623.22,Derived from Adidas master dataset
Online,1272,623.28,Derived from Adidas master dataset
Online,203,93.38,Derived from Adidas master dataset
Online,946,406.78,Derived from Adidas master dataset
Online,1617,727.65,Derived from Adidas master dataset
Online,4224,2154.24,Derived from Adidas master dataset
Online,992,466.24,Derived from Adidas master dataset
Online,792,388.08,Derived from Adidas master dataset
Online,351,164.97,Derived from Adidas master dataset
Online,615,276.75,Derived from Adidas master dataset
Online,1664,732.16,Derived from Adidas master dataset
Online,5782,3006.64,Derived from Adidas master dataset
Online,1974,908.04,Derived from Adidas master dataset
Online,1368,656.64,Derived from Adidas master dataset
Online,1110,532.8,Derived from Adidas master dataset
Online,1764,740.88,Derived from Adidas master dataset
Online,3276,1343.16,Derived from Adidas master dataset
Online,5875,2937.5,Derived from Adidas master dataset
Online,3075,1445.25,Derived from Adidas master dataset
Online,1739,869.5,Derived from Adidas master dataset
Online,1628,814.0,Derived from Adidas master dataset
Online,2058,905.52,Derived from Adidas master dataset
Online,4452,2003.4,Derived from Adidas master dataset
Online,6419,3337.88,Derived from Adidas master dataset
Online,3024,1451.52,Derived from Adidas master dataset
Online,2220,1087.8,Derived from Adidas master dataset
Online,1620,761.4,Derived from Adidas master dataset
Online,2346,1055.7,Derived from Adidas master dataset
Online,5508,2313.36,Derived from Adidas master dataset
Online,6480,3434.4,Derived from Adidas master dataset
Online,3403,1701.5,Derived from Adidas master dataset
Online,2340,1170.0,Derived from Adidas master dataset
Online,1628,748.88,Derived from Adidas master dataset
Online,1786,803.7,Derived from Adidas master dataset
Online,4293,1845.99,Derived from Adidas master dataset
Online,6272,3198.72,Derived from Adidas master dataset
Online,2772,1247.4,Derived from Adidas master dataset
Online,1368,684.0,Derived from Adidas master dataset
Online,900,405.0,Derived from Adidas master dataset
Online,1440,619.2,Derived from Adidas master dataset
Online,2700,1080.0,Derived from Adidas master dataset
Online,5876,3173.04,Derived from Adidas master dataset
Online,2784,1280.64,Derived from Adidas master dataset
Online,1225,563.5,Derived from Adidas master dataset
Online,1029,514.5,Derived from Adidas master dataset
Online,1120,448.0,Derived from Adidas master dataset
Online,3120,1248.0,Derived from Adidas master dataset
Online,5104,2807.2,Derived from Adidas master dataset
Online,2295,1078.65,Derived from Adidas master dataset
Online,2352,1176.0,Derived from Adidas master dataset
Online,1968,905.28,Derived from Adidas master dataset
Online,1736,763.84,Derived from Adidas master dataset
Online,3906,1679.58,Derived from Adidas master dataset
Online,6954,3477.0,Derived from Adidas master dataset
Online,2990,1495.0,Derived from Adidas master dataset
Online,2925,1374.75,Derived from Adidas master dataset
Online,2156,1013.32,Derived from Adidas master dataset
Online,2754,1129.14,Derived from Adidas master dataset
Online,4392,1844.64,Derived from Adidas master dataset
Online,4932,2219.4,Derived from Adidas master dataset
Online,3078,1539.0,Derived from Adidas master dataset
Online,2639,1398.67,Derived from Adidas master dataset
Online,1504,827.2,Derived from Adidas master dataset
Online,2891,1214.22,Derived from Adidas master dataset
Online,2916,1487.16,Derived from Adidas master dataset
Online,5616,2808.0,Derived from Adidas master dataset
Online,2257,1038.22,Derived from Adidas master dataset
Online,1863,950.13,Derived from Adidas master dataset
Online,1485,816.75,Derived from Adidas master dataset
Online,2925,1199.25,Derived from Adidas master dataset
Online,3822,2025.66,Derived from Adidas master dataset
Online,5688,2616.48,Derived from Adidas master dataset
Online,2652,1193.4,Derived from Adidas master dataset
Online,2001,1080.54,Derived from Adidas master dataset
Online,992,525.76,Derived from Adidas master dataset
Online,2254,924.14,Derived from Adidas master dataset
Online,2808,1404.0,Derived from Adidas master dataset
Online,4716,2358.0,Derived from Adidas master dataset
Online,2318,1089.46,Derived from Adidas master dataset
Online,1593,876.15,Derived from Adidas master dataset
Online,1408,718.08,Derived from Adidas master dataset
Online,2115,951.75,Derived from Adidas master dataset
Online,2964,1600.56,Derived from Adidas master dataset
Online,8160,3916.8,Derived from Adidas master dataset
Online,3243,1459.35,Derived from Adidas master dataset
Online,3321,1726.92,Derived from Adidas master dataset
Online,2665,1385.8,Derived from Adidas master dataset
Online,3700,1554.0,Derived from Adidas master dataset
Online,5616,3088.8,Derived from Adidas master dataset
Online,9639,4433.94,Derived from Adidas master dataset
Online,5760,2592.0,Derived from Adidas master dataset
Online,3655,1937.15,Derived from Adidas master dataset
Online,3075,1691.25,Derived from Adidas master dataset
Online,3750,1500.0,Derived from Adidas master dataset
Online,7560,4006.8,Derived from Adidas master dataset
Online,9646,4823.0,Derived from Adidas master dataset
Online,5593,2516.85,Derived from Adidas master dataset
Online,4182,2258.28,Derived from Adidas master dataset
Online,3870,2051.1,Derived from Adidas master dataset
Online,4794,1965.54,Derived from Adidas master dataset
Online,7975,3987.5,Derived from Adidas master dataset
Online,8150,3993.5,Derived from Adidas master dataset
Online,6016,2767.36,Derived from Adidas master dataset
Online,4410,2205.0,Derived from Adidas master dataset
Online,2583,1291.5,Derived from Adidas master dataset
Online,3150,1417.5,Derived from Adidas master dataset
Online,7080,3681.6,Derived from Adidas master dataset
Online,7100,3479.0,Derived from Adidas master dataset
Online,3995,1797.75,Derived from Adidas master dataset
Online,2623,1337.73,Derived from Adidas master dataset
Online,2460,1254.6,Derived from Adidas master dataset
Online,3000,1320.0,Derived from Adidas master dataset
Online,4872,2630.88,Derived from Adidas master dataset
Online,7168,3225.6,Derived from Adidas master dataset
Online,4590,2111.4,Derived from Adidas master dataset
Online,2600,1430.0,Derived from Adidas master dataset
Online,2288,1144.0,Derived from Adidas master dataset
Online,3038,1215.2,Derived from Adidas master dataset
Online,4914,2702.7,Derived from Adidas master dataset
Online,8100,3807.0,Derived from Adidas master dataset
Online,4505,2072.3,Derived from Adidas master dataset
Online,4472,2280.72,Derived from Adidas master dataset
Online,4284,2270.52,Derived from Adidas master dataset
Online,4320,1728.0,Derived from Adidas master dataset
Online,6272,3449.6,Derived from Adidas master dataset
Online,10416,4895.52,Derived from Adidas master dataset
Online,5000,2400.0,Derived from Adidas master dataset
Online,5450,2943.0,Derived from Adidas master dataset
Online,5194,2804.76,Derived from Adidas master dataset
Online,5551,2220.4,Derived from Adidas master dataset
Online,7995,3997.5,Derived from Adidas master dataset
Online,4416,2208.0,Derived from Adidas master dataset
Online,2541,1194.27,Derived from Adidas master dataset
Online,1728,881.28,Derived from Adidas master dataset
Online,1026,513.0,Derived from Adidas master dataset
Online,1927,770.8,Derived from Adidas master dataset
Online,2277,1252.35,Derived from Adidas master dataset
Online,4998,2399.04,Derived from Adidas master dataset
Online,1696,848.0,Derived from Adidas master dataset
Online,1512,771.12,Derived from Adidas master dataset
Online,870,461.1,Derived from Adidas master dataset
Online,1927,770.8,Derived from Adidas master dataset
Online,2368,1255.04,Derived from Adidas master dataset
Online,4608,2119.68,Derived from Adidas master dataset
Online,1856,909.44,Derived from Adidas master dataset
Online,1416,750.48,Derived from Adidas master dataset
Online,594,308.88,Derived from Adidas master dataset
Online,1462,657.9,Derived from Adidas master dataset
Online,1952,976.0,Derived from Adidas master dataset
Online,4522,2261.0,Derived from Adidas master dataset
Online,1683,774.18,Derived from Adidas master dataset
Online,1224,612.0,Derived from Adidas master dataset
Online,729,371.79,Derived from Adidas master dataset
Online,1188,522.72,Derived from Adidas master dataset
Online,2244,1211.76,Derived from Adidas master dataset
Online,6240,2932.8,Derived from Adidas master dataset
Online,2788,1394.0,Derived from Adidas master dataset
Online,2850,1425.0,Derived from Adidas master dataset
Online,2128,1064.0,Derived from Adidas master dataset
Online,3196,1310.36,Derived from Adidas master dataset
Online,5202,2705.04,Derived from Adidas master dataset
Online,7020,3229.2,Derived from Adidas master dataset
Online,4620,2125.2,Derived from Adidas master dataset
Online,2622,1389.66,Derived from Adidas master dataset
Online,2535,1368.9,Derived from Adidas master dataset
Online,2990,1345.5,Derived from Adidas master dataset
Online,6000,3000.0,Derived from Adidas master dataset
Online,8836,4152.92,Derived from Adidas master dataset
Online,4116,2058.0,Derived from Adidas master dataset
Online,2997,1558.44,Derived from Adidas master dataset
Online,2268,1224.72,Derived from Adidas master dataset
Online,3552,1527.36,Derived from Adidas master dataset
Online,7074,3749.22,Derived from Adidas master dataset
Online,8460,4060.8,Derived from Adidas master dataset
Online,4242,1993.74,Derived from Adidas master dataset
Online,2775,1498.5,Derived from Adidas master dataset
Online,1872,954.72,Derived from Adidas master dataset
Online,2116,909.88,Derived from Adidas master dataset
Online,5460,2893.8,Derived from Adidas master dataset
Online,5704,2794.96,Derived from Adidas master dataset
Online,2952,1476.0,Derived from Adidas master dataset
Online,1989,1054.17,Derived from Adidas master dataset
Online,1406,745.18,Derived from Adidas master dataset
Online,1927,790.07,Derived from Adidas master dataset
Online,3650,1934.5,Derived from Adidas master dataset
Online,6307,2901.22,Derived from Adidas master dataset
Online,3024,1512.0,Derived from Adidas master dataset
Online,1932,966.0,Derived from Adidas master dataset
Online,1488,773.76,Derived from Adidas master dataset
Online,2204,903.64,Derived from Adidas master dataset
Online,4216,2234.48,Derived from Adidas master dataset
Online,6372,3058.56,Derived from Adidas master dataset
Online,3680,1803.2,Derived from Adidas master dataset
Online,3264,1664.64,Derived from Adidas master dataset
Online,3185,1751.75,Derived from Adidas master dataset
Online,3245,1427.8,Derived from Adidas master dataset
Online,5369,2845.57,Derived from Adidas master dataset
Online,8195,3933.6,Derived from Adidas master dataset
Online,5145,2469.6,Derived from Adidas master dataset
Online,4459,2229.5,Derived from Adidas master dataset
Online,3901,1989.51,Derived from Adidas master dataset
Online,4565,2054.25,Derived from Adidas master dataset
Online,5959,3217.86,Derived from Adidas master dataset
Online,4750,2422.5,Derived from Adidas master dataset
Online,3219,1673.88,Derived from Adidas master dataset
Online,2520,1008.0,Derived from Adidas master dataset
Online,1386,609.84,Derived from Adidas master dataset
Online,2940,1205.4,Derived from Adidas master dataset
Online,2997,1498.5,Derived from Adidas master dataset
Online,5811,2905.5,Derived from Adidas master dataset
Online,1998,999.0,Derived from Adidas master dataset
Online,1885,848.25,Derived from Adidas master dataset
Online,1088,478.72,Derived from Adidas master dataset
Online,2940,1293.6,Derived from Adidas master dataset
Online,3276,1474.2,Derived from Adidas master dataset
Online,5070,2535.0,Derived from Adidas master dataset
Online,2128,1149.12,Derived from Adidas master dataset
Online,1972,887.4,Derived from Adidas master dataset
Online,960,403.2,Derived from Adidas master dataset
Online,1872,748.8,Derived from Adidas master dataset
Online,2774,1359.26,Derived from Adidas master dataset
Online,5400,2700.0,Derived from Adidas master dataset
Online,2204,1212.2,Derived from Adidas master dataset
Online,1624,698.32,Derived from Adidas master dataset
Online,1216,547.2,Derived from Adidas master dataset
Online,1610,724.5,Derived from Adidas master dataset
Online,2484,1242.0,Derived from Adidas master dataset
Online,7668,3910.68,Derived from Adidas master dataset
Online,3504,1857.12,Derived from Adidas master dataset
Online,3182,1272.8,Derived from Adidas master dataset
Online,2772,1136.52,Derived from Adidas master dataset
Online,3500,1540.0,Derived from Adidas master dataset
Online,6215,3045.35,Derived from Adidas master dataset
Online,8750,4812.5,Derived from Adidas master dataset
Online,4512,2256.0,Derived from Adidas master dataset
Online,3654,1644.3,Derived from Adidas master dataset
Online,3360,1411.2,Derived from Adidas master dataset
Online,3922,1725.68,Derived from Adidas master dataset
Online,6888,3375.12,Derived from Adidas master dataset
Online,10206,5511.24,Derived from Adidas master dataset
Online,5376,2849.28,Derived from Adidas master dataset
Online,3564,1568.16,Derived from Adidas master dataset
Online,3360,1478.4,Derived from Adidas master dataset
Online,4293,1888.92,Derived from Adidas master dataset
Online,8008,3843.84,Derived from Adidas master dataset
Online,8313,4572.15,Derived from Adidas master dataset
Online,5184,2851.2,Derived from Adidas master dataset
Online,3485,1463.7,Derived from Adidas master dataset
Online,2788,1143.08,Derived from Adidas master dataset
Online,2652,1166.88,Derived from Adidas master dataset
Online,5775,2887.5,Derived from Adidas master dataset
Online,6500,3510.0,Derived from Adidas master dataset
Online,3525,1833.0,Derived from Adidas master dataset
Online,2460,1082.4,Derived from Adidas master dataset
Online,1886,848.7,Derived from Adidas master dataset
Online,2550,1071.0,Derived from Adidas master dataset
Online,4482,2196.18,Derived from Adidas master dataset
Online,6667,3666.85,Derived from Adidas master dataset
Online,3744,1872.0,Derived from Adidas master dataset
Online,2597,1116.71,Derived from Adidas master dataset
Online,1900,760.0,Derived from Adidas master dataset
Online,2688,1128.96,Derived from Adidas master dataset
Online,4662,2331.0,Derived from Adidas master dataset
Online,6660,3330.0,Derived from Adidas master dataset
Online,4284,2227.68,Derived from Adidas master dataset
Online,4080,1836.0,Derived from Adidas master dataset
Online,4000,1680.0,Derived from Adidas master dataset
Online,4080,1795.2,Derived from Adidas master dataset
Online,6365,2991.55,Derived from Adidas master dataset
Online,8850,4513.5,Derived from Adidas master dataset
Online,5151,2627.01,Derived from Adidas master dataset
Online,4400,1980.0,Derived from Adidas master dataset
Online,4611,1936.62,Derived from Adidas master dataset
Online,4680,2106.0,Derived from Adidas master dataset
Online,7504,3451.84,Derived from Adidas master dataset
Online,3910,1798.6,Derived from Adidas master dataset
Online,2142,963.9,Derived from Adidas master dataset
Online,1512,831.6,Derived from Adidas master dataset
Online,580,307.4,Derived from Adidas master dataset
Online,1452,580.8,Derived from Adidas master dataset
Online,2079,1122.66,Derived from Adidas master dataset
Online,4046,1982.54,Derived from Adidas master dataset
Online,1224,575.28,Derived from Adidas master dataset
Online,1176,588.0,Derived from Adidas master dataset
Online,377,203.58,Derived from Adidas master dataset
Online,1435,588.35,Derived from Adidas master dataset
Online,2145,1136.85,Derived from Adidas master dataset
Online,3774,1887.0,Derived from Adidas master dataset
Online,1496,673.2,Derived from Adidas master dataset
Online,1173,609.96,Derived from Adidas master dataset
Online,232,116.0,Derived from Adidas master dataset
Online,880,396.0,Derived from Adidas master dataset
Online,1632,881.28,Derived from Adidas master dataset
Online,3552,1740.48,Derived from Adidas master dataset
Online,1056,528.0,Derived from Adidas master dataset
Online,864,449.28,Derived from Adidas master dataset
Online,377,199.81,Derived from Adidas master dataset
Online,660,264.0,Derived from Adidas master dataset
Online,1650,858.0,Derived from Adidas master dataset
Online,5978,2989.0,Derived from Adidas master dataset
Online,2107,948.15,Derived from Adidas master dataset
Online,2340,1263.6,Derived from Adidas master dataset
Online,1716,892.32,Derived from Adidas master dataset
Online,2254,901.6,Derived from Adidas master dataset
Online,4212,2232.36,Derived from Adidas master dataset
Online,6486,2918.7,Derived from Adidas master dataset
Online,3690,1808.1,Derived from Adidas master dataset
Online,2535,1394.25,Derived from Adidas master dataset
Online,2340,1263.6,Derived from Adidas master dataset
Online,2784,1141.44,Derived from Adidas master dataset
Online,4488,2288.88,Derived from Adidas master dataset
Online,7682,3456.9,Derived from Adidas master dataset
Online,3321,1660.5,Derived from Adidas master dataset
Online,2405,1250.6,Derived from Adidas master dataset
Online,2146,1115.92,Derived from Adidas master dataset
Online,2961,1184.4,Derived from Adidas master dataset
Online,5800,2900.0,Derived from Adidas master dataset
Online,6578,3157.44,Derived from Adidas master dataset
Online,3822,1796.34,Derived from Adidas master dataset
Online,2850,1567.5,Derived from Adidas master dataset
Online,1443,764.79,Derived from Adidas master dataset
Online,1395,558.0,Derived from Adidas master dataset
Online,4524,2442.96,Derived from Adidas master dataset
Online,4995,2247.75,Derived from Adidas master dataset
Online,2408,1155.84,Derived from Adidas master dataset
Online,1368,697.68,Derived from Adidas master dataset
Online,1053,568.62,Derived from Adidas master dataset
Online,1269,520.29,Derived from Adidas master dataset
Online,3016,1538.16,Derived from Adidas master dataset
Online,4982,2491.0,Derived from Adidas master dataset
Online,2576,1262.24,Derived from Adidas master dataset
Online,1305,678.6,Derived from Adidas master dataset
Online,1081,540.5,Derived from Adidas master dataset
Online,1045,418.0,Derived from Adidas master dataset
Online,3712,1893.12,Derived from Adidas master dataset
Online,5225,2560.25,Derived from Adidas master dataset
Online,2898,1304.1,Derived from Adidas master dataset
Online,3072,1658.88,Derived from Adidas master dataset
Online,2784,1531.2,Derived from Adidas master dataset
Online,2552,1122.88,Derived from Adidas master dataset
Online,4620,2402.4,Derived from Adidas master dataset
Online,7290,3645.0,Derived from Adidas master dataset
Online,3510,1684.8,Derived from Adidas master dataset
Online,3478,1773.78,Derived from Adidas master dataset
Online,3120,1560.0,Derived from Adidas master dataset
Online,3808,1637.44,Derived from Adidas master dataset
Online,5100,2805.0,Derived from Adidas master dataset
Online,4788,2058.84,Derived from Adidas master dataset
Online,2584,1136.96,Derived from Adidas master dataset
Online,1971,709.56,Derived from Adidas master dataset
Online,884,335.92,Derived from Adidas master dataset
Online,1968,767.52,Derived from Adidas master dataset
Online,2660,1090.6,Derived from Adidas master dataset
Online,5040,2066.4,Derived from Adidas master dataset
Online,1558,654.36,Derived from Adidas master dataset
Online,1740,661.2,Derived from Adidas master dataset
Online,2176,826.88,Derived from Adidas master dataset
Online,1968,747.84,Derived from Adidas master dataset
Online,2850,1254.0,Derived from Adidas master dataset
Online,4826,2123.44,Derived from Adidas master dataset
Online,1786,803.7,Derived from Adidas master dataset
Online,1400,546.0,Derived from Adidas master dataset
Online,2958,1064.88,Derived from Adidas master dataset
Online,1334,520.26,Derived from Adidas master dataset
Online,2106,863.46,Derived from Adidas master dataset
Online,4446,2000.7,Derived from Adidas master dataset
Online,1665,732.6,Derived from Adidas master dataset
Online,1189,416.15,Derived from Adidas master dataset
Online,1120,436.8,Derived from Adidas master dataset
Online,1617,614.46,Derived from Adidas master dataset
Online,3237,1424.28,Derived from Adidas master dataset
Online,6837,2939.91,Derived from Adidas master dataset
Online,2538,1091.34,Derived from Adidas master dataset
Online,2296,918.4,Derived from Adidas master dataset
Online,2068,806.52,Derived from Adidas master dataset
Online,2700,1026.0,Derived from Adidas master dataset
Online,4840,1984.4,Derived from Adidas master dataset
Online,7905,3320.1,Derived from Adidas master dataset
Online,4418,1855.56,Derived from Adidas master dataset
Online,2856,1028.16,Derived from Adidas master dataset
Online,2665,932.75,Derived from Adidas master dataset
Online,3009,1143.42,Derived from Adidas master dataset
Online,5454,2181.6,Derived from Adidas master dataset
Online,7800,3276.0,Derived from Adidas master dataset
Online,5145,2212.35,Derived from Adidas master dataset
Online,3157,1168.09,Derived from Adidas master dataset
Online,2464,887.04,Derived from Adidas master dataset
Online,3604,1405.56,Derived from Adidas master dataset
Online,7040,2956.8,Derived from Adidas master dataset
Online,8050,3542.0,Derived from Adidas master dataset
Online,4136,1695.76,Derived from Adidas master dataset
Online,2898,1014.3,Derived from Adidas master dataset
Online,2142,771.12,Derived from Adidas master dataset
Online,2200,814.0,Derived from Adidas master dataset
Online,5278,2375.1,Derived from Adidas master dataset
Online,7155,3005.1,Derived from Adidas master dataset
Online,3087,1234.8,Derived from Adidas master dataset
Online,1599,591.63,Derived from Adidas master dataset
Online,1512,604.8,Derived from Adidas master dataset
Online,1768,636.48,Derived from Adidas master dataset
Online,3591,1615.95,Derived from Adidas master dataset
Online,6840,3078.0,Derived from Adidas master dataset
Online,2968,1335.6,Derived from Adidas master dataset
Online,1802,630.7,Derived from Adidas master dataset
Online,1458,554.04,Derived from Adidas master dataset
Online,1674,585.9,Derived from Adidas master dataset
Online,4290,1887.6,Derived from Adidas master dataset
Online,7006,3012.58,Derived from Adidas master dataset
Online,4680,2059.2,Derived from Adidas master dataset
Online,4150,1494.0,Derived from Adidas master dataset
Online,4080,1591.2,Derived from Adidas master dataset
Online,4410,1675.8,Derived from Adidas master dataset
Online,6272,2822.4,Derived from Adidas master dataset
Online,9600,3936.0,Derived from Adidas master dataset
Online,5565,2226.0,Derived from Adidas master dataset
Online,4998,1949.22,Derived from Adidas master dataset
Online,3900,1482.0,Derived from Adidas master dataset
Online,5208,2031.12,Derived from Adidas master dataset
Online,7280,3203.2,Derived from Adidas master dataset
Online,6688,3678.4,Derived from Adidas master dataset
Online,3948,2368.8,Derived from Adidas master dataset
Online,2912,1310.4,Derived from Adidas master dataset
Online,1716,840.84,Derived from Adidas master dataset
Online,3536,1661.92,Derived from Adidas master dataset
Online,4312,2199.12,Derived from Adidas master dataset
Online,6847,3834.32,Derived from Adidas master dataset
Online,2684,1610.4,Derived from Adidas master dataset
Online,2442,1221.0,Derived from Adidas master dataset
Online,1620,745.2,Derived from Adidas master dataset
Online,3402,1701.0,Derived from Adidas master dataset
Online,3655,1973.7,Derived from Adidas master dataset
Online,6248,3748.8,Derived from Adidas master dataset
Online,2940,1675.8,Derived from Adidas master dataset
Online,2618,1282.82,Derived from Adidas master dataset
Online,1368,670.32,Derived from Adidas master dataset
Online,2397,1174.53,Derived from Adidas master dataset
Online,3280,1804.0,Derived from Adidas master dataset
Online,5617,3145.52,Derived from Adidas master dataset
Online,2408,1396.64,Derived from Adidas master dataset
Online,2080,1040.0,Derived from Adidas master dataset
Online,1584,792.0,Derived from Adidas master dataset
Online,1938,891.48,Derived from Adidas master dataset
Online,3960,2019.6,Derived from Adidas master dataset
Online,8470,4827.9,Derived from Adidas master dataset
Online,4320,2419.2,Derived from Adidas master dataset
Online,3675,1690.5,Derived from Adidas master dataset
Online,2990,1405.3,Derived from Adidas master dataset
Online,3960,1861.2,Derived from Adidas master dataset
Online,7200,3744.0,Derived from Adidas master dataset
Online,9454,5483.32,Derived from Adidas master dataset
Online,6148,3627.32,Derived from Adidas master dataset
Online,3645,1713.15,Derived from Adidas master dataset
Online,4230,1903.5,Derived from Adidas master dataset
Online,4698,2349.0,Derived from Adidas master dataset
Online,7254,3772.08,Derived from Adidas master dataset
Online,9828,5601.96,Derived from Adidas master dataset
Online,5865,3284.4,Derived from Adidas master dataset
Online,4508,2163.84,Derived from Adidas master dataset
Online,4140,2028.6,Derived from Adidas master dataset
Online,5076,2385.72,Derived from Adidas master dataset
Online,7625,3965.0,Derived from Adidas master dataset
Online,10208,6124.8,Derived from Adidas master dataset
Online,5618,3314.62,Derived from Adidas master dataset
Online,5040,2318.4,Derived from Adidas master dataset
Online,3332,1566.04,Derived from Adidas master dataset
Online,3705,1815.45,Derived from Adidas master dataset
Online,6344,3235.44,Derived from Adidas master dataset
Online,7672,4373.04,Derived from Adidas master dataset
Online,4250,2550.0,Derived from Adidas master dataset
Online,2576,1288.0,Derived from Adidas master dataset
Online,2340,1146.6,Derived from Adidas master dataset
Online,2900,1363.0,Derived from Adidas master dataset
Online,4602,2531.1,Derived from Adidas master dataset
Online,8246,4947.6,Derived from Adidas master dataset
Online,4050,2389.5,Derived from Adidas master dataset
Online,3186,1593.0,Derived from Adidas master dataset
Online,2530,1214.4,Derived from Adidas master dataset
Online,3366,1615.68,Derived from Adidas master dataset
Online,5751,3048.03,Derived from Adidas master dataset
Online,8064,4838.4,Derived from Adidas master dataset
Online,4455,2583.9,Derived from Adidas master dataset
Online,5472,2626.56,Derived from Adidas master dataset
Online,4125,2062.5,Derived from Adidas master dataset
Online,5360,2680.0,Derived from Adidas master dataset
Online,6580,3487.4,Derived from Adidas master dataset
Online,10752,6451.2,Derived from Adidas master dataset
Online,5500,3025.0,Derived from Adidas master dataset
Online,6215,2921.05,Derived from Adidas master dataset
Online,4536,2041.2,Derived from Adidas master dataset
Online,5427,2604.96,Derived from Adidas master dataset
Online,7208,3748.16,Derived from Adidas master dataset
Online,6419,3530.45,Derived from Adidas master dataset
Online,4095,2170.35,Derived from Adidas master dataset
Online,3078,1385.1,Derived from Adidas master dataset
Online,1978,791.2,Derived from Adidas master dataset
Online,3304,1453.76,Derived from Adidas master dataset
Online,4312,1940.4,Derived from Adidas master dataset
Online,8820,4674.6,Derived from Adidas master dataset
Online,3375,1721.25,Derived from Adidas master dataset
Online,3510,1544.4,Derived from Adidas master dataset
Online,2436,1047.48,Derived from Adidas master dataset
Online,4648,1998.64,Derived from Adidas master dataset
Online,4508,2163.84,Derived from Adidas master dataset
Online,8085,4042.5,Derived from Adidas master dataset
Online,3381,1724.31,Derived from Adidas master dataset
Online,2850,1168.5,Derived from Adidas master dataset
Online,1672,702.24,Derived from Adidas master dataset
Online,3480,1566.0,Derived from Adidas master dataset
Online,3375,1586.25,Derived from Adidas master dataset
Online,7392,3917.76,Derived from Adidas master dataset
Online,3332,1832.6,Derived from Adidas master dataset
Online,2774,1220.56,Derived from Adidas master dataset
Online,2156,883.96,Derived from Adidas master dataset
Online,3021,1359.45,Derived from Adidas master dataset
Online,4508,2073.68,Derived from Adidas master dataset
Online,11072,5868.16,Derived from Adidas master dataset
Online,4698,2536.92,Derived from Adidas master dataset
Online,4998,2099.16,Derived from Adidas master dataset
Online,4160,1664.0,Derived from Adidas master dataset
Online,4914,2211.3,Derived from Adidas master dataset
Online,7475,3438.5,Derived from Adidas master dataset
Online,9971,5284.63,Derived from Adidas master dataset
Online,6888,3512.88,Derived from Adidas master dataset
Online,4664,2052.16,Derived from Adidas master dataset
Online,4732,1987.44,Derived from Adidas master dataset
Online,5640,2425.2,Derived from Adidas master dataset
Online,9108,4280.76,Derived from Adidas master dataset
Online,12544,6648.32,Derived from Adidas master dataset
Online,7205,3602.5,Derived from Adidas master dataset
Online,5886,2413.26,Derived from Adidas master dataset
Online,4505,1982.2,Derived from Adidas master dataset
Online,6120,2509.2,Derived from Adidas master dataset
Online,8768,4296.32,Derived from Adidas master dataset
Online,11760,5997.6,Derived from Adidas master dataset
Online,7830,4228.2,Derived from Adidas master dataset
Online,5460,2457.0,Derived from Adidas master dataset
Online,3672,1542.24,Derived from Adidas master dataset
Online,4307,1938.15,Derived from Adidas master dataset
Online,6784,3188.48,Derived from Adidas master dataset
Online,9086,4724.72,Derived from Adidas master dataset
Online,5130,2667.6,Derived from Adidas master dataset
Online,3900,1677.0,Derived from Adidas master dataset
Online,2968,1246.56,Derived from Adidas master dataset
Online,4032,1733.76,Derived from Adidas master dataset
Online,6664,3065.44,Derived from Adidas master dataset
Online,7616,4036.48,Derived from Adidas master dataset
Online,5208,2760.24,Derived from Adidas master dataset
Online,3186,1401.84,Derived from Adidas master dataset
Online,2914,1253.02,Derived from Adidas master dataset
Online,3266,1404.38,Derived from Adidas master dataset
Online,5832,2799.36,Derived from Adidas master dataset
Online,7956,4216.68,Derived from Adidas master dataset
Online,6076,3159.52,Derived from Adidas master dataset
Online,6552,2948.4,Derived from Adidas master dataset
Online,5440,2176.0,Derived from Adidas master dataset
Online,5751,2415.42,Derived from Adidas master dataset
Online,9048,4252.56,Derived from Adidas master dataset
Online,11999,6599.45,Derived from Adidas master dataset
Online,6785,3731.75,Derived from Adidas master dataset
Online,6696,2812.32,Derived from Adidas master dataset
Online,5456,2400.64,Derived from Adidas master dataset
Online,7770,3341.1,Derived from Adidas master dataset
Online,8658,4242.42,Derived from Adidas master dataset
Online,7540,3468.4,Derived from Adidas master dataset
Online,4200,1974.0,Derived from Adidas master dataset
Online,3960,1386.0,Derived from Adidas master dataset
Online,1911,707.07,Derived from Adidas master dataset
Online,3240,1198.8,Derived from Adidas master dataset
Online,4212,1895.4,Derived from Adidas master dataset
Online,8996,4048.2,Derived from Adidas master dataset
Online,3127,1438.42,Derived from Adidas master dataset
Online,3569,1427.6,Derived from Adidas master dataset
Outlet,13056,6789.12,Derived from Adidas master dataset
Outlet,11520,4032.0,Derived from Adidas master dataset
Outlet,11200,4144.0,Derived from Adidas master dataset
Outlet,10116,3742.92,Derived from Adidas master dataset
Outlet,13158,4868.46,Derived from Adidas master dataset
Outlet,12540,4012.8,Derived from Adidas master dataset
Outlet,12804,6658.08,Derived from Adidas master dataset
Outlet,12285,4054.05,Derived from Adidas master dataset
Outlet,10336,3927.68,Derived from Adidas master dataset
Outlet,7936,3015.68,Derived from Adidas master dataset
Outlet,13158,4605.3,Derived from Adidas master dataset
Outlet,12600,3654.0,Derived from Adidas master dataset
Outlet,15600,8112.0,Derived from Adidas master dataset
Outlet,11025,3969.0,Derived from Adidas master dataset
Outlet,8478,3475.98,Derived from Adidas master dataset
Outlet,7440,2976.0,Derived from Adidas master dataset
Outlet,12427,3976.64,Derived from Adidas master dataset
Outlet,11628,3139.56,Derived from Adidas master dataset
Outlet,12276,6629.04,Derived from Adidas master dataset
Outlet,11025,3638.25,Derived from Adidas master dataset
Outlet,8820,3351.6,Derived from Adidas master dataset
Outlet,8959,3314.83,Derived from Adidas master dataset
Outlet,12364,4451.04,Derived from Adidas master dataset
Outlet,12987,3506.49,Derived from Adidas master dataset
Outlet,16104,8374.08,Derived from Adidas master dataset
Outlet,10952,3833.2,Derived from Adidas master dataset
Outlet,10368,4354.56,Derived from Adidas master dataset
Outlet,9537,3814.8,Derived from Adidas master dataset
Outlet,13160,4606.0,Derived from Adidas master dataset
Outlet,14080,4083.2,Derived from Adidas master dataset
Outlet,18800,9776.0,Derived from Adidas master dataset
Outlet,13940,4739.6,Derived from Adidas master dataset
Outlet,10952,4490.32,Derived from Adidas master dataset
Outlet,11286,4288.68,Derived from Adidas master dataset
Outlet,12960,4406.4,Derived from Adidas master dataset
Outlet,15962,5107.84,Derived from Adidas master dataset
Outlet,19096,9929.92,Derived from Adidas master dataset
Outlet,13038,4824.06,Derived from Adidas master dataset
Outlet,10325,4336.5,Derived from Adidas master dataset
Outlet,9450,3496.5,Derived from Adidas master dataset
Outlet,12788,4347.92,Derived from Adidas master dataset
Outlet,16544,4466.88,Derived from Adidas master dataset
Outlet,15375,7995.0,Derived from Adidas master dataset
Outlet,13283,4516.22,Derived from Adidas master dataset
Outlet,11618,4298.66,Derived from Adidas master dataset
Outlet,12960,5184.0,Derived from Adidas master dataset
Outlet,11997,3959.01,Derived from Adidas master dataset
Outlet,17040,5112.0,Derived from Adidas master dataset
Outlet,15912,8751.6,Derived from Adidas master dataset
Outlet,15050,4966.5,Derived from Adidas master dataset
Outlet,11340,4422.6,Derived from Adidas master dataset
Outlet,10404,4057.56,Derived from Adidas master dataset
Outlet,13860,5128.2,Derived from Adidas master dataset
Outlet,15750,4725.0,Derived from Adidas master dataset
Outlet,14739,4716.48,Derived from Adidas master dataset
Outlet,16500,4620.0,Derived from Adidas master dataset
Outlet,18538,10381.28,Derived from Adidas master dataset
Outlet,12480,4492.8,Derived from Adidas master dataset
Outlet,12642,5309.64,Derived from Adidas master dataset
Outlet,11070,4095.9,Derived from Adidas master dataset
Outlet,13160,4737.6,Derived from Adidas master dataset
Outlet,17066,4778.48,Derived from Adidas master dataset
Outlet,20160,11289.6,Derived from Adidas master dataset
Outlet,13330,4665.5,Derived from Adidas master dataset
Outlet,13986,5594.4,Derived from Adidas master dataset
Outlet,12546,5018.4,Derived from Adidas master dataset
Outlet,13392,4955.04,Derived from Adidas master dataset
Outlet,16320,4896.0,Derived from Adidas master dataset
Outlet,5400,2106.0,Derived from Adidas master dataset
Outlet,7020,2597.4,Derived from Adidas master dataset
Outlet,6426,2506.14,Derived from Adidas master dataset
Outlet,5670,2948.4,Derived from Adidas master dataset
Outlet,4576,1555.84,Derived from Adidas master dataset
Outlet,5600,3136.0,Derived from Adidas master dataset
Outlet,5100,2091.0,Derived from Adidas master dataset
Outlet,6647,2791.74,Derived from Adidas master dataset
Outlet,6372,2612.52,Derived from Adidas master dataset
Outlet,5538,2769.0,Derived from Adidas master dataset
Outlet,4480,1478.4,Derived from Adidas master dataset
Outlet,6006,3303.3,Derived from Adidas master dataset
Outlet,6120,2570.4,Derived from Adidas master dataset
Outlet,7890,3077.1,Derived from Adidas master dataset
Outlet,5152,2163.84,Derived from Adidas master dataset
Outlet,6120,2937.6,Derived from Adidas master dataset
Outlet,5425,1736.0,Derived from Adidas master dataset
Outlet,6612,3636.6,Derived from Adidas master dataset
Outlet,7038,2604.06,Derived from Adidas master dataset
Outlet,8874,3638.34,Derived from Adidas master dataset
Outlet,5568,2060.16,Derived from Adidas master dataset
Outlet,5964,2862.72,Derived from Adidas master dataset
Outlet,6086,2069.24,Derived from Adidas master dataset
Outlet,7344,4039.2,Derived from Adidas master dataset
Outlet,7560,2948.4,Derived from Adidas master dataset
Outlet,8610,3616.2,Derived from Adidas master dataset
Outlet,5520,2042.4,Derived from Adidas master dataset
Outlet,7595,3873.45,Derived from Adidas master dataset
Outlet,6300,2205.0,Derived from Adidas master dataset
Outlet,9440,5380.8,Derived from Adidas master dataset
Outlet,8260,3386.6,Derived from Adidas master dataset
Outlet,10659,4476.78,Derived from Adidas master dataset
Outlet,7128,2851.2,Derived from Adidas master dataset
Outlet,6838,3282.24,Derived from Adidas master dataset
Outlet,6409,2050.88,Derived from Adidas master dataset
Outlet,13300,7581.0,Derived from Adidas master dataset
Outlet,8555,3422.0,Derived from Adidas master dataset
Outlet,9120,3830.4,Derived from Adidas master dataset
Outlet,10846,4446.86,Derived from Adidas master dataset
Outlet,6272,3261.44,Derived from Adidas master dataset
Outlet,7161,2577.96,Derived from Adidas master dataset
Outlet,10872,5653.44,Derived from Adidas master dataset
Outlet,8235,3046.95,Derived from Adidas master dataset
Outlet,10065,3824.7,Derived from Adidas master dataset
Outlet,10846,4446.86,Derived from Adidas master dataset
Outlet,6450,3096.0,Derived from Adidas master dataset
Outlet,7980,2713.2,Derived from Adidas master dataset
Outlet,10530,5686.2,Derived from Adidas master dataset
Outlet,8712,3659.04,Derived from Adidas master dataset
Outlet,8160,3019.2,Derived from Adidas master dataset
Outlet,11340,4309.2,Derived from Adidas master dataset
Outlet,7400,3700.0,Derived from Adidas master dataset
Outlet,7416,2669.76,Derived from Adidas master dataset
Outlet,12516,7134.12,Derived from Adidas master dataset
Outlet,8432,3288.48,Derived from Adidas master dataset
Outlet,7192,2804.88,Derived from Adidas master dataset
Outlet,9945,3679.65,Derived from Adidas master dataset
Outlet,7344,3451.68,Derived from Adidas master dataset
Outlet,6440,2382.8,Derived from Adidas master dataset
Outlet,10019,5410.26,Derived from Adidas master dataset
Outlet,9180,3488.4,Derived from Adidas master dataset
Outlet,9486,3794.4,Derived from Adidas master dataset
Outlet,9554,3726.06,Derived from Adidas master dataset
Outlet,8280,4140.0,Derived from Adidas master dataset
Outlet,5850,1872.0,Derived from Adidas master dataset
Outlet,12716,7248.12,Derived from Adidas master dataset
Outlet,10656,4262.4,Derived from Adidas master dataset
Outlet,11322,4755.24,Derived from Adidas master dataset
Outlet,11324,4303.12,Derived from Adidas master dataset
Outlet,7560,3931.2,Derived from Adidas master dataset
Outlet,6240,2246.4,Derived from Adidas master dataset
Outlet,12546,6900.3,Derived from Adidas master dataset
Outlet,7920,3088.8,Derived from Adidas master dataset
Outlet,8184,1882.32,Derived from Adidas master dataset
Outlet,8943,3756.06,Derived from Adidas master dataset
Outlet,7665,2759.4,Derived from Adidas master dataset
Outlet,6574,3549.96,Derived from Adidas master dataset
Outlet,8388,1761.48,Derived from Adidas master dataset
Outlet,8092,3398.64,Derived from Adidas master dataset
Outlet,8604,2151.0,Derived from Adidas master dataset
Outlet,9880,4050.8,Derived from Adidas master dataset
Outlet,7410,2519.4,Derived from Adidas master dataset
Outlet,6930,3950.1,Derived from Adidas master dataset
Outlet,6930,1524.6,Derived from Adidas master dataset
Outlet,9792,3818.88,Derived from Adidas master dataset
Outlet,9009,2072.07,Derived from Adidas master dataset
Outlet,9870,4145.4,Derived from Adidas master dataset
Outlet,9792,3133.44,Derived from Adidas master dataset
Outlet,8670,4681.8,Derived from Adidas master dataset
Outlet,10045,2009.0,Derived from Adidas master dataset
Outlet,10840,4119.2,Derived from Adidas master dataset
Outlet,11016,2754.0,Derived from Adidas master dataset
Outlet,11684,4556.76,Derived from Adidas master dataset
Outlet,9024,3068.16,Derived from Adidas master dataset
Outlet,7426,4158.56,Derived from Adidas master dataset
Outlet,15190,2886.1,Derived from Adidas master dataset
Outlet,11880,5227.2,Derived from Adidas master dataset
Outlet,11883,3208.41,Derived from Adidas master dataset
Outlet,10350,4554.0,Derived from Adidas master dataset
Outlet,9576,4021.92,Derived from Adidas master dataset
Outlet,8918,5083.26,Derived from Adidas master dataset
Outlet,13050,3001.5,Derived from Adidas master dataset
Outlet,13981,6011.83,Derived from Adidas master dataset
Outlet,12800,3840.0,Derived from Adidas master dataset
Outlet,11802,5310.9,Derived from Adidas master dataset
Outlet,9184,3765.44,Derived from Adidas master dataset
Outlet,8624,5260.64,Derived from Adidas master dataset
Outlet,18360,4773.6,Derived from Adidas master dataset
Outlet,13858,5266.04,Derived from Adidas master dataset
Outlet,12887,3092.88,Derived from Adidas master dataset
Outlet,12144,4857.6,Derived from Adidas master dataset
Outlet,11362,4090.32,Derived from Adidas master dataset
Outlet,10560,5913.6,Derived from Adidas master dataset
Outlet,14784,2808.96,Derived from Adidas master dataset
Outlet,13590,5436.0,Derived from Adidas master dataset
Outlet,13066,2874.52,Derived from Adidas master dataset
Outlet,12648,4932.72,Derived from Adidas master dataset
Outlet,13260,4508.4,Derived from Adidas master dataset
Outlet,15517,8844.69,Derived from Adidas master dataset
Outlet,15240,3352.8,Derived from Adidas master dataset
Outlet,11480,4018.0,Derived from Adidas master dataset
Outlet,12054,2049.18,Derived from Adidas master dataset
Outlet,9672,3288.48,Derived from Adidas master dataset
Outlet,9633,2600.91,Derived from Adidas master dataset
Outlet,9675,4644.0,Derived from Adidas master dataset
Outlet,13464,2019.6,Derived from Adidas master dataset
Outlet,10404,3433.32,Derived from Adidas master dataset
Outlet,10920,1965.6,Derived from Adidas master dataset
Outlet,8820,2910.6,Derived from Adidas master dataset
Outlet,9366,2903.46,Derived from Adidas master dataset
Outlet,11050,5193.5,Derived from Adidas master dataset
Outlet,10304,1236.48,Derived from Adidas master dataset
Outlet,10257,3589.95,Derived from Adidas master dataset
Outlet,14076,2815.2,Derived from Adidas master dataset
Outlet,9880,3359.2,Derived from Adidas master dataset
Outlet,7770,2253.3,Derived from Adidas master dataset
Outlet,11628,5465.16,Derived from Adidas master dataset
Outlet,14336,2150.4,Derived from Adidas master dataset
Outlet,12880,4250.4,Derived from Adidas master dataset
Outlet,15272,3207.12,Derived from Adidas master dataset
Outlet,11264,3717.12,Derived from Adidas master dataset
Outlet,10840,3252.0,Derived from Adidas master dataset
Outlet,10535,5478.2,Derived from Adidas master dataset
Outlet,12800,2176.0,Derived from Adidas master dataset
Outlet,5824,2504.32,Derived from Adidas master dataset
Outlet,7840,2352.0,Derived from Adidas master dataset
Outlet,7812,3281.04,Derived from Adidas master dataset
Outlet,6006,2282.28,Derived from Adidas master dataset
Outlet,5580,3292.2,Derived from Adidas master dataset
Outlet,6090,1400.7,Derived from Adidas master dataset
Outlet,6720,3091.2,Derived from Adidas master dataset
Outlet,6450,1999.5,Derived from Adidas master dataset
Outlet,7359,3090.78,Derived from Adidas master dataset
Outlet,6086,2495.26,Derived from Adidas master dataset
Outlet,5600,3192.0,Derived from Adidas master dataset
Outlet,6656,1730.56,Derived from Adidas master dataset
Outlet,6336,2787.84,Derived from Adidas master dataset
Outlet,8208,2298.24,Derived from Adidas master dataset
Outlet,7293,3354.78,Derived from Adidas master dataset
Outlet,6336,2471.04,Derived from Adidas master dataset
Outlet,4608,2718.72,Derived from Adidas master dataset
Outlet,6402,1472.46,Derived from Adidas master dataset
Outlet,7688,3536.48,Derived from Adidas master dataset
Outlet,7140,2070.6,Derived from Adidas master dataset
Outlet,7828,3679.16,Derived from Adidas master dataset
Outlet,5363,2037.94,Derived from Adidas master dataset
Outlet,5662,3453.82,Derived from Adidas master dataset
Outlet,9702,2619.54,Derived from Adidas master dataset
Outlet,7680,3609.6,Derived from Adidas master dataset
Outlet,7514,2254.2,Derived from Adidas master dataset
Outlet,7740,3483.0,Derived from Adidas master dataset
Outlet,6369,2420.22,Derived from Adidas master dataset
Outlet,5320,3138.8,Derived from Adidas master dataset
Outlet,8858,1948.76,Derived from Adidas master dataset
Outlet,10692,4704.48,Derived from Adidas master dataset
Outlet,7875,2362.5,Derived from Adidas master dataset
Outlet,8155,3425.1,Derived from Adidas master dataset
Outlet,6208,2296.96,Derived from Adidas master dataset
Outlet,6435,3861.0,Derived from Adidas master dataset
Outlet,12672,2787.84,Derived from Adidas master dataset
Outlet,8550,4018.5,Derived from Adidas master dataset
Outlet,10064,2918.56,Derived from Adidas master dataset
Outlet,7920,3643.2,Derived from Adidas master dataset
Outlet,6612,2644.8,Derived from Adidas master dataset
Outlet,8512,5107.2,Derived from Adidas master dataset
Outlet,11424,2627.52,Derived from Adidas master dataset
Outlet,11016,4957.2,Derived from Adidas master dataset
Outlet,10824,3355.44,Derived from Adidas master dataset
Outlet,7888,3470.72,Derived from Adidas master dataset
Outlet,8028,3050.64,Derived from Adidas master dataset
Outlet,9890,6131.8,Derived from Adidas master dataset
Outlet,9568,2200.64,Derived from Adidas master dataset
Outlet,10982,5051.72,Derived from Adidas master dataset
Outlet,10296,2779.92,Derived from Adidas master dataset
Outlet,7980,3591.0,Derived from Adidas master dataset
Outlet,7605,3042.0,Derived from Adidas master dataset
Outlet,8580,5319.6,Derived from Adidas master dataset
Outlet,10290,2263.8,Derived from Adidas master dataset
Outlet,9216,4331.52,Derived from Adidas master dataset
Outlet,11352,3405.6,Derived from Adidas master dataset
Outlet,6864,2882.88,Derived from Adidas master dataset
Outlet,7029,2952.18,Derived from Adidas master dataset
Outlet,9660,5989.2,Derived from Adidas master dataset
Outlet,9568,2296.32,Derived from Adidas master dataset
Outlet,10880,5004.8,Derived from Adidas master dataset
Outlet,11088,3326.4,Derived from Adidas master dataset
Outlet,7805,3590.3,Derived from Adidas master dataset
Outlet,7293,3063.06,Derived from Adidas master dataset
Outlet,9384,5348.88,Derived from Adidas master dataset
Outlet,11662,2798.88,Derived from Adidas master dataset
Outlet,12285,5651.1,Derived from Adidas master dataset
Outlet,12096,3386.88,Derived from Adidas master dataset
Outlet,9009,4144.14,Derived from Adidas master dataset
Outlet,7840,3136.0,Derived from Adidas master dataset
Outlet,9417,5838.54,Derived from Adidas master dataset
Outlet,10208,2552.0,Derived from Adidas master dataset
Outlet,5292,2381.4,Derived from Adidas master dataset
Outlet,2821,1156.61,Derived from Adidas master dataset
Outlet,2256,879.84,Derived from Adidas master dataset
Outlet,1107,509.22,Derived from Adidas master dataset
Outlet,2938,793.26,Derived from Adidas master dataset
Outlet,3912,1877.76,Derived from Adidas master dataset
Outlet,4370,1398.4,Derived from Adidas master dataset
Outlet,4945,1780.2,Derived from Adidas master dataset
Outlet,3861,1351.35,Derived from Adidas master dataset
Outlet,3808,1713.6,Derived from Adidas master dataset
Outlet,2418,773.76,Derived from Adidas master dataset
Outlet,4030,2055.3,Derived from Adidas master dataset
Outlet,4263,1662.57,Derived from Adidas master dataset
Outlet,7316,2926.4,Derived from Adidas master dataset
Outlet,3100,1178.0,Derived from Adidas master dataset
Outlet,3640,1710.8,Derived from Adidas master dataset
Outlet,2784,1030.08,Derived from Adidas master dataset
Outlet,4131,2230.74,Derived from Adidas master dataset
Outlet,3003,1201.2,Derived from Adidas master dataset
Outlet,4410,1764.0,Derived from Adidas master dataset
Outlet,3580,1396.2,Derived from Adidas master dataset
Outlet,2980,1460.2,Derived from Adidas master dataset
Outlet,2782,1001.52,Derived from Adidas master dataset
Outlet,4620,2633.4,Derived from Adidas master dataset
Outlet,3029,1151.02,Derived from Adidas master dataset
Outlet,5456,2291.52,Derived from Adidas master dataset
Outlet,3800,1520.0,Derived from Adidas master dataset
Outlet,4914,2407.86,Derived from Adidas master dataset
Outlet,5814,2093.04,Derived from Adidas master dataset
Outlet,8976,4667.52,Derived from Adidas master dataset
Outlet,7680,2841.6,Derived from Adidas master dataset
Outlet,11200,4592.0,Derived from Adidas master dataset
Outlet,6450,2515.5,Derived from Adidas master dataset
Outlet,5568,2728.32,Derived from Adidas master dataset
Outlet,6000,2220.0,Derived from Adidas master dataset
Outlet,11760,6468.0,Derived from Adidas master dataset
Outlet,8704,3655.68,Derived from Adidas master dataset
Outlet,8976,3769.92,Derived from Adidas master dataset
Outlet,10626,4462.92,Derived from Adidas master dataset
Outlet,6432,3537.6,Derived from Adidas master dataset
Outlet,7176,2726.88,Derived from Adidas master dataset
Outlet,12784,7286.88,Derived from Adidas master dataset
Outlet,8432,3625.76,Derived from Adidas master dataset
Outlet,11008,5063.68,Derived from Adidas master dataset
Outlet,11620,5461.4,Derived from Adidas master dataset
Outlet,6004,3242.16,Derived from Adidas master dataset
Outlet,6794,2785.54,Derived from Adidas master dataset
Outlet,10320,6192.0,Derived from Adidas master dataset
Outlet,8816,4055.36,Derived from Adidas master dataset
Outlet,7714,3625.58,Derived from Adidas master dataset
Outlet,11938,5372.1,Derived from Adidas master dataset
Outlet,5535,3044.25,Derived from Adidas master dataset
Outlet,5513,2205.2,Derived from Adidas master dataset
Outlet,7788,4594.92,Derived from Adidas master dataset
Outlet,6390,2811.6,Derived from Adidas master dataset
Outlet,6351,2984.97,Derived from Adidas master dataset
Outlet,6080,2675.2,Derived from Adidas master dataset
Outlet,4350,2349.0,Derived from Adidas master dataset
Outlet,3840,1536.0,Derived from Adidas master dataset
Outlet,7410,4297.8,Derived from Adidas master dataset
Outlet,6975,2999.25,Derived from Adidas master dataset
Outlet,5886,2648.7,Derived from Adidas master dataset
Outlet,11628,5116.32,Derived from Adidas master dataset
Outlet,8000,4160.0,Derived from Adidas master dataset
Outlet,7452,2906.28,Derived from Adidas master dataset
Outlet,12036,7341.96,Derived from Adidas master dataset
Outlet,12926,6075.22,Derived from Adidas master dataset
Outlet,9672,4062.24,Derived from Adidas master dataset
Outlet,10994,4837.36,Derived from Adidas master dataset
Outlet,8360,4681.6,Derived from Adidas master dataset
Outlet,7896,2921.52,Derived from Adidas master dataset
Outlet,13824,8294.4,Derived from Adidas master dataset
Outlet,4352,2698.24,Derived from Adidas master dataset
Outlet,2312,901.68,Derived from Adidas master dataset
Outlet,2016,846.72,Derived from Adidas master dataset
Outlet,644,276.92,Derived from Adidas master dataset
Outlet,1722,706.02,Derived from Adidas master dataset
Outlet,2240,761.6,Derived from Adidas master dataset
Outlet,5312,3187.2,Derived from Adidas master dataset
Outlet,1408,563.2,Derived from Adidas master dataset
Outlet,1350,607.5,Derived from Adidas master dataset
Outlet,476,199.92,Derived from Adidas master dataset
Outlet,1560,577.2,Derived from Adidas master dataset
Outlet,2220,777.0,Derived from Adidas master dataset
Outlet,6084,3528.72,Derived from Adidas master dataset
Outlet,1749,647.13,Derived from Adidas master dataset
Outlet,1682,756.9,Derived from Adidas master dataset
Outlet,256,112.64,Derived from Adidas master dataset
Outlet,984,334.56,Derived from Adidas master dataset
Outlet,2318,718.58,Derived from Adidas master dataset
Outlet,4900,2793.0,Derived from Adidas master dataset
Outlet,1887,603.84,Derived from Adidas master dataset
Outlet,1377,578.34,Derived from Adidas master dataset
Outlet,864,328.32,Derived from Adidas master dataset
Outlet,1170,432.9,Derived from Adidas master dataset
Outlet,2496,673.92,Derived from Adidas master dataset
Outlet,6600,3432.0,Derived from Adidas master dataset
Outlet,2160,712.8,Derived from Adidas master dataset
Outlet,2014,745.18,Derived from Adidas master dataset
Outlet,1428,571.2,Derived from Adidas master dataset
Outlet,1989,735.93,Derived from Adidas master dataset
Outlet,3978,1471.86,Derived from Adidas master dataset
Outlet,8330,4748.1,Derived from Adidas master dataset
Outlet,3485,1359.15,Derived from Adidas master dataset
Outlet,2268,975.24,Derived from Adidas master dataset
Outlet,2279,1071.13,Derived from Adidas master dataset
Outlet,2064,866.88,Derived from Adidas master dataset
Outlet,5460,1911.0,Derived from Adidas master dataset
Outlet,8575,4887.75,Derived from Adidas master dataset
Outlet,4455,1737.45,Derived from Adidas master dataset
Outlet,3096,1331.28,Derived from Adidas master dataset
Outlet,2184,1026.48,Derived from Adidas master dataset
Outlet,3200,1280.0,Derived from Adidas master dataset
Outlet,5800,2088.0,Derived from Adidas master dataset
Outlet,9129,5294.82,Derived from Adidas master dataset
Outlet,4488,1884.96,Derived from Adidas master dataset
Outlet,3002,1410.94,Derived from Adidas master dataset
Outlet,2666,1226.36,Derived from Adidas master dataset
Outlet,2484,968.76,Derived from Adidas master dataset
Outlet,6027,2169.72,Derived from Adidas master dataset
Outlet,7452,3875.04,Derived from Adidas master dataset
Outlet,3640,1237.6,Derived from Adidas master dataset
Outlet,1920,768.0,Derived from Adidas master dataset
Outlet,1696,695.36,Derived from Adidas master dataset
Outlet,1476,501.84,Derived from Adidas master dataset
Outlet,3792,1175.52,Derived from Adidas master dataset
Outlet,5828,3088.84,Derived from Adidas master dataset
Outlet,2380,761.6,Derived from Adidas master dataset
Outlet,1444,548.72,Derived from Adidas master dataset
Outlet,1360,516.8,Derived from Adidas master dataset
Outlet,1290,425.7,Derived from Adidas master dataset
Outlet,3108,994.56,Derived from Adidas master dataset
Outlet,5952,3571.2,Derived from Adidas master dataset
Outlet,2924,1228.08,Derived from Adidas master dataset
Outlet,3102,1364.88,Derived from Adidas master dataset
Outlet,2580,1186.8,Derived from Adidas master dataset
Outlet,2448,954.72,Derived from Adidas master dataset
Outlet,3975,1431.0,Derived from Adidas master dataset
Outlet,7579,4623.19,Derived from Adidas master dataset
Outlet,3995,1637.95,Derived from Adidas master dataset
Outlet,3476,1529.44,Derived from Adidas master dataset
Outlet,2120,954.0,Derived from Adidas master dataset
Outlet,2576,1004.64,Derived from Adidas master dataset
Outlet,4399,1407.68,Derived from Adidas master dataset
Outlet,4266,1791.72,Derived from Adidas master dataset
Outlet,4725,1464.75,Derived from Adidas master dataset
Outlet,5040,2368.8,Derived from Adidas master dataset
Outlet,3060,1254.6,Derived from Adidas master dataset
Outlet,2960,1687.2,Derived from Adidas master dataset
Outlet,5976,1434.24,Derived from Adidas master dataset
Outlet,4671,2008.53,Derived from Adidas master dataset
Outlet,5075,1573.25,Derived from Adidas master dataset
Outlet,4340,1866.2,Derived from Adidas master dataset
Outlet,2550,1045.5,Derived from Adidas master dataset
Outlet,2590,1579.9,Derived from Adidas master dataset
Outlet,4340,998.2,Derived from Adidas master dataset
Outlet,5642,2538.9,Derived from Adidas master dataset
Outlet,5208,1666.56,Derived from Adidas master dataset
Outlet,5504,2586.88,Derived from Adidas master dataset
Outlet,3813,1563.33,Derived from Adidas master dataset
Outlet,2640,1636.8,Derived from Adidas master dataset
Outlet,4836,1257.36,Derived from Adidas master dataset
Outlet,7011,2944.62,Derived from Adidas master dataset
Outlet,5336,1547.44,Derived from Adidas master dataset
Outlet,5640,2538.0,Derived from Adidas master dataset
Outlet,3600,1476.0,Derived from Adidas master dataset
Outlet,2914,1777.54,Derived from Adidas master dataset
Outlet,6642,1793.34,Derived from Adidas master dataset
Outlet,7353,3529.44,Derived from Adidas master dataset
Outlet,5160,1806.0,Derived from Adidas master dataset
Outlet,6468,3039.96,Derived from Adidas master dataset
Outlet,4935,2270.1,Derived from Adidas master dataset
Outlet,2838,1873.08,Derived from Adidas master dataset
Outlet,7560,2419.2,Derived from Adidas master dataset
Outlet,11515,5757.5,Derived from Adidas master dataset
Outlet,9282,3341.52,Derived from Adidas master dataset
Outlet,8096,3886.08,Derived from Adidas master dataset
Outlet,6815,3066.75,Derived from Adidas master dataset
Outlet,4935,3207.75,Derived from Adidas master dataset
Outlet,10944,3064.32,Derived from Adidas master dataset
Outlet,11184,4920.96,Derived from Adidas master dataset
Outlet,9384,2533.68,Derived from Adidas master dataset
Outlet,8037,3616.65,Derived from Adidas master dataset
Outlet,6440,2704.8,Derived from Adidas master dataset
Outlet,7050,4159.5,Derived from Adidas master dataset
Outlet,10370,2799.9,Derived from Adidas master dataset
Outlet,10472,4817.12,Derived from Adidas master dataset
Outlet,11648,3377.92,Derived from Adidas master dataset
Outlet,7876,3307.92,Derived from Adidas master dataset
Outlet,6384,2681.28,Derived from Adidas master dataset
Outlet,7600,4484.0,Derived from Adidas master dataset
Outlet,7040,1830.4,Derived from Adidas master dataset
Outlet,7626,2897.88,Derived from Adidas master dataset
Outlet,9180,2478.6,Derived from Adidas master dataset
Outlet,6624,2715.84,Derived from Adidas master dataset
Outlet,5332,1866.2,Derived from Adidas master dataset
Outlet,6784,3595.52,Derived from Adidas master dataset
Outlet,7560,1587.6,Derived from Adidas master dataset
Outlet,8037,3214.8,Derived from Adidas master dataset
Outlet,9650,2412.5,Derived from Adidas master dataset
Outlet,5311,2230.62,Derived from Adidas master dataset
Outlet,5117,1688.61,Derived from Adidas master dataset
Outlet,5136,2773.44,Derived from Adidas master dataset
Outlet,6360,1399.2,Derived from Adidas master dataset
Outlet,9212,3869.04,Derived from Adidas master dataset
Outlet,10452,2613.0,Derived from Adidas master dataset
Outlet,6160,2587.2,Derived from Adidas master dataset
Outlet,5676,1986.6,Derived from Adidas master dataset
Outlet,5474,2955.96,Derived from Adidas master dataset
Outlet,8262,1735.02,Derived from Adidas master dataset
Outlet,10152,3756.24,Derived from Adidas master dataset
Outlet,10450,2612.5,Derived from Adidas master dataset
Outlet,7802,3276.84,Derived from Adidas master dataset
Outlet,6640,2390.4,Derived from Adidas master dataset
Outlet,6664,3598.56,Derived from Adidas master dataset
Outlet,9520,1713.6,Derived from Adidas master dataset
Outlet,2980,1192.0,Derived from Adidas master dataset
Outlet,4495,1123.75,Derived from Adidas master dataset
Outlet,3328,1397.76,Derived from Adidas master dataset
Outlet,2496,848.64,Derived from Adidas master dataset
Outlet,3690,1254.6,Derived from Adidas master dataset
Outlet,4080,2162.4,Derived from Adidas master dataset
Outlet,3636,1345.32,Derived from Adidas master dataset
Outlet,5037,1964.43,Derived from Adidas master dataset
Outlet,3220,1255.8,Derived from Adidas master dataset
Outlet,3584,1756.16,Derived from Adidas master dataset
Outlet,2726,872.32,Derived from Adidas master dataset
Outlet,4004,2242.24,Derived from Adidas master dataset
Outlet,4420,1900.6,Derived from Adidas master dataset
Outlet,6045,2841.15,Derived from Adidas master dataset
Outlet,3652,1570.36,Derived from Adidas master dataset
Outlet,3100,1736.0,Derived from Adidas master dataset
Outlet,2376,974.16,Derived from Adidas master dataset
Outlet,3625,2211.25,Derived from Adidas master dataset
Outlet,2639,1187.55,Derived from Adidas master dataset
Outlet,3451,1449.42,Derived from Adidas master dataset
Outlet,2550,1122.0,Derived from Adidas master dataset
Outlet,2560,1433.6,Derived from Adidas master dataset
Outlet,2100,798.0,Derived from Adidas master dataset
Outlet,3528,2152.08,Derived from Adidas master dataset
Outlet,2964,1333.8,Derived from Adidas master dataset
Outlet,4800,2112.0,Derived from Adidas master dataset
Outlet,2856,1313.76,Derived from Adidas master dataset
Outlet,3580,1933.2,Derived from Adidas master dataset
Outlet,4356,1785.96,Derived from Adidas master dataset
Outlet,8401,4956.59,Derived from Adidas master dataset
Outlet,7168,3368.96,Derived from Adidas master dataset
Outlet,7680,3609.6,Derived from Adidas master dataset
Outlet,5252,2310.88,Derived from Adidas master dataset
Outlet,5742,3215.52,Derived from Adidas master dataset
Outlet,4500,1755.0,Derived from Adidas master dataset
Outlet,11322,6679.98,Derived from Adidas master dataset
Outlet,7888,3944.0,Derived from Adidas master dataset
Outlet,7920,3960.0,Derived from Adidas master dataset
Outlet,9660,4830.0,Derived from Adidas master dataset
Outlet,6272,3825.92,Derived from Adidas master dataset
Outlet,6006,2702.7,Derived from Adidas master dataset
Outlet,10336,6408.32,Derived from Adidas master dataset
Outlet,6757,3446.07,Derived from Adidas master dataset
Outlet,11924,6081.24,Derived from Adidas master dataset
Outlet,12246,5755.62,Derived from Adidas master dataset
Outlet,5184,3058.56,Derived from Adidas master dataset
Outlet,5005,2252.25,Derived from Adidas master dataset
Outlet,9280,6217.6,Derived from Adidas master dataset
Outlet,8360,4180.0,Derived from Adidas master dataset
Outlet,7029,3303.63,Derived from Adidas master dataset
Outlet,8120,4141.2,Derived from Adidas master dataset
Outlet,5440,3100.8,Derived from Adidas master dataset
Outlet,4680,2012.4,Derived from Adidas master dataset
Outlet,6570,4073.4,Derived from Adidas master dataset
Outlet,5628,2926.56,Derived from Adidas master dataset
Outlet,4450,2136.0,Derived from Adidas master dataset
Outlet,4401,2112.48,Derived from Adidas master dataset
Outlet,3930,2358.0,Derived from Adidas master dataset
Outlet,3052,1342.88,Derived from Adidas master dataset
Outlet,5191,3477.97,Derived from Adidas master dataset
Outlet,4872,2338.56,Derived from Adidas master dataset
Outlet,4683,2294.67,Derived from Adidas master dataset
Outlet,7548,3547.56,Derived from Adidas master dataset
Outlet,5966,3698.92,Derived from Adidas master dataset
Outlet,6020,2769.2,Derived from Adidas master dataset
Outlet,8686,5732.76,Derived from Adidas master dataset
Outlet,9672,4642.56,Derived from Adidas master dataset
Outlet,9768,4786.32,Derived from Adidas master dataset
Outlet,9240,4712.4,Derived from Adidas master dataset
Outlet,7744,4646.4,Derived from Adidas master dataset
Outlet,6080,2857.6,Derived from Adidas master dataset
Outlet,11025,6945.75,Derived from Adidas master dataset
Outlet,3780,1663.2,Derived from Adidas master dataset
Outlet,1610,660.1,Derived from Adidas master dataset
Outlet,1406,548.34,Derived from Adidas master dataset
Outlet,506,217.58,Derived from Adidas master dataset
Outlet,3534,1448.94,Derived from Adidas master dataset
Outlet,3648,2152.32,Derived from Adidas master dataset
Outlet,3296,1549.12,Derived from Adidas master dataset
Outlet,4992,2096.64,Derived from Adidas master dataset
Outlet,3536,1555.84,Derived from Adidas master dataset
Outlet,2712,1464.48,Derived from Adidas master dataset
Outlet,2465,961.35,Derived from Adidas master dataset
Outlet,3888,2216.16,Derived from Adidas master dataset
Outlet,4462,2186.38,Derived from Adidas master dataset
Outlet,6208,2917.76,Derived from Adidas master dataset
Outlet,2880,1468.8,Derived from Adidas master dataset
Outlet,2668,1627.48,Derived from Adidas master dataset
Outlet,2464,1133.44,Derived from Adidas master dataset
Outlet,3120,2059.2,Derived from Adidas master dataset
Outlet,3225,1677.0,Derived from Adidas master dataset
Outlet,3232,1519.04,Derived from Adidas master dataset
Outlet,1672,785.84,Derived from Adidas master dataset
Outlet,1740,1044.0,Derived from Adidas master dataset
Outlet,1672,702.24,Derived from Adidas master dataset
Outlet,2310,1547.7,Derived from Adidas master dataset
Outlet,1568,736.96,Derived from Adidas master dataset
Outlet,3488,1709.12,Derived from Adidas master dataset
Outlet,2090,1086.8,Derived from Adidas master dataset
Outlet,4290,2616.9,Derived from Adidas master dataset
Outlet,5148,2162.16,Derived from Adidas master dataset
Outlet,9468,6248.88,Derived from Adidas master dataset
Outlet,6750,3240.0,Derived from Adidas master dataset
Outlet,8155,3832.85,Derived from Adidas master dataset
Outlet,7980,4069.8,Derived from Adidas master dataset
Outlet,6510,3906.0,Derived from Adidas master dataset
Outlet,6270,2946.9,Derived from Adidas master dataset
Outlet,10080,6451.2,Derived from Adidas master dataset
Outlet,7936,4206.08,Derived from Adidas master dataset
Outlet,9768,5372.4,Derived from Adidas master dataset
Outlet,9982,5589.92,Derived from Adidas master dataset
Outlet,7056,4727.52,Derived from Adidas master dataset
Outlet,6265,3257.8,Derived from Adidas master dataset
Outlet,13160,9212.0,Derived from Adidas master dataset
Outlet,6291,3460.05,Derived from Adidas master dataset
Outlet,9087,4906.98,Derived from Adidas master dataset
Outlet,10008,5304.24,Derived from Adidas master dataset
Outlet,5180,3315.2,Derived from Adidas master dataset
Outlet,5880,2940.0,Derived from Adidas master dataset
Outlet,7917,5621.07,Derived from Adidas master dataset
Outlet,7828,4305.4,Derived from Adidas master dataset
Outlet,6228,3425.4,Derived from Adidas master dataset
Outlet,10011,5606.16,Derived from Adidas master dataset
Outlet,4620,3049.2,Derived from Adidas master dataset
Outlet,4060,1948.8,Derived from Adidas master dataset
Outlet,4940,3556.8,Derived from Adidas master dataset
Outlet,3680,1913.6,Derived from Adidas master dataset
Outlet,3979,2188.45,Derived from Adidas master dataset
Outlet,3984,2151.36,Derived from Adidas master dataset
Outlet,2548,1707.16,Derived from Adidas master dataset
Outlet,2310,1131.9,Derived from Adidas master dataset
Outlet,3822,2751.84,Derived from Adidas master dataset
Outlet,2632,1500.24,Derived from Adidas master dataset
Outlet,2800,1456.0,Derived from Adidas master dataset
Outlet,6468,3557.4,Derived from Adidas master dataset
Outlet,4860,3256.2,Derived from Adidas master dataset
Outlet,5513,2646.24,Derived from Adidas master dataset
Outlet,8460,5837.4,Derived from Adidas master dataset
Outlet,11040,6182.4,Derived from Adidas master dataset
Outlet,9920,5257.6,Derived from Adidas master dataset
Outlet,10199,5507.46,Derived from Adidas master dataset
Outlet,10036,6322.68,Derived from Adidas master dataset
Outlet,6200,2914.0,Derived from Adidas master dataset
Outlet,12600,9072.0,Derived from Adidas master dataset
Outlet,3780,1474.2,Derived from Adidas master dataset
Outlet,2640,1082.4,Derived from Adidas master dataset
Outlet,1909,801.78,Derived from Adidas master dataset
Outlet,750,247.5,Derived from Adidas master dataset
Outlet,3384,1252.08,Derived from Adidas master dataset
Outlet,2728,654.72,Derived from Adidas master dataset
Outlet,4092,2086.92,Derived from Adidas master dataset
Outlet,5985,2034.9,Derived from Adidas master dataset
Outlet,5456,1691.36,Derived from Adidas master dataset
Outlet,7003,2240.96,Derived from Adidas master dataset
Outlet,4788,1675.8,Derived from Adidas master dataset
Outlet,2640,686.4,Derived from Adidas master dataset
Outlet,6288,2955.36,Derived from Adidas master dataset
Outlet,8037,2893.32,Derived from Adidas master dataset
Outlet,5355,1445.85,Derived from Adidas master dataset
Outlet,6468,2199.12,Derived from Adidas master dataset
Outlet,3690,1291.5,Derived from Adidas master dataset
Outlet,2820,620.4,Derived from Adidas master dataset
Outlet,6441,3220.5,Derived from Adidas master dataset
Outlet,8844,2918.52,Derived from Adidas master dataset
Outlet,6072,1700.16,Derived from Adidas master dataset
Outlet,6072,2185.92,Derived from Adidas master dataset
Outlet,4173,1418.82,Derived from Adidas master dataset
Outlet,2856,714.0,Derived from Adidas master dataset
Outlet,8304,3902.88,Derived from Adidas master dataset
Outlet,13600,4352.0,Derived from Adidas master dataset
Outlet,11872,3442.88,Derived from Adidas master dataset
Outlet,14280,4712.4,Derived from Adidas master dataset
Outlet,12936,4786.32,Derived from Adidas master dataset
Outlet,10863,2389.86,Derived from Adidas master dataset
Outlet,18352,8625.44,Derived from Adidas master dataset
Outlet,20196,7472.52,Derived from Adidas master dataset
Outlet,19462,5449.36,Derived from Adidas master dataset
Outlet,17136,5826.24,Derived from Adidas master dataset
Outlet,10974,3621.42,Derived from Adidas master dataset
Outlet,14144,3111.68,Derived from Adidas master dataset
Outlet,14625,6873.75,Derived from Adidas master dataset
Outlet,17340,6242.4,Derived from Adidas master dataset
Outlet,16320,4406.4,Derived from Adidas master dataset
Outlet,14322,4726.26,Derived from Adidas master dataset
Outlet,9408,3104.64,Derived from Adidas master dataset
Outlet,10458,2509.92,Derived from Adidas master dataset
Outlet,5760,2822.4,Derived from Adidas master dataset
Outlet,6820,2523.4,Derived from Adidas master dataset
Outlet,6750,2092.5,Derived from Adidas master dataset
Outlet,3744,1235.52,Derived from Adidas master dataset
Outlet,3432,1269.84,Derived from Adidas master dataset
Outlet,5076,1167.48,Derived from Adidas master dataset
Outlet,4158,2037.42,Derived from Adidas master dataset
Outlet,5460,2020.2,Derived from Adidas master dataset
Outlet,8170,2369.3,Derived from Adidas master dataset
Outlet,5504,1871.36,Derived from Adidas master dataset
Outlet,4800,1680.0,Derived from Adidas master dataset
Outlet,5452,1199.44,Derived from Adidas master dataset
Outlet,7420,3858.4,Derived from Adidas master dataset
Outlet,7708,2620.72,Derived from Adidas master dataset
Outlet,10626,3400.32,Derived from Adidas master dataset
Outlet,7612,2816.44,Derived from Adidas master dataset
Outlet,7990,2716.6,Derived from Adidas master dataset
Outlet,8526,2302.02,Derived from Adidas master dataset
Outlet,13068,6534.0,Derived from Adidas master dataset
Outlet,16240,5846.4,Derived from Adidas master dataset
Outlet,14080,4364.8,Derived from Adidas master dataset
Outlet,13056,4308.48,Derived from Adidas master dataset
Outlet,11832,4022.88,Derived from Adidas master dataset
Outlet,11456,2978.56,Derived from Adidas master dataset
Outlet,12800,6144.0,Derived from Adidas master dataset
Outlet,8160,4161.6,Derived from Adidas master dataset
Outlet,7956,3182.4,Derived from Adidas master dataset
Outlet,5252,1523.08,Derived from Adidas master dataset
Outlet,5100,1887.0,Derived from Adidas master dataset
Outlet,6948,2848.68,Derived from Adidas master dataset
Outlet,7735,4254.25,Derived from Adidas master dataset
Outlet,10368,4872.96,Derived from Adidas master dataset
Outlet,5115,2097.15,Derived from Adidas master dataset
Outlet,4692,1501.44,Derived from Adidas master dataset
Outlet,1792,734.72,Derived from Adidas master dataset
Outlet,1131,508.95,Derived from Adidas master dataset
Outlet,3210,1155.6,Derived from Adidas master dataset
Outlet,4860,1846.8,Derived from Adidas master dataset
Outlet,3430,1406.3,Derived from Adidas master dataset
Outlet,4816,1974.56,Derived from Adidas master dataset
Outlet,2964,1155.96,Derived from Adidas master dataset
Outlet,1419,595.98,Derived from Adidas master dataset
Outlet,3570,1285.2,Derived from Adidas master dataset
Outlet,5586,2066.82,Derived from Adidas master dataset
Outlet,3740,1533.4,Derived from Adidas master dataset
Outlet,4674,1729.38,Derived from Adidas master dataset
Outlet,2176,913.92,Derived from Adidas master dataset
Outlet,1600,672.0,Derived from Adidas master dataset
Outlet,4230,1522.8,Derived from Adidas master dataset
Outlet,6825,2730.0,Derived from Adidas master dataset
Outlet,4200,1722.0,Derived from Adidas master dataset
Outlet,4033,1492.21,Derived from Adidas master dataset
Outlet,2805,1065.9,Derived from Adidas master dataset
Outlet,1836,789.48,Derived from Adidas master dataset
Outlet,7392,2587.2,Derived from Adidas master dataset
Outlet,8621,3189.77,Derived from Adidas master dataset
Outlet,9945,4077.45,Derived from Adidas master dataset
Outlet,12064,4463.68,Derived from Adidas master dataset
Outlet,11224,4601.84,Derived from Adidas master dataset
Outlet,8704,4003.84,Derived from Adidas master dataset
Outlet,18942,7008.54,Derived from Adidas master dataset
Outlet,16320,6038.4,Derived from Adidas master dataset
Outlet,13440,5107.2,Derived from Adidas master dataset
Outlet,12896,4900.48,Derived from Adidas master dataset
Outlet,12155,5105.1,Derived from Adidas master dataset
Outlet,15120,6501.6,Derived from Adidas master dataset
Outlet,15252,5033.16,Derived from Adidas master dataset
Outlet,18224,7289.6,Derived from Adidas master dataset
Outlet,12720,5342.4,Derived from Adidas master dataset
Outlet,11395,4216.15,Derived from Adidas master dataset
Outlet,7072,2758.08,Derived from Adidas master dataset
Outlet,6732,3029.4,Derived from Adidas master dataset
Outlet,4400,1496.0,Derived from Adidas master dataset
Outlet,5215,2190.3,Derived from Adidas master dataset
Outlet,6579,2565.81,Derived from Adidas master dataset
Outlet,2652,1060.8,Derived from Adidas master dataset
Outlet,2590,1036.0,Derived from Adidas master dataset
Outlet,2886,1356.42,Derived from Adidas master dataset
Outlet,2739,986.04,Derived from Adidas master dataset
Outlet,3332,1332.8,Derived from Adidas master dataset
Outlet,6747,2563.86,Derived from Adidas master dataset
Outlet,4641,1949.22,Derived from Adidas master dataset
Outlet,3131,1158.47,Derived from Adidas master dataset
Outlet,4410,2072.7,Derived from Adidas master dataset
Outlet,4360,1395.2,Derived from Adidas master dataset
Outlet,5882,2470.44,Derived from Adidas master dataset
Outlet,7514,2780.18,Derived from Adidas master dataset
Outlet,4719,1840.41,Derived from Adidas master dataset
Outlet,5184,2021.76,Derived from Adidas master dataset
Outlet,7616,3351.04,Derived from Adidas master dataset
Outlet,10560,3484.8,Derived from Adidas master dataset
Outlet,12152,4860.8,Derived from Adidas master dataset
Outlet,12150,4981.5,Derived from Adidas master dataset
Outlet,8745,3498.0,Derived from Adidas master dataset
Outlet,8976,3500.64,Derived from Adidas master dataset
Outlet,9263,3890.46,Derived from Adidas master dataset
Outlet,12350,4322.5,Derived from Adidas master dataset
Outlet,5359,2786.68,Derived from Adidas master dataset
Outlet,5236,2460.92,Derived from Adidas master dataset
Outlet,3168,1013.76,Derived from Adidas master dataset
Outlet,2856,1199.52,Derived from Adidas master dataset
Outlet,4200,1890.0,Derived from Adidas master dataset
Outlet,4825,2798.5,Derived from Adidas master dataset
Outlet,6656,3660.8,Derived from Adidas master dataset
Outlet,4131,1858.95,Derived from Adidas master dataset
Outlet,2890,1040.4,Derived from Adidas master dataset
Outlet,1488,624.96,Derived from Adidas master dataset
Outlet,3360,1411.2,Derived from Adidas master dataset
Outlet,2682,1475.1,Derived from Adidas master dataset
Outlet,4560,1960.8,Derived from Adidas master dataset
Outlet,2310,924.0,Derived from Adidas master dataset
Outlet,2240,873.6,Derived from Adidas master dataset
Outlet,1500,630.0,Derived from Adidas master dataset
Outlet,2520,1008.0,Derived from Adidas master dataset
Outlet,2940,1675.8,Derived from Adidas master dataset
Outlet,3880,1784.8,Derived from Adidas master dataset
Outlet,2220,821.4,Derived from Adidas master dataset
Outlet,1070,438.7,Derived from Adidas master dataset
Outlet,1050,472.5,Derived from Adidas master dataset
Outlet,2112,823.68,Derived from Adidas master dataset
Outlet,2720,1414.4,Derived from Adidas master dataset
Outlet,6156,2647.08,Derived from Adidas master dataset
Outlet,2816,1182.72,Derived from Adidas master dataset
Outlet,2071,786.98,Derived from Adidas master dataset
Outlet,1786,767.98,Derived from Adidas master dataset
Outlet,2610,1096.2,Derived from Adidas master dataset
Outlet,4096,2334.72,Derived from Adidas master dataset
Outlet,4368,1878.24,Derived from Adidas master dataset
Outlet,2376,950.4,Derived from Adidas master dataset
Outlet,1664,615.68,Derived from Adidas master dataset
Outlet,1716,737.88,Derived from Adidas master dataset
Outlet,3168,1172.16,Derived from Adidas master dataset
Outlet,6080,3283.2,Derived from Adidas master dataset
Outlet,6944,2985.92,Derived from Adidas master dataset
Outlet,3640,1419.6,Derived from Adidas master dataset
Outlet,2983,1163.37,Derived from Adidas master dataset
Outlet,2048,962.56,Derived from Adidas master dataset
Outlet,3920,1489.6,Derived from Adidas master dataset
Outlet,6528,3590.4,Derived from Adidas master dataset
Outlet,6696,3147.12,Derived from Adidas master dataset
Outlet,5012,2105.04,Derived from Adidas master dataset
Outlet,3634,1489.94,Derived from Adidas master dataset
Outlet,1736,815.92,Derived from Adidas master dataset
Outlet,2507,977.73,Derived from Adidas master dataset
Outlet,4968,2831.76,Derived from Adidas master dataset
Outlet,5244,2359.8,Derived from Adidas master dataset
Outlet,3002,1140.76,Derived from Adidas master dataset
Outlet,735,308.7,Derived from Adidas master dataset
Outlet,777,357.42,Derived from Adidas master dataset
Outlet,1824,747.84,Derived from Adidas master dataset
Outlet,2376,1354.32,Derived from Adidas master dataset
Outlet,4824,2267.28,Derived from Adidas master dataset
Outlet,1848,739.2,Derived from Adidas master dataset
Outlet,1170,479.7,Derived from Adidas master dataset
Outlet,1222,562.12,Derived from Adidas master dataset
Outlet,1700,663.0,Derived from Adidas master dataset
Outlet,3500,1890.0,Derived from Adidas master dataset
Outlet,3630,1560.9,Derived from Adidas master dataset
Outlet,1904,742.56,Derived from Adidas master dataset
Outlet,1498,629.16,Derived from Adidas master dataset
Outlet,1860,781.2,Derived from Adidas master dataset
Outlet,3444,1308.72,Derived from Adidas master dataset
Outlet,5530,3041.5,Derived from Adidas master dataset
Outlet,6699,3081.54,Derived from Adidas master dataset
Outlet,3740,1570.8,Derived from Adidas master dataset
Outlet,3060,1132.2,Derived from Adidas master dataset
Outlet,2992,1256.64,Derived from Adidas master dataset
Outlet,3348,1372.68,Derived from Adidas master dataset
Outlet,4930,2563.6,Derived from Adidas master dataset
Outlet,2616,967.92,Derived from Adidas master dataset
Outlet,3567,1426.8,Derived from Adidas master dataset
Outlet,3255,1269.45,Derived from Adidas master dataset
Outlet,2040,775.2,Derived from Adidas master dataset
Outlet,1855,853.3,Derived from Adidas master dataset
Outlet,3696,1256.64,Derived from Adidas master dataset
Outlet,3366,1380.06,Derived from Adidas master dataset
Outlet,3567,1498.14,Derived from Adidas master dataset
Outlet,3444,1274.28,Derived from Adidas master dataset
Outlet,1856,760.96,Derived from Adidas master dataset
Outlet,1376,605.44,Derived from Adidas master dataset
Outlet,2744,960.4,Derived from Adidas master dataset
Outlet,4004,1601.6,Derived from Adidas master dataset
Outlet,3920,1607.2,Derived from Adidas master dataset
Outlet,4592,1744.96,Derived from Adidas master dataset
Outlet,2925,1082.25,Derived from Adidas master dataset
Outlet,1290,567.6,Derived from Adidas master dataset
Outlet,3600,1260.0,Derived from Adidas master dataset
Outlet,7304,2848.56,Derived from Adidas master dataset
Outlet,3432,1407.12,Derived from Adidas master dataset
Outlet,5358,2196.78,Derived from Adidas master dataset
Outlet,2380,880.6,Derived from Adidas master dataset
Outlet,1404,589.68,Derived from Adidas master dataset
Outlet,4410,1499.4,Derived from Adidas master dataset
Outlet,6045,2538.9,Derived from Adidas master dataset
Outlet,3924,1569.6,Derived from Adidas master dataset
Outlet,4641,1809.99,Derived from Adidas master dataset
Outlet,3102,1209.78,Derived from Adidas master dataset
Outlet,1914,842.16,Derived from Adidas master dataset
Outlet,7958,2864.88,Derived from Adidas master dataset
Outlet,10320,3921.6,Derived from Adidas master dataset
Outlet,9494,3892.54,Derived from Adidas master dataset
Outlet,11024,4299.36,Derived from Adidas master dataset
Outlet,11098,4550.18,Derived from Adidas master dataset
Outlet,9380,4314.8,Derived from Adidas master dataset
Outlet,17094,5641.02,Derived from Adidas master dataset
Outlet,17880,7509.6,Derived from Adidas master dataset
Outlet,14322,5872.02,Derived from Adidas master dataset
Outlet,14586,6126.12,Derived from Adidas master dataset
Outlet,10431,4276.71,Derived from Adidas master dataset
Outlet,13464,6193.44,Derived from Adidas master dataset
Outlet,15912,5569.2,Derived from Adidas master dataset
Outlet,17664,6535.68,Derived from Adidas master dataset
Outlet,15872,6666.24,Derived from Adidas master dataset
Outlet,10750,4300.0,Derived from Adidas master dataset
Outlet,6400,2432.0,Derived from Adidas master dataset
Outlet,7208,3027.36,Derived from Adidas master dataset
Outlet,4664,1725.68,Derived from Adidas master dataset
Outlet,5066,1874.42,Derived from Adidas master dataset
Outlet,6794,2581.72,Derived from Adidas master dataset
Outlet,3237,1359.54,Derived from Adidas master dataset
Outlet,2356,989.52,Derived from Adidas master dataset
Outlet,3696,1552.32,Derived from Adidas master dataset
Outlet,3060,979.2,Derived from Adidas master dataset
Outlet,3451,1345.89,Derived from Adidas master dataset
Outlet,6623,2516.74,Derived from Adidas master dataset
Outlet,4033,1492.21,Derived from Adidas master dataset
Outlet,3876,1511.64,Derived from Adidas master dataset
Outlet,3720,1674.0,Derived from Adidas master dataset
Outlet,5043,1865.91,Derived from Adidas master dataset
Outlet,6460,2390.2,Derived from Adidas master dataset
Outlet,7474,2914.86,Derived from Adidas master dataset
Outlet,4864,2042.88,Derived from Adidas master dataset
Outlet,5811,2382.51,Derived from Adidas master dataset
Outlet,7250,3335.0,Derived from Adidas master dataset
Outlet,8745,3235.65,Derived from Adidas master dataset
Outlet,11475,4819.5,Derived from Adidas master dataset
Outlet,13048,5219.2,Derived from Adidas master dataset
Outlet,9264,3798.24,Derived from Adidas master dataset
Outlet,8745,3410.55,Derived from Adidas master dataset
Outlet,8478,3984.66,Derived from Adidas master dataset
Outlet,11055,3758.7,Derived from Adidas master dataset
Outlet,3360,1411.2,Derived from Adidas master dataset
Outlet,3844,1691.36,Derived from Adidas master dataset
Outlet,4224,1816.32,Derived from Adidas master dataset
Outlet,2652,1219.92,Derived from Adidas master dataset
Outlet,2244,1144.44,Derived from Adidas master dataset
Outlet,4760,1904.0,Derived from Adidas master dataset
Outlet,4200,1890.0,Derived from Adidas master dataset
Outlet,3844,1652.92,Derived from Adidas master dataset
Outlet,4488,1929.84,Derived from Adidas master dataset
Outlet,2475,1163.25,Derived from Adidas master dataset
Outlet,1749,822.03,Derived from Adidas master dataset
Outlet,4192,1551.04,Derived from Adidas master dataset
Outlet,5191,2387.86,Derived from Adidas master dataset
Outlet,4560,2006.4,Derived from Adidas master dataset
Outlet,4680,2106.0,Derived from Adidas master dataset
Outlet,4128,1775.04,Derived from Adidas master dataset
Outlet,2000,1020.0,Derived from Adidas master dataset
Outlet,3161,1169.57,Derived from Adidas master dataset
Outlet,6384,3000.48,Derived from Adidas master dataset
Outlet,3852,1771.92,Derived from Adidas master dataset
Outlet,4800,2016.0,Derived from Adidas master dataset
Outlet,2457,1105.65,Derived from Adidas master dataset
Outlet,1904,971.04,Derived from Adidas master dataset
Outlet,4797,1774.89,Derived from Adidas master dataset
Outlet,5632,2421.76,Derived from Adidas master dataset
Outlet,5120,2252.8,Derived from Adidas master dataset
Outlet,5032,2113.44,Derived from Adidas master dataset
Outlet,3333,1433.19,Derived from Adidas master dataset
Outlet,2464,1182.72,Derived from Adidas master dataset
Outlet,8188,3275.2,Derived from Adidas master dataset
Outlet,12032,5655.04,Derived from Adidas master dataset
Outlet,12320,5544.0,Derived from Adidas master dataset
Outlet,11550,5082.0,Derived from Adidas master dataset
Outlet,10856,5102.32,Derived from Adidas master dataset
Outlet,10710,5033.7,Derived from Adidas master dataset
Outlet,19840,8134.4,Derived from Adidas master dataset
Outlet,18972,8157.96,Derived from Adidas master dataset
Outlet,16616,7643.36,Derived from Adidas master dataset
Outlet,14490,6810.3,Derived from Adidas master dataset
Outlet,12276,5524.2,Derived from Adidas master dataset
Outlet,16133,7905.17,Derived from Adidas master dataset
Outlet,16848,6907.68,Derived from Adidas master dataset
Outlet,18615,8749.05,Derived from Adidas master dataset
Outlet,14592,6420.48,Derived from Adidas master dataset
Outlet,10850,4557.0,Derived from Adidas master dataset
Outlet,7865,3696.55,Derived from Adidas master dataset
Outlet,7144,3500.56,Derived from Adidas master dataset
Outlet,4692,1782.96,Derived from Adidas master dataset
Outlet,5775,2425.5,Derived from Adidas master dataset
Outlet,7000,3010.0,Derived from Adidas master dataset
Outlet,2880,1324.8,Derived from Adidas master dataset
Outlet,2720,1142.4,Derived from Adidas master dataset
Outlet,3403,1633.44,Derived from Adidas master dataset
Outlet,2700,1080.0,Derived from Adidas master dataset
Outlet,3100,1333.0,Derived from Adidas master dataset
Outlet,6256,2815.2,Derived from Adidas master dataset
Outlet,4224,1900.8,Derived from Adidas master dataset
Outlet,3720,1599.6,Derived from Adidas master dataset
Outlet,4368,2096.64,Derived from Adidas master dataset
Outlet,6160,2464.0,Derived from Adidas master dataset
Outlet,6132,2882.04,Derived from Adidas master dataset
Outlet,7840,3684.8,Derived from Adidas master dataset
Outlet,4740,2180.4,Derived from Adidas master dataset
Outlet,6200,2852.0,Derived from Adidas master dataset
Outlet,7791,3661.77,Derived from Adidas master dataset
Outlet,11520,4723.2,Derived from Adidas master dataset
Outlet,12512,5755.52,Derived from Adidas master dataset
Outlet,12896,5674.24,Derived from Adidas master dataset
Outlet,10176,4375.68,Derived from Adidas master dataset
Outlet,10176,4782.72,Derived from Adidas master dataset
Outlet,9240,4435.2,Derived from Adidas master dataset
Outlet,11446,4578.4,Derived from Adidas master dataset
Outlet,3122,1061.48,Derived from Adidas master dataset
Outlet,4180,1504.8,Derived from Adidas master dataset
Outlet,3402,1258.74,Derived from Adidas master dataset
Outlet,4316,1812.72,Derived from Adidas master dataset
Outlet,3108,870.24,Derived from Adidas master dataset
Outlet,3381,1690.5,Derived from Adidas master dataset
Outlet,3600,1152.0,Derived from Adidas master dataset
Outlet,5040,1663.2,Derived from Adidas master dataset
Outlet,3584,1254.4,Derived from Adidas master dataset
Outlet,3132,1315.44,Derived from Adidas master dataset
Outlet,2728,818.4,Derived from Adidas master dataset
Outlet,3510,1825.2,Derived from Adidas master dataset
Outlet,4200,1554.0,Derived from Adidas master dataset
Outlet,5076,1979.64,Derived from Adidas master dataset
Outlet,2700,1026.0,Derived from Adidas master dataset
Outlet,2912,1368.64,Derived from Adidas master dataset
Outlet,2816,985.6,Derived from Adidas master dataset
Outlet,3100,1643.0,Derived from Adidas master dataset
Outlet,3225,1354.5,Derived from Adidas master dataset
Outlet,4515,1760.85,Derived from Adidas master dataset
Outlet,3078,1138.86,Derived from Adidas master dataset
Outlet,2320,1136.8,Derived from Adidas master dataset
Outlet,2457,786.24,Derived from Adidas master dataset
Outlet,4048,2307.36,Derived from Adidas master dataset
Outlet,2940,1234.8,Derived from Adidas master dataset
Outlet,5434,2227.94,Derived from Adidas master dataset
Outlet,3312,1291.68,Derived from Adidas master dataset
Outlet,3720,1860.0,Derived from Adidas master dataset
Outlet,4080,1428.0,Derived from Adidas master dataset
Outlet,7920,4356.0,Derived from Adidas master dataset
Outlet,7223,2744.74,Derived from Adidas master dataset
Outlet,9205,3774.05,Derived from Adidas master dataset
Outlet,6324,2592.84,Derived from Adidas master dataset
Outlet,6171,3023.79,Derived from Adidas master dataset
Outlet,6794,2309.96,Derived from Adidas master dataset
Outlet,9672,5319.6,Derived from Adidas master dataset
Outlet,9240,4250.4,Derived from Adidas master dataset
Outlet,10840,4661.2,Derived from Adidas master dataset
Outlet,9452,3969.84,Derived from Adidas master dataset
Outlet,6004,3182.12,Derived from Adidas master dataset
Outlet,7439,2975.6,Derived from Adidas master dataset
Outlet,13464,7943.76,Derived from Adidas master dataset
Outlet,8854,3718.68,Derived from Adidas master dataset
Outlet,9435,4057.05,Derived from Adidas master dataset
Outlet,11895,5114.85,Derived from Adidas master dataset
Outlet,5346,2940.3,Derived from Adidas master dataset
Outlet,6474,2719.08,Derived from Adidas master dataset
Outlet,10516,6414.76,Derived from Adidas master dataset
Outlet,9430,4337.8,Derived from Adidas master dataset
Outlet,8322,3578.46,Derived from Adidas master dataset
Outlet,8729,3928.05,Derived from Adidas master dataset
Outlet,5440,2992.0,Derived from Adidas master dataset
Outlet,5880,2410.8,Derived from Adidas master dataset
Outlet,7200,4176.0,Derived from Adidas master dataset
Outlet,6030,2773.8,Derived from Adidas master dataset
Outlet,5130,2205.9,Derived from Adidas master dataset
Outlet,5549,2330.58,Derived from Adidas master dataset
Outlet,4060,2151.8,Derived from Adidas master dataset
Outlet,3075,1199.25,Derived from Adidas master dataset
Outlet,6086,3590.74,Derived from Adidas master dataset
Outlet,5481,2521.26,Derived from Adidas master dataset
Outlet,6244,2684.92,Derived from Adidas master dataset
Outlet,8820,3704.4,Derived from Adidas master dataset
Outlet,6794,3532.88,Derived from Adidas master dataset
Outlet,6109,2321.42,Derived from Adidas master dataset
Outlet,9894,5837.46,Derived from Adidas master dataset
Outlet,9600,4320.0,Derived from Adidas master dataset
Outlet,9840,4526.4,Derived from Adidas master dataset
Outlet,10481,4611.64,Derived from Adidas master dataset
Outlet,8096,4209.92,Derived from Adidas master dataset
Outlet,6321,2591.61,Derived from Adidas master dataset
Outlet,10904,6651.44,Derived from Adidas master dataset
Outlet,3128,1251.2,Derived from Adidas master dataset
Outlet,4200,1806.0,Derived from Adidas master dataset
Outlet,4495,1753.05,Derived from Adidas master dataset
Outlet,2640,976.8,Derived from Adidas master dataset
Outlet,2380,809.2,Derived from Adidas master dataset
Outlet,3780,1020.6,Derived from Adidas master dataset
Outlet,3402,1258.74,Derived from Adidas master dataset
Outlet,3584,1541.12,Derived from Adidas master dataset
Outlet,3472,1458.24,Derived from Adidas master dataset
Outlet,1768,742.56,Derived from Adidas master dataset
Outlet,1836,679.32,Derived from Adidas master dataset
Outlet,3596,970.92,Derived from Adidas master dataset
Outlet,4640,1856.0,Derived from Adidas master dataset
Outlet,4408,1939.52,Derived from Adidas master dataset
Outlet,4403,1805.23,Derived from Adidas master dataset
Outlet,2584,956.08,Derived from Adidas master dataset
Outlet,1599,511.68,Derived from Adidas master dataset
Outlet,3959,1068.93,Derived from Adidas master dataset
Outlet,7000,2660.0,Derived from Adidas master dataset
Outlet,3330,1465.2,Derived from Adidas master dataset
Outlet,5166,1911.42,Derived from Adidas master dataset
Outlet,3120,1248.0,Derived from Adidas master dataset
Outlet,2021,687.14,Derived from Adidas master dataset
Outlet,5439,1631.7,Derived from Adidas master dataset
Outlet,6992,2656.96,Derived from Adidas master dataset
Outlet,4176,1753.92,Derived from Adidas master dataset
Outlet,5412,2056.56,Derived from Adidas master dataset
Outlet,3627,1341.99,Derived from Adidas master dataset
Outlet,2418,797.94,Derived from Adidas master dataset
Outlet,6572,1905.88,Derived from Adidas master dataset
Outlet,7178,2799.42,Derived from Adidas master dataset
Outlet,5148,2162.16,Derived from Adidas master dataset
Outlet,6027,2290.26,Derived from Adidas master dataset
Outlet,3990,1596.0,Derived from Adidas master dataset
Outlet,3096,1052.64,Derived from Adidas master dataset
Outlet,7268,2253.08,Derived from Adidas master dataset
Outlet,8640,3196.8,Derived from Adidas master dataset
Outlet,6520,2999.2,Derived from Adidas master dataset
Outlet,6123,2387.97,Derived from Adidas master dataset
Outlet,4068,1545.84,Derived from Adidas master dataset
Outlet,5800,2146.0,Derived from Adidas master dataset
Outlet,6670,2001.0,Derived from Adidas master dataset
Outlet,7954,3181.6,Derived from Adidas master dataset
Outlet,8740,3670.8,Derived from Adidas master dataset
Outlet,5661,2321.01,Derived from Adidas master dataset
Outlet,5160,2167.2,Derived from Adidas master dataset
Outlet,6120,2264.4,Derived from Adidas master dataset
Outlet,6288,1760.64,Derived from Adidas master dataset
Outlet,6440,2704.8,Derived from Adidas master dataset
Outlet,6834,3211.98,Derived from Adidas master dataset
Outlet,4930,1824.1,Derived from Adidas master dataset
Outlet,4092,1514.04,Derived from Adidas master dataset
Outlet,5248,1731.84,Derived from Adidas master dataset
Outlet,5676,1816.32,Derived from Adidas master dataset
Outlet,6120,2570.4,Derived from Adidas master dataset
Outlet,5775,2425.5,Derived from Adidas master dataset
Outlet,3441,1273.17,Derived from Adidas master dataset
Outlet,3264,1272.96,Derived from Adidas master dataset
Outlet,3872,1432.64,Derived from Adidas master dataset
Outlet,5029,1458.41,Derived from Adidas master dataset
Outlet,4650,1767.0,Derived from Adidas master dataset
Outlet,6194,2911.18,Derived from Adidas master dataset
Outlet,4092,1595.88,Derived from Adidas master dataset
Outlet,3828,1607.76,Derived from Adidas master dataset
Outlet,4356,1568.16,Derived from Adidas master dataset
Outlet,5460,1528.8,Derived from Adidas master dataset
Outlet,6790,2716.0,Derived from Adidas master dataset
Outlet,7029,3233.34,Derived from Adidas master dataset
Outlet,4760,1951.6,Derived from Adidas master dataset
Outlet,4096,1679.36,Derived from Adidas master dataset
Outlet,4578,1556.52,Derived from Adidas master dataset
Outlet,5805,1625.4,Derived from Adidas master dataset
Outlet,4104,1682.64,Derived from Adidas master dataset
Outlet,4410,2072.7,Derived from Adidas master dataset
Outlet,5024,1959.36,Derived from Adidas master dataset
Outlet,3030,1151.4,Derived from Adidas master dataset
Outlet,3102,1147.74,Derived from Adidas master dataset
Outlet,5976,1613.52,Derived from Adidas master dataset
Outlet,4671,1868.4,Derived from Adidas master dataset
Outlet,4896,2301.12,Derived from Adidas master dataset
Outlet,4620,1848.0,Derived from Adidas master dataset
Outlet,2639,976.43,Derived from Adidas master dataset
Outlet,2108,674.56,Derived from Adidas master dataset
Outlet,4900,1372.0,Derived from Adidas master dataset
Outlet,5610,2300.1,Derived from Adidas master dataset
Outlet,4896,2203.2,Derived from Adidas master dataset
Outlet,5456,2073.28,Derived from Adidas master dataset
Outlet,3256,1269.84,Derived from Adidas master dataset
Outlet,2173,695.36,Derived from Adidas master dataset
Outlet,5764,1786.84,Derived from Adidas master dataset
Outlet,6765,2841.3,Derived from Adidas master dataset
Outlet,4687,2156.02,Derived from Adidas master dataset
Outlet,6160,2587.2,Derived from Adidas master dataset
Outlet,3552,1385.28,Derived from Adidas master dataset
Outlet,2760,966.0,Derived from Adidas master dataset
Outlet,6496,1818.88,Derived from Adidas master dataset
Outlet,7912,3243.92,Derived from Adidas master dataset
Outlet,6256,2627.52,Derived from Adidas master dataset
Outlet,6210,2546.1,Derived from Adidas master dataset
Outlet,4687,1921.67,Derived from Adidas master dataset
Outlet,3510,1228.5,Derived from Adidas master dataset
Outlet,7392,2143.68,Derived from Adidas master dataset
Outlet,8288,3232.32,Derived from Adidas master dataset
Outlet,8789,3779.27,Derived from Adidas master dataset
Outlet,7913,3165.2,Derived from Adidas master dataset
Outlet,4736,1894.4,Derived from Adidas master dataset
Outlet,4092,1432.2,Derived from Adidas master dataset
Outlet,9600,2688.0,Derived from Adidas master dataset
Outlet,10168,3965.52,Derived from Adidas master dataset
Outlet,9450,4063.5,Derived from Adidas master dataset
Outlet,6669,2467.53,Derived from Adidas master dataset
Outlet,5811,2440.62,Derived from Adidas master dataset
Outlet,6400,2048.0,Derived from Adidas master dataset
Outlet,7840,2508.8,Derived from Adidas master dataset
Outlet,8960,3315.2,Derived from Adidas master dataset
Outlet,9152,4026.88,Derived from Adidas master dataset
Outlet,7498,2999.2,Derived from Adidas master dataset
Outlet,6992,2587.04,Derived from Adidas master dataset
Outlet,7776,2643.84,Derived from Adidas master dataset
Outlet,7650,2448.0,Derived from Adidas master dataset
Outlet,7622,3201.24,Derived from Adidas master dataset
Outlet,7332,3372.72,Derived from Adidas master dataset
Outlet,5733,2407.86,Derived from Adidas master dataset
Outlet,5365,2199.65,Derived from Adidas master dataset
Outlet,5800,2030.0,Derived from Adidas master dataset
Outlet,7536,2260.8,Derived from Adidas master dataset
Outlet,5985,2214.45,Derived from Adidas master dataset
Outlet,6916,2973.88,Derived from Adidas master dataset
Outlet,4080,1632.0,Derived from Adidas master dataset
Outlet,3920,1646.4,Derived from Adidas master dataset
Outlet,4674,1542.42,Derived from Adidas master dataset
Outlet,7467,2314.77,Derived from Adidas master dataset
Outlet,8272,3391.52,Derived from Adidas master dataset
Outlet,7920,3405.6,Derived from Adidas master dataset
Outlet,6854,2535.98,Derived from Adidas master dataset
Outlet,5440,2230.4,Derived from Adidas master dataset
Outlet,7074,2617.38,Derived from Adidas master dataset
Outlet,9520,2856.0,Derived from Adidas master dataset
Outlet,10472,4398.24,Derived from Adidas master dataset
Outlet,10199,4793.53,Derived from Adidas master dataset
Outlet,6600,2706.0,Derived from Adidas master dataset
Outlet,7200,2880.0,Derived from Adidas master dataset
Outlet,7040,2323.2,Derived from Adidas master dataset
Outlet,9688,2615.76,Derived from Adidas master dataset
Outlet,3576,1644.96,Derived from Adidas master dataset
Outlet,3780,1776.6,Derived from Adidas master dataset
Outlet,4480,1881.6,Derived from Adidas master dataset
Outlet,2772,1164.24,Derived from Adidas master dataset
Outlet,2625,1050.0,Derived from Adidas master dataset
Outlet,3920,1254.4,Derived from Adidas master dataset
Outlet,3450,1483.5,Derived from Adidas master dataset
Outlet,3348,1540.08,Derived from Adidas master dataset
Outlet,3360,1377.6,Derived from Adidas master dataset
Outlet,2400,1056.0,Derived from Adidas master dataset
Outlet,2040,795.6,Derived from Adidas master dataset
Outlet,3668,1063.72,Derived from Adidas master dataset
Outlet,4890,2102.7,Derived from Adidas master dataset
Outlet,4181,1839.64,Derived from Adidas master dataset
Outlet,4836,1837.68,Derived from Adidas master dataset
Outlet,2964,1333.8,Derived from Adidas master dataset
Outlet,1845,756.45,Derived from Adidas master dataset
Outlet,4480,1299.2,Derived from Adidas master dataset
Outlet,6623,2847.89,Derived from Adidas master dataset
Outlet,4440,1864.8,Derived from Adidas master dataset
Outlet,4068,1505.16,Derived from Adidas master dataset
Outlet,3840,1728.0,Derived from Adidas master dataset
Outlet,2128,893.76,Derived from Adidas master dataset
Outlet,6272,1756.16,Derived from Adidas master dataset
Outlet,6919,3182.74,Derived from Adidas master dataset
Outlet,4896,2203.2,Derived from Adidas master dataset
Outlet,5800,2262.0,Derived from Adidas master dataset
Outlet,3876,1666.68,Derived from Adidas master dataset
Outlet,2886,1212.12,Derived from Adidas master dataset
Outlet,6572,2037.32,Derived from Adidas master dataset
Outlet,7105,3055.15,Derived from Adidas master dataset
Outlet,6683,2940.52,Derived from Adidas master dataset
Outlet,6162,2341.56,Derived from Adidas master dataset
Outlet,4356,1873.08,Derived from Adidas master dataset
Outlet,3948,1539.72,Derived from Adidas master dataset
Outlet,10070,3222.4,Derived from Adidas master dataset
Outlet,8066,3710.36,Derived from Adidas master dataset
Outlet,6401,2944.46,Derived from Adidas master dataset
Outlet,7544,3093.04,Derived from Adidas master dataset
Outlet,4992,2246.4,Derived from Adidas master dataset
Outlet,6318,2400.84,Derived from Adidas master dataset
Outlet,8007,2322.03,Derived from Adidas master dataset
Outlet,8151,3749.46,Derived from Adidas master dataset
Outlet,8800,3696.0,Derived from Adidas master dataset
Outlet,6300,2646.0,Derived from Adidas master dataset
Outlet,6258,2816.1,Derived from Adidas master dataset
Outlet,7140,2784.6,Derived from Adidas master dataset
Outlet,6400,1856.0,Derived from Adidas master dataset
Outlet,6324,2909.04,Derived from Adidas master dataset
Outlet,7524,3310.56,Derived from Adidas master dataset
Outlet,4320,1598.4,Derived from Adidas master dataset
Outlet,4200,1932.0,Derived from Adidas master dataset
Outlet,4752,1758.24,Derived from Adidas master dataset
Outlet,6210,1863.0,Derived from Adidas master dataset
Outlet,5882,2705.72,Derived from Adidas master dataset
Outlet,5882,2470.44,Derived from Adidas master dataset
Outlet,3936,1495.68,Derived from Adidas master dataset
Outlet,3648,1605.12,Derived from Adidas master dataset
Outlet,4182,1672.8,Derived from Adidas master dataset
Outlet,5014,1554.34,Derived from Adidas master dataset
Outlet,6228,2615.76,Derived from Adidas master dataset
Outlet,7360,3238.4,Derived from Adidas master dataset
Outlet,5655,2262.0,Derived from Adidas master dataset
Outlet,5180,2382.8,Derived from Adidas master dataset
Outlet,5593,2125.34,Derived from Adidas master dataset
Outlet,7222,2094.38,Derived from Adidas master dataset
Outlet,8778,4125.66,Derived from Adidas master dataset
Outlet,8697,4087.59,Derived from Adidas master dataset
Outlet,5292,2222.64,Derived from Adidas master dataset
Outlet,5720,2459.6,Derived from Adidas master dataset
Outlet,5280,2006.4,Derived from Adidas master dataset
Outlet,7520,2256.0,Derived from Adidas master dataset
Outlet,9074,4264.78,Derived from Adidas master dataset
Outlet,7680,3072.0,Derived from Adidas master dataset
Outlet,6336,2027.52,Derived from Adidas master dataset
Outlet,5225,1828.75,Derived from Adidas master dataset
Outlet,8645,3371.55,Derived from Adidas master dataset
Outlet,8430,4467.9,Derived from Adidas master dataset
Outlet,11656,5594.88,Derived from Adidas master dataset
Outlet,6669,2534.22,Derived from Adidas master dataset
Outlet,5208,1562.4,Derived from Adidas master dataset
Outlet,1862,856.52,Derived from Adidas master dataset
Outlet,3536,1379.04,Derived from Adidas master dataset
Outlet,3200,1824.0,Derived from Adidas master dataset
Outlet,4460,2051.6,Derived from Adidas master dataset
Outlet,2560,998.4,Derived from Adidas master dataset
Outlet,1496,703.12,Derived from Adidas master dataset
Outlet,1275,573.75,Derived from Adidas master dataset
Outlet,2600,962.0,Derived from Adidas master dataset
Outlet,2312,1248.48,Derived from Adidas master dataset
Outlet,4237,1864.28,Derived from Adidas master dataset
Outlet,2320,928.0,Derived from Adidas master dataset
Outlet,1364,613.8,Derived from Adidas master dataset
Outlet,1536,660.48,Derived from Adidas master dataset
Outlet,2940,1176.0,Derived from Adidas master dataset
Outlet,3234,1714.02,Derived from Adidas master dataset
Outlet,6426,2698.92,Derived from Adidas master dataset
Outlet,3920,1607.2,Derived from Adidas master dataset
Outlet,3536,1520.48,Derived from Adidas master dataset
Outlet,2784,1280.64,Derived from Adidas master dataset
Outlet,4488,1795.2,Derived from Adidas master dataset
Outlet,5250,2940.0,Derived from Adidas master dataset
Outlet,8153,3587.32,Derived from Adidas master dataset
Outlet,4350,1696.5,Derived from Adidas master dataset
Outlet,5181,2383.26,Derived from Adidas master dataset
Outlet,5066,2178.38,Derived from Adidas master dataset
Outlet,6345,2411.1,Derived from Adidas master dataset
Outlet,11169,5919.57,Derived from Adidas master dataset
Outlet,13583,6248.18,Derived from Adidas master dataset
Outlet,8064,3064.32,Derived from Adidas master dataset
Outlet,6216,2610.72,Derived from Adidas master dataset
Outlet,4719,2029.17,Derived from Adidas master dataset
Outlet,6900,2553.0,Derived from Adidas master dataset
Outlet,10241,5427.73,Derived from Adidas master dataset
Outlet,10496,4723.2,Derived from Adidas master dataset
Outlet,8712,3571.92,Derived from Adidas master dataset
Outlet,6623,2914.12,Derived from Adidas master dataset
Outlet,4704,1975.68,Derived from Adidas master dataset
Outlet,5530,2322.6,Derived from Adidas master dataset
Outlet,8652,4758.6,Derived from Adidas master dataset
Outlet,9280,4083.2,Derived from Adidas master dataset
Outlet,5214,2137.74,Derived from Adidas master dataset
Outlet,2175,1022.25,Derived from Adidas master dataset
Outlet,1920,864.0,Derived from Adidas master dataset
Outlet,2904,1103.52,Derived from Adidas master dataset
Outlet,4160,2329.6,Derived from Adidas master dataset
Outlet,5184,2384.64,Derived from Adidas master dataset
Outlet,2805,1037.85,Derived from Adidas master dataset
Outlet,2280,1071.6,Derived from Adidas master dataset
Outlet,2180,981.0,Derived from Adidas master dataset
Outlet,2625,1102.5,Derived from Adidas master dataset
Outlet,4374,2361.96,Derived from Adidas master dataset
Outlet,4532,1994.08,Derived from Adidas master dataset
Outlet,2295,872.1,Derived from Adidas master dataset
Outlet,2618,1099.56,Derived from Adidas master dataset
Outlet,6579,2894.76,Derived from Adidas master dataset
Outlet,7788,3115.2,Derived from Adidas master dataset
Outlet,8568,4883.76,Derived from Adidas master dataset
Outlet,12288,5775.36,Derived from Adidas master dataset
Outlet,8844,3272.28,Derived from Adidas master dataset
Outlet,6794,3057.3,Derived from Adidas master dataset
Outlet,5863,2755.61,Derived from Adidas master dataset
Outlet,8478,3221.64,Derived from Adidas master dataset
Outlet,9434,5188.7,Derived from Adidas master dataset
Outlet,3655,1608.2,Derived from Adidas master dataset
Outlet,2430,972.0,Derived from Adidas master dataset
Outlet,1540,677.6,Derived from Adidas master dataset
Outlet,1326,623.22,Derived from Adidas master dataset
Outlet,3198,1215.24,Derived from Adidas master dataset
Outlet,2844,1222.92,Derived from Adidas master dataset
Outlet,3570,1606.5,Derived from Adidas master dataset
Outlet,1904,742.56,Derived from Adidas master dataset
Outlet,1496,628.32,Derived from Adidas master dataset
Outlet,1170,549.9,Derived from Adidas master dataset
Outlet,2553,944.61,Derived from Adidas master dataset
Outlet,2320,974.4,Derived from Adidas master dataset
Outlet,3090,1452.3,Derived from Adidas master dataset
Outlet,1498,554.26,Derived from Adidas master dataset
Outlet,896,403.2,Derived from Adidas master dataset
Outlet,1050,493.5,Derived from Adidas master dataset
Outlet,2112,844.8,Derived from Adidas master dataset
Outlet,2240,1030.4,Derived from Adidas master dataset
Outlet,3876,1744.2,Derived from Adidas master dataset
Outlet,2040,816.0,Derived from Adidas master dataset
Outlet,1056,496.32,Derived from Adidas master dataset
Outlet,1001,470.47,Derived from Adidas master dataset
Outlet,2325,860.25,Derived from Adidas master dataset
Outlet,2880,1267.2,Derived from Adidas master dataset
Outlet,5928,2726.88,Derived from Adidas master dataset
Outlet,3248,1364.16,Derived from Adidas master dataset
Outlet,3213,1413.72,Derived from Adidas master dataset
Outlet,2160,1015.2,Derived from Adidas master dataset
Outlet,3552,1385.28,Derived from Adidas master dataset
Outlet,4785,2248.95,Derived from Adidas master dataset
Outlet,6608,2907.52,Derived from Adidas master dataset
Outlet,3725,1452.75,Derived from Adidas master dataset
Outlet,3472,1562.4,Derived from Adidas master dataset
Outlet,3596,1582.24,Derived from Adidas master dataset
Outlet,4292,1673.88,Derived from Adidas master dataset
Outlet,7920,3405.6,Derived from Adidas master dataset
Outlet,10569,4438.98,Derived from Adidas master dataset
Outlet,5868,2171.16,Derived from Adidas master dataset
Outlet,4480,1971.2,Derived from Adidas master dataset
Outlet,4200,1806.0,Derived from Adidas master dataset
Outlet,5960,2384.0,Derived from Adidas master dataset
Outlet,9900,4554.0,Derived from Adidas master dataset
Outlet,10019,4508.55,Derived from Adidas master dataset
Outlet,6846,2669.94,Derived from Adidas master dataset
Outlet,5400,2376.0,Derived from Adidas master dataset
Outlet,3828,1722.6,Derived from Adidas master dataset
Outlet,4520,1672.4,Derived from Adidas master dataset
Outlet,7720,3628.4,Derived from Adidas master dataset
Outlet,7735,3326.05,Derived from Adidas master dataset
Outlet,3510,1439.1,Derived from Adidas master dataset
Outlet,1353,635.91,Derived from Adidas master dataset
Outlet,1248,524.16,Derived from Adidas master dataset
Outlet,1998,779.22,Derived from Adidas master dataset
Outlet,3080,1293.6,Derived from Adidas master dataset
Outlet,3780,1701.0,Derived from Adidas master dataset
Outlet,1848,739.2,Derived from Adidas master dataset
Outlet,1584,728.64,Derived from Adidas master dataset
Outlet,1410,634.5,Derived from Adidas master dataset
Outlet,1911,707.07,Derived from Adidas master dataset
Outlet,2640,1188.0,Derived from Adidas master dataset
Outlet,3168,1457.28,Derived from Adidas master dataset
Outlet,1276,535.92,Derived from Adidas master dataset
Outlet,1938,833.34,Derived from Adidas master dataset
Outlet,5248,2309.12,Derived from Adidas master dataset
Outlet,5880,2410.8,Derived from Adidas master dataset
Outlet,7155,3219.75,Derived from Adidas master dataset
Outlet,13090,6021.4,Derived from Adidas master dataset
Outlet,7130,2852.0,Derived from Adidas master dataset
Outlet,6407,2819.08,Derived from Adidas master dataset
Outlet,4960,2281.6,Derived from Adidas master dataset
Outlet,6600,2640.0,Derived from Adidas master dataset
Outlet,9350,4207.5,Derived from Adidas master dataset
Outlet,3026,1422.22,Derived from Adidas master dataset
Outlet,2232,848.16,Derived from Adidas master dataset
Outlet,1310,563.3,Derived from Adidas master dataset
Outlet,962,413.66,Derived from Adidas master dataset
Outlet,2093,858.13,Derived from Adidas master dataset
Outlet,2232,1004.4,Derived from Adidas master dataset
Outlet,3708,1631.52,Derived from Adidas master dataset
Outlet,1411,550.29,Derived from Adidas master dataset
Outlet,1176,552.72,Derived from Adidas master dataset
Outlet,870,400.2,Derived from Adidas master dataset
Outlet,2040,816.0,Derived from Adidas master dataset
Outlet,1568,721.28,Derived from Adidas master dataset
Outlet,2548,1172.08,Derived from Adidas master dataset
Outlet,1170,479.7,Derived from Adidas master dataset
Outlet,581,261.45,Derived from Adidas master dataset
Outlet,624,293.28,Derived from Adidas master dataset
Outlet,1586,666.12,Derived from Adidas master dataset
Outlet,1584,728.64,Derived from Adidas master dataset
Outlet,3680,1692.8,Derived from Adidas master dataset
Outlet,1422,554.58,Derived from Adidas master dataset
Outlet,700,322.0,Derived from Adidas master dataset
Outlet,705,303.15,Derived from Adidas master dataset
Outlet,1458,568.62,Derived from Adidas master dataset
Outlet,2442,1050.06,Derived from Adidas master dataset
Outlet,5012,2155.16,Derived from Adidas master dataset
Outlet,2697,1024.86,Derived from Adidas master dataset
Outlet,2376,997.92,Derived from Adidas master dataset
Outlet,1924,808.08,Derived from Adidas master dataset
Outlet,2640,1082.4,Derived from Adidas master dataset
Outlet,3828,1722.6,Derived from Adidas master dataset
Outlet,6144,2826.24,Derived from Adidas master dataset
Outlet,3075,1199.25,Derived from Adidas master dataset
Outlet,2889,1242.27,Derived from Adidas master dataset
Outlet,2958,1331.1,Derived from Adidas master dataset
Outlet,4305,1635.9,Derived from Adidas master dataset
Outlet,5720,2402.4,Derived from Adidas master dataset
Outlet,10234,4298.28,Derived from Adidas master dataset
Outlet,4725,1795.5,Derived from Adidas master dataset
Outlet,4323,1858.89,Derived from Adidas master dataset
Outlet,3852,1771.92,Derived from Adidas master dataset
Outlet,4988,2045.08,Derived from Adidas master dataset
Outlet,7335,3447.45,Derived from Adidas master dataset
Outlet,9430,3960.6,Derived from Adidas master dataset
Outlet,5180,2175.6,Derived from Adidas master dataset
Outlet,4294,2018.18,Derived from Adidas master dataset
Outlet,3552,1491.84,Derived from Adidas master dataset
Outlet,4200,1554.0,Derived from Adidas master dataset
Outlet,6640,3120.8,Derived from Adidas master dataset
Outlet,6860,3155.6,Derived from Adidas master dataset
Outlet,3584,1469.44,Derived from Adidas master dataset
Outlet,1092,458.64,Derived from Adidas master dataset
Outlet,996,418.32,Derived from Adidas master dataset
Outlet,1560,592.8,Derived from Adidas master dataset
Outlet,2737,1286.39,Derived from Adidas master dataset
Outlet,3460,1626.2,Derived from Adidas master dataset
Outlet,1568,658.56,Derived from Adidas master dataset
Outlet,1036,435.12,Derived from Adidas master dataset
Outlet,930,390.6,Derived from Adidas master dataset
Outlet,1496,568.48,Derived from Adidas master dataset
Outlet,2222,1044.34,Derived from Adidas master dataset
Outlet,2656,1168.64,Derived from Adidas master dataset
Outlet,1056,401.28,Derived from Adidas master dataset
Outlet,1539,661.77,Derived from Adidas master dataset
Outlet,3330,1565.1,Derived from Adidas master dataset
Outlet,5100,2040.0,Derived from Adidas master dataset
Outlet,7680,3302.4,Derived from Adidas master dataset
Outlet,11000,4620.0,Derived from Adidas master dataset
Outlet,7003,2661.14,Derived from Adidas master dataset
Outlet,5764,2593.8,Derived from Adidas master dataset
Outlet,5130,2308.5,Derived from Adidas master dataset
Outlet,5390,2156.0,Derived from Adidas master dataset
Outlet,6528,2807.04,Derived from Adidas master dataset
Outlet,2992,1136.96,Derived from Adidas master dataset
Outlet,1680,638.4,Derived from Adidas master dataset
Outlet,1392,556.8,Derived from Adidas master dataset
Outlet,1120,448.0,Derived from Adidas master dataset
Outlet,2464,1010.24,Derived from Adidas master dataset
Outlet,2023,748.51,Derived from Adidas master dataset
Outlet,3672,1468.8,Derived from Adidas master dataset
Outlet,1275,522.75,Derived from Adidas master dataset
Outlet,990,386.1,Derived from Adidas master dataset
Outlet,936,308.88,Derived from Adidas master dataset
Outlet,2574,952.38,Derived from Adidas master dataset
Outlet,3072,1198.08,Derived from Adidas master dataset
Outlet,4732,2034.76,Derived from Adidas master dataset
Outlet,2176,979.2,Derived from Adidas master dataset
Outlet,1725,552.0,Derived from Adidas master dataset
Outlet,918,293.76,Derived from Adidas master dataset
Outlet,2067,702.78,Derived from Adidas master dataset
Outlet,2465,961.35,Derived from Adidas master dataset
Outlet,4340,1996.4,Derived from Adidas master dataset
Outlet,1920,844.8,Derived from Adidas master dataset
Outlet,1280,460.8,Derived from Adidas master dataset
Outlet,1066,341.12,Derived from Adidas master dataset
Outlet,1480,503.2,Derived from Adidas master dataset
Outlet,2444,1026.48,Derived from Adidas master dataset
Outlet,7640,3361.6,Derived from Adidas master dataset
Outlet,2905,1278.2,Derived from Adidas master dataset
Outlet,2656,903.04,Derived from Adidas master dataset
Outlet,2368,781.44,Derived from Adidas master dataset
Outlet,3071,1074.85,Derived from Adidas master dataset
Outlet,5248,2204.16,Derived from Adidas master dataset
Outlet,8240,3872.8,Derived from Adidas master dataset
Outlet,4712,2214.64,Derived from Adidas master dataset
Outlet,3360,1108.8,Derived from Adidas master dataset
Outlet,2975,1041.25,Derived from Adidas master dataset
Outlet,3276,1048.32,Derived from Adidas master dataset
Outlet,4992,1946.88,Derived from Adidas master dataset
Outlet,8190,3685.5,Derived from Adidas master dataset
Outlet,4560,1915.2,Derived from Adidas master dataset
Outlet,3219,1094.46,Derived from Adidas master dataset
Outlet,3196,1150.56,Derived from Adidas master dataset
Outlet,3999,1319.67,Derived from Adidas master dataset
Outlet,6080,2310.4,Derived from Adidas master dataset
Outlet,7760,3259.2,Derived from Adidas master dataset
Outlet,4352,1871.36,Derived from Adidas master dataset
Outlet,3852,1348.2,Derived from Adidas master dataset
Outlet,2304,760.32,Derived from Adidas master dataset
Outlet,2666,879.78,Derived from Adidas master dataset
Outlet,5456,2073.28,Derived from Adidas master dataset
Outlet,7310,3435.7,Derived from Adidas master dataset
Outlet,3720,1748.4,Derived from Adidas master dataset
Outlet,2112,675.84,Derived from Adidas master dataset
Outlet,1740,591.6,Derived from Adidas master dataset
Outlet,2378,856.08,Derived from Adidas master dataset
Outlet,3735,1568.7,Derived from Adidas master dataset
Outlet,7038,2955.96,Derived from Adidas master dataset
Outlet,3666,1613.04,Derived from Adidas master dataset
Outlet,2196,812.52,Derived from Adidas master dataset
Outlet,1935,696.6,Derived from Adidas master dataset
Outlet,2250,742.5,Derived from Adidas master dataset
Outlet,4324,1816.08,Derived from Adidas master dataset
Outlet,7599,3267.57,Derived from Adidas master dataset
Outlet,3885,1787.1,Derived from Adidas master dataset
Outlet,3708,1371.96,Derived from Adidas master dataset
Outlet,3237,1197.69,Derived from Adidas master dataset
Outlet,3872,1393.92,Derived from Adidas master dataset
Outlet,6032,2352.48,Derived from Adidas master dataset
Outlet,7785,3269.7,Derived from Adidas master dataset
Outlet,4847,2181.15,Derived from Adidas master dataset
Outlet,4988,1646.04,Derived from Adidas master dataset
Outlet,3648,1276.8,Derived from Adidas master dataset
Outlet,4158,1455.3,Derived from Adidas master dataset
Outlet,6240,2308.8,Derived from Adidas master dataset
Outlet,3427,1439.34,Derived from Adidas master dataset
Outlet,2212,884.8,Derived from Adidas master dataset
Outlet,1368,574.56,Derived from Adidas master dataset
Outlet,576,264.96,Derived from Adidas master dataset
Outlet,1496,538.56,Derived from Adidas master dataset
Outlet,1872,879.84,Derived from Adidas master dataset
Outlet,3888,1555.2,Derived from Adidas master dataset
Outlet,984,383.76,Derived from Adidas master dataset
Outlet,954,410.22,Derived from Adidas master dataset
Outlet,320,144.0,Derived from Adidas master dataset
Outlet,1360,489.6,Derived from Adidas master dataset
Outlet,2079,977.13,Derived from Adidas master dataset
Outlet,4056,1500.72,Derived from Adidas master dataset
Outlet,1215,473.85,Derived from Adidas master dataset
Outlet,952,447.44,Derived from Adidas master dataset
Outlet,160,75.2,Derived from Adidas master dataset
Outlet,825,297.0,Derived from Adidas master dataset
Outlet,1450,638.0,Derived from Adidas master dataset
Outlet,3696,1552.32,Derived from Adidas master dataset
Outlet,920,368.0,Derived from Adidas master dataset
Outlet,704,295.68,Derived from Adidas master dataset
Outlet,357,160.65,Derived from Adidas master dataset
Outlet,495,158.4,Derived from Adidas master dataset
Outlet,1560,686.4,Derived from Adidas master dataset
Outlet,5850,2398.5,Derived from Adidas master dataset
Outlet,1856,686.72,Derived from Adidas master dataset
Outlet,1920,806.4,Derived from Adidas master dataset
Outlet,1377,633.42,Derived from Adidas master dataset
Outlet,2160,799.2,Derived from Adidas master dataset
Outlet,3348,1473.12,Derived from Adidas master dataset
Outlet,6336,2534.4,Derived from Adidas master dataset
Outlet,3675,1433.25,Derived from Adidas master dataset
Outlet,2368,994.56,Derived from Adidas master dataset
Outlet,1820,837.2,Derived from Adidas master dataset
Outlet,2574,900.9,Derived from Adidas master dataset
Outlet,5117,2302.65,Derived from Adidas master dataset
Outlet,6574,2498.12,Derived from Adidas master dataset
Outlet,3648,1349.76,Derived from Adidas master dataset
Outlet,2106,947.7,Derived from Adidas master dataset
Outlet,1860,855.6,Derived from Adidas master dataset
Outlet,2244,762.96,Derived from Adidas master dataset
Outlet,5168,2170.56,Derived from Adidas master dataset
Outlet,6916,2835.56,Derived from Adidas master dataset
Outlet,3441,1307.58,Derived from Adidas master dataset
Outlet,2550,1096.5,Derived from Adidas master dataset
Outlet,1363,586.09,Derived from Adidas master dataset
Outlet,1480,532.8,Derived from Adidas master dataset
Outlet,3648,1714.56,Derived from Adidas master dataset
Outlet,4992,2096.64,Derived from Adidas master dataset
Outlet,2370,876.9,Derived from Adidas master dataset
Outlet,1131,486.33,Derived from Adidas master dataset
Outlet,960,441.6,Derived from Adidas master dataset
Outlet,1122,403.92,Derived from Adidas master dataset
Outlet,2624,1180.8,Derived from Adidas master dataset
Outlet,4181,1714.21,Derived from Adidas master dataset
Outlet,2584,981.92,Derived from Adidas master dataset
Outlet,1200,528.0,Derived from Adidas master dataset
Outlet,897,403.65,Derived from Adidas master dataset
Outlet,920,303.6,Derived from Adidas master dataset
Outlet,3102,1364.88,Derived from Adidas master dataset
Outlet,4200,1764.0,Derived from Adidas master dataset
Outlet,2960,1243.2,Derived from Adidas master dataset
Outlet,2516,1132.2,Derived from Adidas master dataset
Outlet,2448,1101.6,Derived from Adidas master dataset
Outlet,2623,865.59,Derived from Adidas master dataset
Outlet,3818,1679.92,Derived from Adidas master dataset
Outlet,7680,2995.2,Derived from Adidas master dataset
Outlet,3774,1396.38,Derived from Adidas master dataset
Outlet,3520,1654.4,Derived from Adidas master dataset
Outlet,2618,1125.74,Derived from Adidas master dataset
Outlet,3034,1122.58,Derived from Adidas master dataset
Outlet,5661,2434.23,Derived from Adidas master dataset
Outlet,3920,1293.6,Derived from Adidas master dataset
Outlet,2464,837.76,Derived from Adidas master dataset
Outlet,1650,478.5,Derived from Adidas master dataset
Outlet,825,255.75,Derived from Adidas master dataset
Outlet,1833,586.56,Derived from Adidas master dataset
Outlet,2158,733.72,Derived from Adidas master dataset
Outlet,4030,1491.1,Derived from Adidas master dataset
Outlet,1643,575.05,Derived from Adidas master dataset
Outlet,1680,487.2,Derived from Adidas master dataset
Outlet,2025,648.0,Derived from Adidas master dataset
Outlet,1908,515.16,Derived from Adidas master dataset
Outlet,2400,768.0,Derived from Adidas master dataset
Outlet,4340,1475.6,Derived from Adidas master dataset
Outlet,1891,642.94,Derived from Adidas master dataset
Outlet,1380,441.6,Derived from Adidas master dataset
Outlet,2325,651.0,Derived from Adidas master dataset
Outlet,1116,334.8,Derived from Adidas master dataset
Outlet,2108,779.96,Derived from Adidas master dataset
Outlet,4172,1376.76,Derived from Adidas master dataset
Outlet,1428,514.08,Derived from Adidas master dataset
Outlet,1122,347.82,Derived from Adidas master dataset
Outlet,897,251.16,Derived from Adidas master dataset
Outlet,1452,392.04,Derived from Adidas master dataset
Outlet,2820,1015.2,Derived from Adidas master dataset
Outlet,7093,2553.48,Derived from Adidas master dataset
Outlet,2312,832.32,Derived from Adidas master dataset
Outlet,2040,632.4,Derived from Adidas master dataset
Outlet,1728,518.4,Derived from Adidas master dataset
Outlet,2340,655.2,Derived from Adidas master dataset
Outlet,4472,1520.48,Derived from Adidas master dataset
Outlet,7644,2675.4,Derived from Adidas master dataset
Outlet,4104,1313.28,Derived from Adidas master dataset
Outlet,2700,837.0,Derived from Adidas master dataset
Outlet,2448,685.44,Derived from Adidas master dataset
Outlet,2886,923.52,Derived from Adidas master dataset
Outlet,5640,1974.0,Derived from Adidas master dataset
Outlet,6660,2197.8,Derived from Adidas master dataset
Outlet,3780,1398.6,Derived from Adidas master dataset
Outlet,2816,844.8,Derived from Adidas master dataset
Outlet,2618,837.76,Derived from Adidas master dataset
Outlet,3280,1016.8,Derived from Adidas master dataset
Outlet,5412,1731.84,Derived from Adidas master dataset
Outlet,7840,2587.2,Derived from Adidas master dataset
Outlet,3696,1182.72,Derived from Adidas master dataset
Outlet,2465,764.15,Derived from Adidas master dataset
Outlet,1798,503.44,Derived from Adidas master dataset
Outlet,2040,550.8,Derived from Adidas master dataset
Outlet,4508,1577.8,Derived from Adidas master dataset
Outlet,5508,1872.72,Derived from Adidas master dataset
Outlet,3080,1139.6,Derived from Adidas master dataset
Outlet,1410,423.0,Derived from Adidas master dataset
Outlet,1326,358.02,Derived from Adidas master dataset
Outlet,1599,495.69,Derived from Adidas master dataset
Outlet,3157,1041.81,Derived from Adidas master dataset
Outlet,5280,1742.4,Derived from Adidas master dataset
Outlet,2516,880.6,Derived from Adidas master dataset
Outlet,1558,467.4,Derived from Adidas master dataset
Outlet,1216,328.32,Derived from Adidas master dataset
Outlet,1734,485.52,Derived from Adidas master dataset
Outlet,3468,1213.8,Derived from Adidas master dataset
Outlet,5880,2058.0,Derived from Adidas master dataset
Outlet,4080,1428.0,Derived from Adidas master dataset
Outlet,4004,1201.2,Derived from Adidas master dataset
Outlet,3486,1010.94,Derived from Adidas master dataset
Outlet,3900,1248.0,Derived from Adidas master dataset
Outlet,5904,2066.4,Derived from Adidas master dataset
Outlet,9078,3177.3,Derived from Adidas master dataset
Outlet,4181,1337.92,Derived from Adidas master dataset
Outlet,4032,1088.64,Derived from Adidas master dataset
Outlet,4515,1264.2,Derived from Adidas master dataset
Outlet,4680,1357.2,Derived from Adidas master dataset
Outlet,6528,2154.24,Derived from Adidas master dataset
Outlet,6265,3257.8,Derived from Adidas master dataset
Outlet,3852,1887.48,Derived from Adidas master dataset
Outlet,2727,1090.8,Derived from Adidas master dataset
Outlet,1537,599.43,Derived from Adidas master dataset
Outlet,2590,1061.9,Derived from Adidas master dataset
Outlet,3536,1520.48,Derived from Adidas master dataset
Outlet,6072,2853.84,Derived from Adidas master dataset
Outlet,2376,1116.72,Derived from Adidas master dataset
Outlet,2125,850.0,Derived from Adidas master dataset
Outlet,1440,547.2,Derived from Adidas master dataset
Outlet,2448,954.72,Derived from Adidas master dataset
Outlet,3745,1760.15,Derived from Adidas master dataset
Outlet,6475,3172.75,Derived from Adidas master dataset
Outlet,2880,1440.0,Derived from Adidas master dataset
Outlet,1955,742.9,Derived from Adidas master dataset
Outlet,1170,468.0,Derived from Adidas master dataset
Outlet,2016,786.24,Derived from Adidas master dataset
Outlet,2784,1280.64,Derived from Adidas master dataset
Outlet,5040,2620.8,Derived from Adidas master dataset
Outlet,2380,1118.6,Derived from Adidas master dataset
Outlet,1850,777.0,Derived from Adidas master dataset
Outlet,1500,600.0,Derived from Adidas master dataset
Outlet,2173,912.66,Derived from Adidas master dataset
Outlet,3240,1425.6,Derived from Adidas master dataset
Outlet,8496,4332.96,Derived from Adidas master dataset
Outlet,3854,1965.54,Derived from Adidas master dataset
Outlet,3552,1314.24,Derived from Adidas master dataset
Outlet,3320,1328.0,Derived from Adidas master dataset
Outlet,4186,1716.26,Derived from Adidas master dataset
Outlet,5640,2594.4,Derived from Adidas master dataset
Outlet,9165,4490.85,Derived from Adidas master dataset
Outlet,5280,2640.0,Derived from Adidas master dataset
Outlet,3640,1419.6,Derived from Adidas master dataset
Outlet,3876,1550.4,Derived from Adidas master dataset
Outlet,4620,1894.2,Derived from Adidas master dataset
Outlet,7742,3483.9,Derived from Adidas master dataset
Outlet,9405,4890.6,Derived from Adidas master dataset
Outlet,6090,3045.0,Derived from Adidas master dataset
Outlet,3597,1330.89,Derived from Adidas master dataset
Outlet,3456,1451.52,Derived from Adidas master dataset
Outlet,4446,1689.48,Derived from Adidas master dataset
Outlet,8575,4030.25,Derived from Adidas master dataset
Outlet,9030,4605.3,Derived from Adidas master dataset
Outlet,6407,3331.64,Derived from Adidas master dataset
Outlet,3944,1538.16,Derived from Adidas master dataset
Outlet,3400,1428.0,Derived from Adidas master dataset
Outlet,3096,1207.44,Derived from Adidas master dataset
Outlet,5984,2573.12,Derived from Adidas master dataset
Outlet,7876,3859.24,Derived from Adidas master dataset
Outlet,4662,2377.62,Derived from Adidas master dataset
Outlet,2880,1209.6,Derived from Adidas master dataset
Outlet,2310,924.0,Derived from Adidas master dataset
Outlet,3264,1207.68,Derived from Adidas master dataset
Outlet,4185,1925.1,Derived from Adidas master dataset
Outlet,6908,3246.76,Derived from Adidas master dataset
Outlet,4356,2134.44,Derived from Adidas master dataset
Outlet,2640,976.8,Derived from Adidas master dataset
Outlet,2806,1038.22,Derived from Adidas master dataset
Outlet,3190,1180.3,Derived from Adidas master dataset
Outlet,4860,2235.6,Derived from Adidas master dataset
Outlet,7560,3780.0,Derived from Adidas master dataset
Outlet,4606,2256.94,Derived from Adidas master dataset
Outlet,4692,1736.04,Derived from Adidas master dataset
Outlet,4032,1572.48,Derived from Adidas master dataset
Outlet,4550,1774.5,Derived from Adidas master dataset
Outlet,7296,3429.12,Derived from Adidas master dataset
Outlet,8928,4285.44,Derived from Adidas master dataset
Outlet,5412,2760.12,Derived from Adidas master dataset
Outlet,5764,2305.6,Derived from Adidas master dataset
Outlet,4444,1866.48,Derived from Adidas master dataset
Outlet,4992,2096.64,Derived from Adidas master dataset
Outlet,8700,4089.0,Derived from Adidas master dataset
Outlet,5882,2529.26,Derived from Adidas master dataset
Outlet,4329,1861.47,Derived from Adidas master dataset
Outlet,2828,1018.08,Derived from Adidas master dataset
Outlet,2160,691.2,Derived from Adidas master dataset
Outlet,3182,1050.06,Derived from Adidas master dataset
Outlet,3535,1414.0,Derived from Adidas master dataset
Outlet,6324,2782.56,Derived from Adidas master dataset
Outlet,3145,1352.35,Derived from Adidas master dataset
Outlet,2976,1011.84,Derived from Adidas master dataset
Outlet,2108,716.72,Derived from Adidas master dataset
Outlet,3936,1298.88,Derived from Adidas master dataset
Outlet,4464,1785.6,Derived from Adidas master dataset
Outlet,7332,3372.72,Derived from Adidas master dataset
Outlet,3168,1457.28,Derived from Adidas master dataset
Outlet,3360,1142.4,Derived from Adidas master dataset
Outlet,1485,549.45,Derived from Adidas master dataset
Outlet,2820,930.6,Derived from Adidas master dataset
Outlet,3564,1354.32,Derived from Adidas master dataset
Outlet,6171,2591.82,Derived from Adidas master dataset
Outlet,3230,1356.6,Derived from Adidas master dataset
Outlet,2080,707.2,Derived from Adidas master dataset
Outlet,1855,593.6,Derived from Adidas master dataset
Outlet,2440,805.2,Derived from Adidas master dataset
Outlet,3333,1233.21,Derived from Adidas master dataset
Outlet,9212,3961.16,Derived from Adidas master dataset
Outlet,3720,1599.6,Derived from Adidas master dataset
Outlet,4242,1442.28,Derived from Adidas master dataset
Outlet,3731,1268.54,Derived from Adidas master dataset
Outlet,4680,1497.6,Derived from Adidas master dataset
Outlet,6440,2511.6,Derived from Adidas master dataset
Outlet,9504,4371.84,Derived from Adidas master dataset
Outlet,5600,2632.0,Derived from Adidas master dataset
Outlet,4687,1687.32,Derived from Adidas master dataset
Outlet,3848,1308.32,Derived from Adidas master dataset
Outlet,5358,1982.46,Derived from Adidas master dataset
Outlet,8100,3402.0,Derived from Adidas master dataset
Outlet,10976,4609.92,Derived from Adidas master dataset
Outlet,7003,3081.32,Derived from Adidas master dataset
Outlet,4736,1704.96,Derived from Adidas master dataset
Outlet,4173,1460.55,Derived from Adidas master dataset
Outlet,5593,2069.41,Derived from Adidas master dataset
Outlet,7661,3064.4,Derived from Adidas master dataset
Outlet,9744,4482.24,Derived from Adidas master dataset
Outlet,5265,2474.55,Derived from Adidas master dataset
Outlet,4407,1542.45,Derived from Adidas master dataset
Outlet,3696,1182.72,Derived from Adidas master dataset
Outlet,3600,1188.0,Derived from Adidas master dataset
Outlet,6670,2467.9,Derived from Adidas master dataset
Outlet,9843,4330.92,Derived from Adidas master dataset
Outlet,4988,2094.96,Derived from Adidas master dataset
Outlet,3354,1106.82,Derived from Adidas master dataset
Outlet,3034,1122.58,Derived from Adidas master dataset
Outlet,3360,1209.6,Derived from Adidas master dataset
Outlet,5512,2039.44,Derived from Adidas master dataset
Outlet,8424,3538.08,Derived from Adidas master dataset
Outlet,4356,1916.64,Derived from Adidas master dataset
Outlet,3120,1029.6,Derived from Adidas master dataset
Outlet,2684,858.88,Derived from Adidas master dataset
Outlet,2900,928.0,Derived from Adidas master dataset
Outlet,5760,2246.4,Derived from Adidas master dataset
Outlet,8791,3780.13,Derived from Adidas master dataset
Outlet,4788,2058.84,Derived from Adidas master dataset
Outlet,5814,2034.9,Derived from Adidas master dataset
Outlet,4902,1666.68,Derived from Adidas master dataset
Outlet,5664,1925.76,Derived from Adidas master dataset
Outlet,7320,3001.2,Derived from Adidas master dataset
Outlet,9800,4606.0,Derived from Adidas master dataset
Outlet,6272,2634.24,Derived from Adidas master dataset
Outlet,6016,2165.76,Derived from Adidas master dataset
Outlet,5684,1989.4,Derived from Adidas master dataset
Outlet,6150,2275.5,Derived from Adidas master dataset
Outlet,8784,3513.6,Derived from Adidas master dataset
Outlet,5940,2197.8,Derived from Adidas master dataset
Outlet,3348,1339.2,Derived from Adidas master dataset
Outlet,3465,935.55,Derived from Adidas master dataset
Outlet,1683,471.24,Derived from Adidas master dataset
Outlet,3200,896.0,Derived from Adidas master dataset
Outlet,4305,1377.6,Derived from Adidas master dataset
Outlet,7544,2791.28,Derived from Adidas master dataset
Outlet,2940,1234.8,Derived from Adidas master dataset
Outlet,2407,649.89,Derived from Adidas master dataset
