Scenario,Simulation_Run,Demand_Units,Opening_Inventory,Selling_Price_INR,Unit_Cost_INR,Data_Type,Note
Low Demand,1,610.91,1400,500,250,Synthetic Academic Simulation,Demand values are simulated for inventory/demand scenario analysis.
Low Demand,2,858.8,1400,500,250,Synthetic Academic Simulation,Demand values are simulated for inventory/demand scenario analysis.
Low Demand,3,817.15,1400,500,250,Synthetic Academic Simulation,Demand values are simulated for inventory/demand scenario analysis.
Low Demand,4,856.57,1400,500,250,Synthetic Academic Simulation,Demand values are simulated for inventory/demand scenario analysis.
Low Demand,5,870.74,1400,500,250,Synthetic Academic Simulation,Demand values are simulated for inventory/demand scenario analysis.
Low Demand,6,659.95,1400,500,250,Synthetic Academic Simulation,Demand values are simulated for inventory/demand scenario analysis.
Low Demand,7,653.67,1400,500,250,Synthetic Academic Simulation,Demand values are simulated for inventory/demand scenario analysis.
Low Demand,8,907.24,1400,500,250,Synthetic Academic Simulation,Demand values are simulated for inventory/demand scenario analysis.
Low Demand,9,705.6,1400,500,250,Synthetic Academic Simulation,Demand values are simulated for inventory/demand scenario analysis.
Low Demand,10,387.48,1400,500,250,Synthetic Academic Simulation,Demand values are simulated for inventory/demand scenario analysis.
Low Demand,11,897.31,1400,500,250,Synthetic Academic Simulation,Demand values are simulated for inventory/demand scenario analysis.
Low Demand,12,644.56,1400,500,250,Synthetic Academic Simulation,Demand values are simulated for inventory/demand scenario analysis.
Low Demand,13,870.07,1400,500,250,Synthetic Academic Simulation,Demand values are simulated for inventory/demand scenario analysis.
Low Demand,14,1008.92,1400,500,250,Synthetic Academic Simulation,Demand values are simulated for inventory/demand scenario analysis.
Low Demand,15,802.51,1400,500,250,Synthetic Academic Simulation,Demand values are simulated for inventory/demand scenario analysis.
Low Demand,16,949.36,1400,500,250,Synthetic Academic Simulation,Demand values are simulated for inventory/demand scenario analysis.
Low Demand,17,823.07,1400,500,250,Synthetic Academic Simulation,Demand values are simulated for inventory/demand scenario analysis.
Low Demand,18,1038.11,1400,500,250,Synthetic Academic Simulation,Demand values are simulated for inventory/demand scenario analysis.
Low Demand,19,640.68,1400,500,250,Synthetic Academic Simulation,Demand values are simulated for inventory/demand scenario analysis.
Low Demand,20,798.77,1400,500,250,Synthetic Academic Simulation,Demand values are simulated for inventory/demand scenario analysis.
Low Demand,21,900.97,1400,500,250,Synthetic Academic Simulation,Demand values are simulated for inventory/demand scenario analysis.
Low Demand,22,771.44,1400,500,250,Synthetic Academic Simulation,Demand values are simulated for inventory/demand scenario analysis.
Low Demand,23,972.83,1400,500,250,Synthetic Academic Simulation,Demand values are simulated for inventory/demand scenario analysis.
Low Demand,24,735.19,1400,500,250,Synthetic Academic Simulation,Demand values are simulated for inventory/demand scenario analysis.
Low Demand,25,1110.41,1400,500,250,Synthetic Academic Simulation,Demand values are simulated for inventory/demand scenario analysis.
Low Demand,26,1118.33,1400,500,250,Synthetic Academic Simulation,Demand values are simulated for inventory/demand scenario analysis.
Low Demand,27,842.31,1400,500,250,Synthetic Academic Simulation,Demand values are simulated for inventory/demand scenario analysis.
Low Demand,28,882.89,1400,500,250,Synthetic Academic Simulation,Demand values are simulated for inventory/demand scenario analysis.
Low Demand,29,978.75,1400,500,250,Synthetic Academic Simulation,Demand values are simulated for inventory/demand scenario analysis.
Low Demand,30,621.92,1400,500,250,Synthetic Academic Simulation,Demand values are simulated for inventory/demand scenario analysis.
Low Demand,31,603.2,1400,500,250,Synthetic Academic Simulation,Demand values are simulated for inventory/demand scenario analysis.
Low Demand,32,988.46,1400,500,250,Synthetic Academic Simulation,Demand values are simulated for inventory/demand scenario analysis.
Low Demand,33,841.1,1400,500,250,Synthetic Academic Simulation,Demand values are simulated for inventory/demand scenario analysis.
Low Demand,34,766.02,1400,500,250,Synthetic Academic Simulation,Demand values are simulated for inventory/demand scenario analysis.
Low Demand,35,801.67,1400,500,250,Synthetic Academic Simulation,Demand values are simulated for inventory/demand scenario analysis.
Low Demand,36,442.09,1400,500,250,Synthetic Academic Simulation,Demand values are simulated for inventory/demand scenario analysis.
Low Demand,37,771.42,1400,500,250,Synthetic Academic Simulation,Demand values are simulated for inventory/demand scenario analysis.
Low Demand,38,687.04,1400,500,250,Synthetic Academic Simulation,Demand values are simulated for inventory/demand scenario analysis.
Low Demand,39,937.71,1400,500,250,Synthetic Academic Simulation,Demand values are simulated for inventory/demand scenario analysis.
Low Demand,40,949.25,1400,500,250,Synthetic Academic Simulation,Demand values are simulated for inventory/demand scenario analysis.
Low Demand,41,886.5,1400,500,250,Synthetic Academic Simulation,Demand values are simulated for inventory/demand scenario analysis.
Low Demand,42,859.32,1400,500,250,Synthetic Academic Simulation,Demand values are simulated for inventory/demand scenario analysis.
Low Demand,43,575.4,1400,500,250,Synthetic Academic Simulation,Demand values are simulated for inventory/demand scenario analysis.
Low Demand,44,888.6,1400,500,250,Synthetic Academic Simulation,Demand values are simulated for inventory/demand scenario analysis.
Low Demand,45,894.41,1400,500,250,Synthetic Academic Simulation,Demand values are simulated for inventory/demand scenario analysis.
Low Demand,46,986.78,1400,500,250,Synthetic Academic Simulation,Demand values are simulated for inventory/demand scenario analysis.
Low Demand,47,1117.73,1400,500,250,Synthetic Academic Simulation,Demand values are simulated for inventory/demand scenario analysis.
Low Demand,48,546.12,1400,500,250,Synthetic Academic Simulation,Demand values are simulated for inventory/demand scenario analysis.
Low Demand,49,741.73,1400,500,250,Synthetic Academic Simulation,Demand values are simulated for inventory/demand scenario analysis.
Low Demand,50,688.66,1400,500,250,Synthetic Academic Simulation,Demand values are simulated for inventory/demand scenario analysis.
Low Demand,51,825.88,1400,500,250,Synthetic Academic Simulation,Demand values are simulated for inventory/demand scenario analysis.
Low Demand,52,802.01,1400,500,250,Synthetic Academic Simulation,Demand values are simulated for inventory/demand scenario analysis.
Low Demand,53,764.89,1400,500,250,Synthetic Academic Simulation,Demand values are simulated for inventory/demand scenario analysis.
Low Demand,54,954.14,1400,500,250,Synthetic Academic Simulation,Demand values are simulated for inventory/demand scenario analysis.
Low Demand,55,634.79,1400,500,250,Synthetic Academic Simulation,Demand values are simulated for inventory/demand scenario analysis.
Low Demand,56,643.83,1400,500,250,Synthetic Academic Simulation,Demand values are simulated for inventory/demand scenario analysis.
Low Demand,57,646.37,1400,500,250,Synthetic Academic Simulation,Demand values are simulated for inventory/demand scenario analysis.
Low Demand,58,745.95,1400,500,250,Synthetic Academic Simulation,Demand values are simulated for inventory/demand scenario analysis.
Low Demand,59,615.71,1400,500,250,Synthetic Academic Simulation,Demand values are simulated for inventory/demand scenario analysis.
Low Demand,60,792.71,1400,500,250,Synthetic Academic Simulation,Demand values are simulated for inventory/demand scenario analysis.
Low Demand,61,775.18,1400,500,250,Synthetic Academic Simulation,Demand values are simulated for inventory/demand scenario analysis.
Low Demand,62,682.02,1400,500,250,Synthetic Academic Simulation,Demand values are simulated for inventory/demand scenario analysis.
Low Demand,63,931.06,1400,500,250,Synthetic Academic Simulation,Demand values are simulated for inventory/demand scenario analysis.
Low Demand,64,791.07,1400,500,250,Synthetic Academic Simulation,Demand values are simulated for inventory/demand scenario analysis.
Low Demand,65,959.4,1400,500,250,Synthetic Academic Simulation,Demand values are simulated for inventory/demand scenario analysis.
Low Demand,66,770.74,1400,500,250,Synthetic Academic Simulation,Demand values are simulated for inventory/demand scenario analysis.
Low Demand,67,796.37,1400,500,250,Synthetic Academic Simulation,Demand values are simulated for inventory/demand scenario analysis.
Low Demand,68,715.58,1400,500,250,Synthetic Academic Simulation,Demand values are simulated for inventory/demand scenario analysis.
Low Demand,69,798.94,1400,500,250,Synthetic Academic Simulation,Demand values are simulated for inventory/demand scenario analysis.
Low Demand,70,906.83,1400,500,250,Synthetic Academic Simulation,Demand values are simulated for inventory/demand scenario analysis.
Low Demand,71,738.3,1400,500,250,Synthetic Academic Simulation,Demand values are simulated for inventory/demand scenario analysis.
Low Demand,72,877.76,1400,500,250,Synthetic Academic Simulation,Demand values are simulated for inventory/demand scenario analysis.
Low Demand,73,678.09,1400,500,250,Synthetic Academic Simulation,Demand values are simulated for inventory/demand scenario analysis.
Low Demand,74,913.86,1400,500,250,Synthetic Academic Simulation,Demand values are simulated for inventory/demand scenario analysis.
Low Demand,75,713.01,1400,500,250,Synthetic Academic Simulation,Demand values are simulated for inventory/demand scenario analysis.
Low Demand,76,927.75,1400,500,250,Synthetic Academic Simulation,Demand values are simulated for inventory/demand scenario analysis.
Low Demand,77,809.15,1400,500,250,Synthetic Academic Simulation,Demand values are simulated for inventory/demand scenario analysis.
Low Demand,78,1028.14,1400,500,250,Synthetic Academic Simulation,Demand values are simulated for inventory/demand scenario analysis.
Low Demand,79,626.89,1400,500,250,Synthetic Academic Simulation,Demand values are simulated for inventory/demand scenario analysis.
Low Demand,80,578.57,1400,500,250,Synthetic Academic Simulation,Demand values are simulated for inventory/demand scenario analysis.
Low Demand,81,707.57,1400,500,250,Synthetic Academic Simulation,Demand values are simulated for inventory/demand scenario analysis.
Low Demand,82,592.31,1400,500,250,Synthetic Academic Simulation,Demand values are simulated for inventory/demand scenario analysis.
Low Demand,83,592.59,1400,500,250,Synthetic Academic Simulation,Demand values are simulated for inventory/demand scenario analysis.
Low Demand,84,893.23,1400,500,250,Synthetic Academic Simulation,Demand values are simulated for inventory/demand scenario analysis.
Low Demand,85,799.37,1400,500,250,Synthetic Academic Simulation,Demand values are simulated for inventory/demand scenario analysis.
Low Demand,86,728.05,1400,500,250,Synthetic Academic Simulation,Demand values are simulated for inventory/demand scenario analysis.
Low Demand,87,741.96,1400,500,250,Synthetic Academic Simulation,Demand values are simulated for inventory/demand scenario analysis.
Low Demand,88,710.41,1400,500,250,Synthetic Academic Simulation,Demand values are simulated for inventory/demand scenario analysis.
Low Demand,89,1047.56,1400,500,250,Synthetic Academic Simulation,Demand values are simulated for inventory/demand scenario analysis.
Low Demand,90,689.67,1400,500,250,Synthetic Academic Simulation,Demand values are simulated for inventory/demand scenario analysis.
Low Demand,91,601.68,1400,500,250,Synthetic Academic Simulation,Demand values are simulated for inventory/demand scenario analysis.
Low Demand,92,919.41,1400,500,250,Synthetic Academic Simulation,Demand values are simulated for inventory/demand scenario analysis.
Low Demand,93,767.64,1400,500,250,Synthetic Academic Simulation,Demand values are simulated for inventory/demand scenario analysis.
Low Demand,94,1105.82,1400,500,250,Synthetic Academic Simulation,Demand values are simulated for inventory/demand scenario analysis.
Low Demand,95,721.07,1400,500,250,Synthetic Academic Simulation,Demand values are simulated for inventory/demand scenario analysis.
Low Demand,96,926.9,1400,500,250,Synthetic Academic Simulation,Demand values are simulated for inventory/demand scenario analysis.
Low Demand,97,962.33,1400,500,250,Synthetic Academic Simulation,Demand values are simulated for inventory/demand scenario analysis.
Low Demand,98,721.8,1400,500,250,Synthetic Academic Simulation,Demand values are simulated for inventory/demand scenario analysis.
Low Demand,99,688.56,1400,500,250,Synthetic Academic Simulation,Demand values are simulated for inventory/demand scenario analysis.
Low Demand,100,911.2,1400,500,250,Synthetic Academic Simulation,Demand values are simulated for inventory/demand scenario analysis.
Low Demand,101,886.23,1400,500,250,Synthetic Academic Simulation,Demand values are simulated for inventory/demand scenario analysis.
Low Demand,102,588.41,1400,500,250,Synthetic Academic Simulation,Demand values are simulated for inventory/demand scenario analysis.
Low Demand,103,630.73,1400,500,250,Synthetic Academic Simulation,Demand values are simulated for inventory/demand scenario analysis.
Low Demand,104,419.54,1400,500,250,Synthetic Academic Simulation,Demand values are simulated for inventory/demand scenario analysis.
Low Demand,105,889.31,1400,500,250,Synthetic Academic Simulation,Demand values are simulated for inventory/demand scenario analysis.
Low Demand,106,760.73,1400,500,250,Synthetic Academic Simulation,Demand values are simulated for inventory/demand scenario analysis.
Low Demand,107,775.68,1400,500,250,Synthetic Academic Simulation,Demand values are simulated for inventory/demand scenario analysis.
Low Demand,108,546.28,1400,500,250,Synthetic Academic Simulation,Demand values are simulated for inventory/demand scenario analysis.
Low Demand,109,635.28,1400,500,250,Synthetic Academic Simulation,Demand values are simulated for inventory/demand scenario analysis.
Low Demand,110,728.31,1400,500,250,Synthetic Academic Simulation,Demand values are simulated for inventory/demand scenario analysis.
Low Demand,111,699.15,1400,500,250,Synthetic Academic Simulation,Demand values are simulated for inventory/demand scenario analysis.
Low Demand,112,817.68,1400,500,250,Synthetic Academic Simulation,Demand values are simulated for inventory/demand scenario analysis.
Low Demand,113,887.52,1400,500,250,Synthetic Academic Simulation,Demand values are simulated for inventory/demand scenario analysis.
Low Demand,114,1140.44,1400,500,250,Synthetic Academic Simulation,Demand values are simulated for inventory/demand scenario analysis.
Low Demand,115,797.0,1400,500,250,Synthetic Academic Simulation,Demand values are simulated for inventory/demand scenario analysis.
Low Demand,116,967.31,1400,500,250,Synthetic Academic Simulation,Demand values are simulated for inventory/demand scenario analysis.
Low Demand,117,675.5,1400,500,250,Synthetic Academic Simulation,Demand values are simulated for inventory/demand scenario analysis.
Low Demand,118,548.76,1400,500,250,Synthetic Academic Simulation,Demand values are simulated for inventory/demand scenario analysis.
Low Demand,119,747.15,1400,500,250,Synthetic Academic Simulation,Demand values are simulated for inventory/demand scenario analysis.
Low Demand,120,560.34,1400,500,250,Synthetic Academic Simulation,Demand values are simulated for inventory/demand scenario analysis.
Low Demand,121,802.2,1400,500,250,Synthetic Academic Simulation,Demand values are simulated for inventory/demand scenario analysis.
Low Demand,122,682.93,1400,500,250,Synthetic Academic Simulation,Demand values are simulated for inventory/demand scenario analysis.
Low Demand,123,506.86,1400,500,250,Synthetic Academic Simulation,Demand values are simulated for inventory/demand scenario analysis.
Low Demand,124,1060.4,1400,500,250,Synthetic Academic Simulation,Demand values are simulated for inventory/demand scenario analysis.
Low Demand,125,719.37,1400,500,250,Synthetic Academic Simulation,Demand values are simulated for inventory/demand scenario analysis.
Low Demand,126,554.36,1400,500,250,Synthetic Academic Simulation,Demand values are simulated for inventory/demand scenario analysis.
Low Demand,127,934.73,1400,500,250,Synthetic Academic Simulation,Demand values are simulated for inventory/demand scenario analysis.
Low Demand,128,690.71,1400,500,250,Synthetic Academic Simulation,Demand values are simulated for inventory/demand scenario analysis.
Low Demand,129,963.52,1400,500,250,Synthetic Academic Simulation,Demand values are simulated for inventory/demand scenario analysis.
Low Demand,130,689.99,1400,500,250,Synthetic Academic Simulation,Demand values are simulated for inventory/demand scenario analysis.
Low Demand,131,718.87,1400,500,250,Synthetic Academic Simulation,Demand values are simulated for inventory/demand scenario analysis.
Low Demand,132,851.72,1400,500,250,Synthetic Academic Simulation,Demand values are simulated for inventory/demand scenario analysis.
Low Demand,133,888.98,1400,500,250,Synthetic Academic Simulation,Demand values are simulated for inventory/demand scenario analysis.
Low Demand,134,915.27,1400,500,250,Synthetic Academic Simulation,Demand values are simulated for inventory/demand scenario analysis.
Low Demand,135,786.54,1400,500,250,Synthetic Academic Simulation,Demand values are simulated for inventory/demand scenario analysis.
Low Demand,136,879.29,1400,500,250,Synthetic Academic Simulation,Demand values are simulated for inventory/demand scenario analysis.
Low Demand,137,911.84,1400,500,250,Synthetic Academic Simulation,Demand values are simulated for inventory/demand scenario analysis.
Low Demand,138,830.09,1400,500,250,Synthetic Academic Simulation,Demand values are simulated for inventory/demand scenario analysis.
Low Demand,139,778.6,1400,500,250,Synthetic Academic Simulation,Demand values are simulated for inventory/demand scenario analysis.
Low Demand,140,583.21,1400,500,250,Synthetic Academic Simulation,Demand values are simulated for inventory/demand scenario analysis.
Low Demand,141,889.88,1400,500,250,Synthetic Academic Simulation,Demand values are simulated for inventory/demand scenario analysis.
Low Demand,142,806.33,1400,500,250,Synthetic Academic Simulation,Demand values are simulated for inventory/demand scenario analysis.
Low Demand,143,737.96,1400,500,250,Synthetic Academic Simulation,Demand values are simulated for inventory/demand scenario analysis.
Low Demand,144,991.66,1400,500,250,Synthetic Academic Simulation,Demand values are simulated for inventory/demand scenario analysis.
Low Demand,145,585.82,1400,500,250,Synthetic Academic Simulation,Demand values are simulated for inventory/demand scenario analysis.
Low Demand,146,1046.61,1400,500,250,Synthetic Academic Simulation,Demand values are simulated for inventory/demand scenario analysis.
Low Demand,147,796.66,1400,500,250,Synthetic Academic Simulation,Demand values are simulated for inventory/demand scenario analysis.
Low Demand,148,847.63,1400,500,250,Synthetic Academic Simulation,Demand values are simulated for inventory/demand scenario analysis.
Low Demand,149,740.74,1400,500,250,Synthetic Academic Simulation,Demand values are simulated for inventory/demand scenario analysis.
Low Demand,150,549.94,1400,500,250,Synthetic Academic Simulation,Demand values are simulated for inventory/demand scenario analysis.
Low Demand,151,779.06,1400,500,250,Synthetic Academic Simulation,Demand values are simulated for inventory/demand scenario analysis.
Low Demand,152,850.21,1400,500,250,Synthetic Academic Simulation,Demand values are simulated for inventory/demand scenario analysis.
Low Demand,153,901.43,1400,500,250,Synthetic Academic Simulation,Demand values are simulated for inventory/demand scenario analysis.
Low Demand,154,770.3,1400,500,250,Synthetic Academic Simulation,Demand values are simulated for inventory/demand scenario analysis.
Low Demand,155,471.12,1400,500,250,Synthetic Academic Simulation,Demand values are simulated for inventory/demand scenario analysis.
Low Demand,156,568.75,1400,500,250,Synthetic Academic Simulation,Demand values are simulated for inventory/demand scenario analysis.
Low Demand,157,1107.8,1400,500,250,Synthetic Academic Simulation,Demand values are simulated for inventory/demand scenario analysis.
Low Demand,158,636.12,1400,500,250,Synthetic Academic Simulation,Demand values are simulated for inventory/demand scenario analysis.
Low Demand,159,1014.06,1400,500,250,Synthetic Academic Simulation,Demand values are simulated for inventory/demand scenario analysis.
Low Demand,160,659.89,1400,500,250,Synthetic Academic Simulation,Demand values are simulated for inventory/demand scenario analysis.
Low Demand,161,772.63,1400,500,250,Synthetic Academic Simulation,Demand values are simulated for inventory/demand scenario analysis.
Low Demand,162,893.78,1400,500,250,Synthetic Academic Simulation,Demand values are simulated for inventory/demand scenario analysis.
Low Demand,163,676.97,1400,500,250,Synthetic Academic Simulation,Demand values are simulated for inventory/demand scenario analysis.
Low Demand,164,1038.83,1400,500,250,Synthetic Academic Simulation,Demand values are simulated for inventory/demand scenario analysis.
Low Demand,165,811.36,1400,500,250,Synthetic Academic Simulation,Demand values are simulated for inventory/demand scenario analysis.
Low Demand,166,869.13,1400,500,250,Synthetic Academic Simulation,Demand values are simulated for inventory/demand scenario analysis.
Low Demand,167,759.86,1400,500,250,Synthetic Academic Simulation,Demand values are simulated for inventory/demand scenario analysis.
Low Demand,168,898.81,1400,500,250,Synthetic Academic Simulation,Demand values are simulated for inventory/demand scenario analysis.
Low Demand,169,1036.82,1400,500,250,Synthetic Academic Simulation,Demand values are simulated for inventory/demand scenario analysis.
Low Demand,170,780.31,1400,500,250,Synthetic Academic Simulation,Demand values are simulated for inventory/demand scenario analysis.
Low Demand,171,1059.46,1400,500,250,Synthetic Academic Simulation,Demand values are simulated for inventory/demand scenario analysis.
Low Demand,172,708.26,1400,500,250,Synthetic Academic Simulation,Demand values are simulated for inventory/demand scenario analysis.
Low Demand,173,914.61,1400,500,250,Synthetic Academic Simulation,Demand values are simulated for inventory/demand scenario analysis.
Low Demand,174,873.37,1400,500,250,Synthetic Academic Simulation,Demand values are simulated for inventory/demand scenario analysis.
Low Demand,175,639.71,1400,500,250,Synthetic Academic Simulation,Demand values are simulated for inventory/demand scenario analysis.
Low Demand,176,832.07,1400,500,250,Synthetic Academic Simulation,Demand values are simulated for inventory/demand scenario analysis.
Low Demand,177,801.1,1400,500,250,Synthetic Academic Simulation,Demand values are simulated for inventory/demand scenario analysis.
Low Demand,178,672.02,1400,500,250,Synthetic Academic Simulation,Demand values are simulated for inventory/demand scenario analysis.
Low Demand,179,853.7,1400,500,250,Synthetic Academic Simulation,Demand values are simulated for inventory/demand scenario analysis.
Low Demand,180,821.94,1400,500,250,Synthetic Academic Simulation,Demand values are simulated for inventory/demand scenario analysis.
Low Demand,181,789.11,1400,500,250,Synthetic Academic Simulation,Demand values are simulated for inventory/demand scenario analysis.
Low Demand,182,789.71,1400,500,250,Synthetic Academic Simulation,Demand values are simulated for inventory/demand scenario analysis.
Low Demand,183,786.5,1400,500,250,Synthetic Academic Simulation,Demand values are simulated for inventory/demand scenario analysis.
Low Demand,184,744.85,1400,500,250,Synthetic Academic Simulation,Demand values are simulated for inventory/demand scenario analysis.
Low Demand,185,820.98,1400,500,250,Synthetic Academic Simulation,Demand values are simulated for inventory/demand scenario analysis.
Low Demand,186,703.41,1400,500,250,Synthetic Academic Simulation,Demand values are simulated for inventory/demand scenario analysis.
Low Demand,187,1198.52,1400,500,250,Synthetic Academic Simulation,Demand values are simulated for inventory/demand scenario analysis.
Low Demand,188,588.6,1400,500,250,Synthetic Academic Simulation,Demand values are simulated for inventory/demand scenario analysis.
Low Demand,189,712.29,1400,500,250,Synthetic Academic Simulation,Demand values are simulated for inventory/demand scenario analysis.
Low Demand,190,724.14,1400,500,250,Synthetic Academic Simulation,Demand values are simulated for inventory/demand scenario analysis.
Low Demand,191,1106.07,1400,500,250,Synthetic Academic Simulation,Demand values are simulated for inventory/demand scenario analysis.
Low Demand,192,601.98,1400,500,250,Synthetic Academic Simulation,Demand values are simulated for inventory/demand scenario analysis.
Low Demand,193,863.89,1400,500,250,Synthetic Academic Simulation,Demand values are simulated for inventory/demand scenario analysis.
Low Demand,194,837.26,1400,500,250,Synthetic Academic Simulation,Demand values are simulated for inventory/demand scenario analysis.
Low Demand,195,850.04,1400,500,250,Synthetic Academic Simulation,Demand values are simulated for inventory/demand scenario analysis.
Low Demand,196,985.45,1400,500,250,Synthetic Academic Simulation,Demand values are simulated for inventory/demand scenario analysis.
Low Demand,197,982.37,1400,500,250,Synthetic Academic Simulation,Demand values are simulated for inventory/demand scenario analysis.
Low Demand,198,732.36,1400,500,250,Synthetic Academic Simulation,Demand values are simulated for inventory/demand scenario analysis.
Low Demand,199,829.1,1400,500,250,Synthetic Academic Simulation,Demand values are simulated for inventory/demand scenario analysis.
Low Demand,200,520.38,1400,500,250,Synthetic Academic Simulation,Demand values are simulated for inventory/demand scenario analysis.
Low Demand,201,814.86,1400,500,250,Synthetic Academic Simulation,Demand values are simulated for inventory/demand scenario analysis.
Low Demand,202,680.9,1400,500,250,Synthetic Academic Simulation,Demand values are simulated for inventory/demand scenario analysis.
Low Demand,203,772.04,1400,500,250,Synthetic Academic Simulation,Demand values are simulated for inventory/demand scenario analysis.
Low Demand,204,547.19,1400,500,250,Synthetic Academic Simulation,Demand values are simulated for inventory/demand scenario analysis.
Low Demand,205,860.73,1400,500,250,Synthetic Academic Simulation,Demand values are simulated for inventory/demand scenario analysis.
Low Demand,206,545.51,1400,500,250,Synthetic Academic Simulation,Demand values are simulated for inventory/demand scenario analysis.
Low Demand,207,822.24,1400,500,250,Synthetic Academic Simulation,Demand values are simulated for inventory/demand scenario analysis.
Low Demand,208,616.02,1400,500,250,Synthetic Academic Simulation,Demand values are simulated for inventory/demand scenario analysis.
Low Demand,209,672.55,1400,500,250,Synthetic Academic Simulation,Demand values are simulated for inventory/demand scenario analysis.
Low Demand,210,973.21,1400,500,250,Synthetic Academic Simulation,Demand values are simulated for inventory/demand scenario analysis.
Low Demand,211,888.19,1400,500,250,Synthetic Academic Simulation,Demand values are simulated for inventory/demand scenario analysis.
Low Demand,212,972.38,1400,500,250,Synthetic Academic Simulation,Demand values are simulated for inventory/demand scenario analysis.
Low Demand,213,1033.96,1400,500,250,Synthetic Academic Simulation,Demand values are simulated for inventory/demand scenario analysis.
Low Demand,214,684.07,1400,500,250,Synthetic Academic Simulation,Demand values are simulated for inventory/demand scenario analysis.
Low Demand,215,1024.85,1400,500,250,Synthetic Academic Simulation,Demand values are simulated for inventory/demand scenario analysis.
Low Demand,216,580.17,1400,500,250,Synthetic Academic Simulation,Demand values are simulated for inventory/demand scenario analysis.
Low Demand,217,911.92,1400,500,250,Synthetic Academic Simulation,Demand values are simulated for inventory/demand scenario analysis.
Low Demand,218,726.0,1400,500,250,Synthetic Academic Simulation,Demand values are simulated for inventory/demand scenario analysis.
Low Demand,219,660.45,1400,500,250,Synthetic Academic Simulation,Demand values are simulated for inventory/demand scenario analysis.
Low Demand,220,892.17,1400,500,250,Synthetic Academic Simulation,Demand values are simulated for inventory/demand scenario analysis.
Low Demand,221,941.74,1400,500,250,Synthetic Academic Simulation,Demand values are simulated for inventory/demand scenario analysis.
Low Demand,222,937.29,1400,500,250,Synthetic Academic Simulation,Demand values are simulated for inventory/demand scenario analysis.
Low Demand,223,832.23,1400,500,250,Synthetic Academic Simulation,Demand values are simulated for inventory/demand scenario analysis.
Low Demand,224,819.79,1400,500,250,Synthetic Academic Simulation,Demand values are simulated for inventory/demand scenario analysis.
Low Demand,225,879.03,1400,500,250,Synthetic Academic Simulation,Demand values are simulated for inventory/demand scenario analysis.
Low Demand,226,845.56,1400,500,250,Synthetic Academic Simulation,Demand values are simulated for inventory/demand scenario analysis.
Low Demand,227,881.2,1400,500,250,Synthetic Academic Simulation,Demand values are simulated for inventory/demand scenario analysis.
Low Demand,228,830.6,1400,500,250,Synthetic Academic Simulation,Demand values are simulated for inventory/demand scenario analysis.
Low Demand,229,926.42,1400,500,250,Synthetic Academic Simulation,Demand values are simulated for inventory/demand scenario analysis.
Low Demand,230,555.92,1400,500,250,Synthetic Academic Simulation,Demand values are simulated for inventory/demand scenario analysis.
Low Demand,231,780.31,1400,500,250,Synthetic Academic Simulation,Demand values are simulated for inventory/demand scenario analysis.
Low Demand,232,592.42,1400,500,250,Synthetic Academic Simulation,Demand values are simulated for inventory/demand scenario analysis.
Low Demand,233,841.51,1400,500,250,Synthetic Academic Simulation,Demand values are simulated for inventory/demand scenario analysis.
Low Demand,234,1046.29,1400,500,250,Synthetic Academic Simulation,Demand values are simulated for inventory/demand scenario analysis.
Low Demand,235,728.89,1400,500,250,Synthetic Academic Simulation,Demand values are simulated for inventory/demand scenario analysis.
Low Demand,236,819.09,1400,500,250,Synthetic Academic Simulation,Demand values are simulated for inventory/demand scenario analysis.
Low Demand,237,913.47,1400,500,250,Synthetic Academic Simulation,Demand values are simulated for inventory/demand scenario analysis.
Low Demand,238,489.84,1400,500,250,Synthetic Academic Simulation,Demand values are simulated for inventory/demand scenario analysis.
Low Demand,239,721.68,1400,500,250,Synthetic Academic Simulation,Demand values are simulated for inventory/demand scenario analysis.
Low Demand,240,854.68,1400,500,250,Synthetic Academic Simulation,Demand values are simulated for inventory/demand scenario analysis.
Low Demand,241,365.45,1400,500,250,Synthetic Academic Simulation,Demand values are simulated for inventory/demand scenario analysis.
Low Demand,242,653.48,1400,500,250,Synthetic Academic Simulation,Demand values are simulated for inventory/demand scenario analysis.
Low Demand,243,965.13,1400,500,250,Synthetic Academic Simulation,Demand values are simulated for inventory/demand scenario analysis.
Low Demand,244,950.45,1400,500,250,Synthetic Academic Simulation,Demand values are simulated for inventory/demand scenario analysis.
Low Demand,245,856.15,1400,500,250,Synthetic Academic Simulation,Demand values are simulated for inventory/demand scenario analysis.
Low Demand,246,932.33,1400,500,250,Synthetic Academic Simulation,Demand values are simulated for inventory/demand scenario analysis.
Low Demand,247,832.27,1400,500,250,Synthetic Academic Simulation,Demand values are simulated for inventory/demand scenario analysis.
Low Demand,248,883.31,1400,500,250,Synthetic Academic Simulation,Demand values are simulated for inventory/demand scenario analysis.
Low Demand,249,752.65,1400,500,250,Synthetic Academic Simulation,Demand values are simulated for inventory/demand scenario analysis.
Low Demand,250,817.37,1400,500,250,Synthetic Academic Simulation,Demand values are simulated for inventory/demand scenario analysis.
Low Demand,251,705.14,1400,500,250,Synthetic Academic Simulation,Demand values are simulated for inventory/demand scenario analysis.
Low Demand,252,989.52,1400,500,250,Synthetic Academic Simulation,Demand values are simulated for inventory/demand scenario analysis.
Low Demand,253,1028.23,1400,500,250,Synthetic Academic Simulation,Demand values are simulated for inventory/demand scenario analysis.
Low Demand,254,1006.99,1400,500,250,Synthetic Academic Simulation,Demand values are simulated for inventory/demand scenario analysis.
Low Demand,255,738.78,1400,500,250,Synthetic Academic Simulation,Demand values are simulated for inventory/demand scenario analysis.
Low Demand,256,656.93,1400,500,250,Synthetic Academic Simulation,Demand values are simulated for inventory/demand scenario analysis.
Low Demand,257,991.55,1400,500,250,Synthetic Academic Simulation,Demand values are simulated for inventory/demand scenario analysis.
Low Demand,258,881.59,1400,500,250,Synthetic Academic Simulation,Demand values are simulated for inventory/demand scenario analysis.
Low Demand,259,849.29,1400,500,250,Synthetic Academic Simulation,Demand values are simulated for inventory/demand scenario analysis.
Low Demand,260,704.96,1400,500,250,Synthetic Academic Simulation,Demand values are simulated for inventory/demand scenario analysis.
Low Demand,261,863.85,1400,500,250,Synthetic Academic Simulation,Demand values are simulated for inventory/demand scenario analysis.
Low Demand,262,637.21,1400,500,250,Synthetic Academic Simulation,Demand values are simulated for inventory/demand scenario analysis.
Low Demand,263,895.11,1400,500,250,Synthetic Academic Simulation,Demand values are simulated for inventory/demand scenario analysis.
Low Demand,264,1006.83,1400,500,250,Synthetic Academic Simulation,Demand values are simulated for inventory/demand scenario analysis.
Low Demand,265,1044.66,1400,500,250,Synthetic Academic Simulation,Demand values are simulated for inventory/demand scenario analysis.
Low Demand,266,906.28,1400,500,250,Synthetic Academic Simulation,Demand values are simulated for inventory/demand scenario analysis.
Low Demand,267,592.7,1400,500,250,Synthetic Academic Simulation,Demand values are simulated for inventory/demand scenario analysis.
Low Demand,268,829.6,1400,500,250,Synthetic Academic Simulation,Demand values are simulated for inventory/demand scenario analysis.
Low Demand,269,1120.95,1400,500,250,Synthetic Academic Simulation,Demand values are simulated for inventory/demand scenario analysis.
Low Demand,270,669.71,1400,500,250,Synthetic Academic Simulation,Demand values are simulated for inventory/demand scenario analysis.
Low Demand,271,791.12,1400,500,250,Synthetic Academic Simulation,Demand values are simulated for inventory/demand scenario analysis.
Low Demand,272,1012.03,1400,500,250,Synthetic Academic Simulation,Demand values are simulated for inventory/demand scenario analysis.
Low Demand,273,892.57,1400,500,250,Synthetic Academic Simulation,Demand values are simulated for inventory/demand scenario analysis.
Low Demand,274,1172.02,1400,500,250,Synthetic Academic Simulation,Demand values are simulated for inventory/demand scenario analysis.
Low Demand,275,690.07,1400,500,250,Synthetic Academic Simulation,Demand values are simulated for inventory/demand scenario analysis.
Low Demand,276,651.54,1400,500,250,Synthetic Academic Simulation,Demand values are simulated for inventory/demand scenario analysis.
Low Demand,277,983.62,1400,500,250,Synthetic Academic Simulation,Demand values are simulated for inventory/demand scenario analysis.
Low Demand,278,620.62,1400,500,250,Synthetic Academic Simulation,Demand values are simulated for inventory/demand scenario analysis.
Low Demand,279,770.48,1400,500,250,Synthetic Academic Simulation,Demand values are simulated for inventory/demand scenario analysis.
Low Demand,280,790.15,1400,500,250,Synthetic Academic Simulation,Demand values are simulated for inventory/demand scenario analysis.
Low Demand,281,955.4,1400,500,250,Synthetic Academic Simulation,Demand values are simulated for inventory/demand scenario analysis.
Low Demand,282,892.14,1400,500,250,Synthetic Academic Simulation,Demand values are simulated for inventory/demand scenario analysis.
Low Demand,283,868.56,1400,500,250,Synthetic Academic Simulation,Demand values are simulated for inventory/demand scenario analysis.
Low Demand,284,739.64,1400,500,250,Synthetic Academic Simulation,Demand values are simulated for inventory/demand scenario analysis.
Low Demand,285,982.25,1400,500,250,Synthetic Academic Simulation,Demand values are simulated for inventory/demand scenario analysis.
Low Demand,286,1403.87,1400,500,250,Synthetic Academic Simulation,Demand values are simulated for inventory/demand scenario analysis.
Low Demand,287,903.69,1400,500,250,Synthetic Academic Simulation,Demand values are simulated for inventory/demand scenario analysis.
Low Demand,288,814.95,1400,500,250,Synthetic Academic Simulation,Demand values are simulated for inventory/demand scenario analysis.
Low Demand,289,605.32,1400,500,250,Synthetic Academic Simulation,Demand values are simulated for inventory/demand scenario analysis.
Low Demand,290,704.38,1400,500,250,Synthetic Academic Simulation,Demand values are simulated for inventory/demand scenario analysis.
Low Demand,291,767.94,1400,500,250,Synthetic Academic Simulation,Demand values are simulated for inventory/demand scenario analysis.
Low Demand,292,719.81,1400,500,250,Synthetic Academic Simulation,Demand values are simulated for inventory/demand scenario analysis.
Low Demand,293,797.59,1400,500,250,Synthetic Academic Simulation,Demand values are simulated for inventory/demand scenario analysis.
Low Demand,294,1066.7,1400,500,250,Synthetic Academic Simulation,Demand values are simulated for inventory/demand scenario analysis.
Low Demand,295,987.08,1400,500,250,Synthetic Academic Simulation,Demand values are simulated for inventory/demand scenario analysis.
Low Demand,296,776.18,1400,500,250,Synthetic Academic Simulation,Demand values are simulated for inventory/demand scenario analysis.
Low Demand,297,618.76,1400,500,250,Synthetic Academic Simulation,Demand values are simulated for inventory/demand scenario analysis.
Low Demand,298,1000.61,1400,500,250,Synthetic Academic Simulation,Demand values are simulated for inventory/demand scenario analysis.
Low Demand,299,792.64,1400,500,250,Synthetic Academic Simulation,Demand values are simulated for inventory/demand scenario analysis.
Low Demand,300,541.02,1400,500,250,Synthetic Academic Simulation,Demand values are simulated for inventory/demand scenario analysis.
Low Demand,301,906.86,1400,500,250,Synthetic Academic Simulation,Demand values are simulated for inventory/demand scenario analysis.
Low Demand,302,953.85,1400,500,250,Synthetic Academic Simulation,Demand values are simulated for inventory/demand scenario analysis.
Low Demand,303,436.11,1400,500,250,Synthetic Academic Simulation,Demand values are simulated for inventory/demand scenario analysis.
Low Demand,304,676.32,1400,500,250,Synthetic Academic Simulation,Demand values are simulated for inventory/demand scenario analysis.
Low Demand,305,783.43,1400,500,250,Synthetic Academic Simulation,Demand values are simulated for inventory/demand scenario analysis.
Low Demand,306,910.18,1400,500,250,Synthetic Academic Simulation,Demand values are simulated for inventory/demand scenario analysis.
Low Demand,307,722.64,1400,500,250,Synthetic Academic Simulation,Demand values are simulated for inventory/demand scenario analysis.
Low Demand,308,675.18,1400,500,250,Synthetic Academic Simulation,Demand values are simulated for inventory/demand scenario analysis.
Low Demand,309,909.08,1400,500,250,Synthetic Academic Simulation,Demand values are simulated for inventory/demand scenario analysis.
Low Demand,310,729.75,1400,500,250,Synthetic Academic Simulation,Demand values are simulated for inventory/demand scenario analysis.
Low Demand,311,881.31,1400,500,250,Synthetic Academic Simulation,Demand values are simulated for inventory/demand scenario analysis.
Low Demand,312,633.27,1400,500,250,Synthetic Academic Simulation,Demand values are simulated for inventory/demand scenario analysis.
Low Demand,313,597.15,1400,500,250,Synthetic Academic Simulation,Demand values are simulated for inventory/demand scenario analysis.
Low Demand,314,913.29,1400,500,250,Synthetic Academic Simulation,Demand values are simulated for inventory/demand scenario analysis.
Low Demand,315,837.88,1400,500,250,Synthetic Academic Simulation,Demand values are simulated for inventory/demand scenario analysis.
Low Demand,316,938.37,1400,500,250,Synthetic Academic Simulation,Demand values are simulated for inventory/demand scenario analysis.
Low Demand,317,720.11,1400,500,250,Synthetic Academic Simulation,Demand values are simulated for inventory/demand scenario analysis.
Low Demand,318,680.73,1400,500,250,Synthetic Academic Simulation,Demand values are simulated for inventory/demand scenario analysis.
Low Demand,319,1004.11,1400,500,250,Synthetic Academic Simulation,Demand values are simulated for inventory/demand scenario analysis.
Low Demand,320,571.56,1400,500,250,Synthetic Academic Simulation,Demand values are simulated for inventory/demand scenario analysis.
Low Demand,321,987.72,1400,500,250,Synthetic Academic Simulation,Demand values are simulated for inventory/demand scenario analysis.
Low Demand,322,998.08,1400,500,250,Synthetic Academic Simulation,Demand values are simulated for inventory/demand scenario analysis.
Low Demand,323,929.01,1400,500,250,Synthetic Academic Simulation,Demand values are simulated for inventory/demand scenario analysis.
Low Demand,324,696.83,1400,500,250,Synthetic Academic Simulation,Demand values are simulated for inventory/demand scenario analysis.
Low Demand,325,677.52,1400,500,250,Synthetic Academic Simulation,Demand values are simulated for inventory/demand scenario analysis.
Low Demand,326,768.49,1400,500,250,Synthetic Academic Simulation,Demand values are simulated for inventory/demand scenario analysis.
Low Demand,327,605.74,1400,500,250,Synthetic Academic Simulation,Demand values are simulated for inventory/demand scenario analysis.
Low Demand,328,655.75,1400,500,250,Synthetic Academic Simulation,Demand values are simulated for inventory/demand scenario analysis.
Low Demand,329,896.71,1400,500,250,Synthetic Academic Simulation,Demand values are simulated for inventory/demand scenario analysis.
Low Demand,330,897.4,1400,500,250,Synthetic Academic Simulation,Demand values are simulated for inventory/demand scenario analysis.
Low Demand,331,642.56,1400,500,250,Synthetic Academic Simulation,Demand values are simulated for inventory/demand scenario analysis.
Low Demand,332,901.42,1400,500,250,Synthetic Academic Simulation,Demand values are simulated for inventory/demand scenario analysis.
Low Demand,333,868.15,1400,500,250,Synthetic Academic Simulation,Demand values are simulated for inventory/demand scenario analysis.
Low Demand,334,1026.48,1400,500,250,Synthetic Academic Simulation,Demand values are simulated for inventory/demand scenario analysis.
Low Demand,335,885.37,1400,500,250,Synthetic Academic Simulation,Demand values are simulated for inventory/demand scenario analysis.
Low Demand,336,958.79,1400,500,250,Synthetic Academic Simulation,Demand values are simulated for inventory/demand scenario analysis.
Low Demand,337,871.56,1400,500,250,Synthetic Academic Simulation,Demand values are simulated for inventory/demand scenario analysis.
Low Demand,338,946.99,1400,500,250,Synthetic Academic Simulation,Demand values are simulated for inventory/demand scenario analysis.
Low Demand,339,606.93,1400,500,250,Synthetic Academic Simulation,Demand values are simulated for inventory/demand scenario analysis.
Low Demand,340,781.74,1400,500,250,Synthetic Academic Simulation,Demand values are simulated for inventory/demand scenario analysis.
Low Demand,341,794.15,1400,500,250,Synthetic Academic Simulation,Demand values are simulated for inventory/demand scenario analysis.
Low Demand,342,763.44,1400,500,250,Synthetic Academic Simulation,Demand values are simulated for inventory/demand scenario analysis.
Low Demand,343,866.58,1400,500,250,Synthetic Academic Simulation,Demand values are simulated for inventory/demand scenario analysis.
Low Demand,344,895.16,1400,500,250,Synthetic Academic Simulation,Demand values are simulated for inventory/demand scenario analysis.
Low Demand,345,858.84,1400,500,250,Synthetic Academic Simulation,Demand values are simulated for inventory/demand scenario analysis.
Low Demand,346,773.46,1400,500,250,Synthetic Academic Simulation,Demand values are simulated for inventory/demand scenario analysis.
Low Demand,347,689.64,1400,500,250,Synthetic Academic Simulation,Demand values are simulated for inventory/demand scenario analysis.
Low Demand,348,964.58,1400,500,250,Synthetic Academic Simulation,Demand values are simulated for inventory/demand scenario analysis.
Low Demand,349,852.46,1400,500,250,Synthetic Academic Simulation,Demand values are simulated for inventory/demand scenario analysis.
Low Demand,350,647.21,1400,500,250,Synthetic Academic Simulation,Demand values are simulated for inventory/demand scenario analysis.
Low Demand,351,770.95,1400,500,250,Synthetic Academic Simulation,Demand values are simulated for inventory/demand scenario analysis.
Low Demand,352,538.51,1400,500,250,Synthetic Academic Simulation,Demand values are simulated for inventory/demand scenario analysis.
Low Demand,353,805.31,1400,500,250,Synthetic Academic Simulation,Demand values are simulated for inventory/demand scenario analysis.
Low Demand,354,770.24,1400,500,250,Synthetic Academic Simulation,Demand values are simulated for inventory/demand scenario analysis.
Low Demand,355,713.83,1400,500,250,Synthetic Academic Simulation,Demand values are simulated for inventory/demand scenario analysis.
Low Demand,356,1037.69,1400,500,250,Synthetic Academic Simulation,Demand values are simulated for inventory/demand scenario analysis.
Low Demand,357,626.58,1400,500,250,Synthetic Academic Simulation,Demand values are simulated for inventory/demand scenario analysis.
Low Demand,358,905.96,1400,500,250,Synthetic Academic Simulation,Demand values are simulated for inventory/demand scenario analysis.
Low Demand,359,1128.01,1400,500,250,Synthetic Academic Simulation,Demand values are simulated for inventory/demand scenario analysis.
Low Demand,360,961.59,1400,500,250,Synthetic Academic Simulation,Demand values are simulated for inventory/demand scenario analysis.
Low Demand,361,795.27,1400,500,250,Synthetic Academic Simulation,Demand values are simulated for inventory/demand scenario analysis.
Low Demand,362,629.89,1400,500,250,Synthetic Academic Simulation,Demand values are simulated for inventory/demand scenario analysis.
Low Demand,363,595.69,1400,500,250,Synthetic Academic Simulation,Demand values are simulated for inventory/demand scenario analysis.
Low Demand,364,738.27,1400,500,250,Synthetic Academic Simulation,Demand values are simulated for inventory/demand scenario analysis.
Low Demand,365,696.95,1400,500,250,Synthetic Academic Simulation,Demand values are simulated for inventory/demand scenario analysis.
Low Demand,366,692.07,1400,500,250,Synthetic Academic Simulation,Demand values are simulated for inventory/demand scenario analysis.
Low Demand,367,751.05,1400,500,250,Synthetic Academic Simulation,Demand values are simulated for inventory/demand scenario analysis.
Low Demand,368,784.66,1400,500,250,Synthetic Academic Simulation,Demand values are simulated for inventory/demand scenario analysis.
Low Demand,369,872.78,1400,500,250,Synthetic Academic Simulation,Demand values are simulated for inventory/demand scenario analysis.
Low Demand,370,614.33,1400,500,250,Synthetic Academic Simulation,Demand values are simulated for inventory/demand scenario analysis.
Low Demand,371,697.66,1400,500,250,Synthetic Academic Simulation,Demand values are simulated for inventory/demand scenario analysis.
Low Demand,372,776.05,1400,500,250,Synthetic Academic Simulation,Demand values are simulated for inventory/demand scenario analysis.
Low Demand,373,770.68,1400,500,250,Synthetic Academic Simulation,Demand values are simulated for inventory/demand scenario analysis.
Low Demand,374,1075.46,1400,500,250,Synthetic Academic Simulation,Demand values are simulated for inventory/demand scenario analysis.
Low Demand,375,834.84,1400,500,250,Synthetic Academic Simulation,Demand values are simulated for inventory/demand scenario analysis.
Low Demand,376,557.96,1400,500,250,Synthetic Academic Simulation,Demand values are simulated for inventory/demand scenario analysis.
Low Demand,377,862.73,1400,500,250,Synthetic Academic Simulation,Demand values are simulated for inventory/demand scenario analysis.
Low Demand,378,881.85,1400,500,250,Synthetic Academic Simulation,Demand values are simulated for inventory/demand scenario analysis.
Low Demand,379,781.23,1400,500,250,Synthetic Academic Simulation,Demand values are simulated for inventory/demand scenario analysis.
Low Demand,380,617.99,1400,500,250,Synthetic Academic Simulation,Demand values are simulated for inventory/demand scenario analysis.
Low Demand,381,1063.71,1400,500,250,Synthetic Academic Simulation,Demand values are simulated for inventory/demand scenario analysis.
Low Demand,382,639.52,1400,500,250,Synthetic Academic Simulation,Demand values are simulated for inventory/demand scenario analysis.
Low Demand,383,899.12,1400,500,250,Synthetic Academic Simulation,Demand values are simulated for inventory/demand scenario analysis.
Low Demand,384,830.01,1400,500,250,Synthetic Academic Simulation,Demand values are simulated for inventory/demand scenario analysis.
Low Demand,385,890.12,1400,500,250,Synthetic Academic Simulation,Demand values are simulated for inventory/demand scenario analysis.
Low Demand,386,1056.03,1400,500,250,Synthetic Academic Simulation,Demand values are simulated for inventory/demand scenario analysis.
Low Demand,387,884.25,1400,500,250,Synthetic Academic Simulation,Demand values are simulated for inventory/demand scenario analysis.
Low Demand,388,716.2,1400,500,250,Synthetic Academic Simulation,Demand values are simulated for inventory/demand scenario analysis.
Low Demand,389,965.9,1400,500,250,Synthetic Academic Simulation,Demand values are simulated for inventory/demand scenario analysis.
Low Demand,390,705.34,1400,500,250,Synthetic Academic Simulation,Demand values are simulated for inventory/demand scenario analysis.
Low Demand,391,824.53,1400,500,250,Synthetic Academic Simulation,Demand values are simulated for inventory/demand scenario analysis.
Low Demand,392,606.04,1400,500,250,Synthetic Academic Simulation,Demand values are simulated for inventory/demand scenario analysis.
Low Demand,393,645.01,1400,500,250,Synthetic Academic Simulation,Demand values are simulated for inventory/demand scenario analysis.
Low Demand,394,807.71,1400,500,250,Synthetic Academic Simulation,Demand values are simulated for inventory/demand scenario analysis.
Low Demand,395,855.21,1400,500,250,Synthetic Academic Simulation,Demand values are simulated for inventory/demand scenario analysis.
Low Demand,396,544.64,1400,500,250,Synthetic Academic Simulation,Demand values are simulated for inventory/demand scenario analysis.
Low Demand,397,874.59,1400,500,250,Synthetic Academic Simulation,Demand values are simulated for inventory/demand scenario analysis.
Low Demand,398,677.09,1400,500,250,Synthetic Academic Simulation,Demand values are simulated for inventory/demand scenario analysis.
Low Demand,399,991.95,1400,500,250,Synthetic Academic Simulation,Demand values are simulated for inventory/demand scenario analysis.
Low Demand,400,747.21,1400,500,250,Synthetic Academic Simulation,Demand values are simulated for inventory/demand scenario analysis.
Low Demand,401,631.46,1400,500,250,Synthetic Academic Simulation,Demand values are simulated for inventory/demand scenario analysis.
Low Demand,402,811.37,1400,500,250,Synthetic Academic Simulation,Demand values are simulated for inventory/demand scenario analysis.
Low Demand,403,662.56,1400,500,250,Synthetic Academic Simulation,Demand values are simulated for inventory/demand scenario analysis.
Low Demand,404,990.34,1400,500,250,Synthetic Academic Simulation,Demand values are simulated for inventory/demand scenario analysis.
Low Demand,405,800.08,1400,500,250,Synthetic Academic Simulation,Demand values are simulated for inventory/demand scenario analysis.
Low Demand,406,777.25,1400,500,250,Synthetic Academic Simulation,Demand values are simulated for inventory/demand scenario analysis.
Low Demand,407,888.77,1400,500,250,Synthetic Academic Simulation,Demand values are simulated for inventory/demand scenario analysis.
Low Demand,408,649.26,1400,500,250,Synthetic Academic Simulation,Demand values are simulated for inventory/demand scenario analysis.
Low Demand,409,606.63,1400,500,250,Synthetic Academic Simulation,Demand values are simulated for inventory/demand scenario analysis.
Low Demand,410,861.25,1400,500,250,Synthetic Academic Simulation,Demand values are simulated for inventory/demand scenario analysis.
Low Demand,411,635.05,1400,500,250,Synthetic Academic Simulation,Demand values are simulated for inventory/demand scenario analysis.
Low Demand,412,635.0,1400,500,250,Synthetic Academic Simulation,Demand values are simulated for inventory/demand scenario analysis.
Low Demand,413,925.51,1400,500,250,Synthetic Academic Simulation,Demand values are simulated for inventory/demand scenario analysis.
Low Demand,414,878.76,1400,500,250,Synthetic Academic Simulation,Demand values are simulated for inventory/demand scenario analysis.
Low Demand,415,611.93,1400,500,250,Synthetic Academic Simulation,Demand values are simulated for inventory/demand scenario analysis.
Low Demand,416,707.13,1400,500,250,Synthetic Academic Simulation,Demand values are simulated for inventory/demand scenario analysis.
Low Demand,417,664.44,1400,500,250,Synthetic Academic Simulation,Demand values are simulated for inventory/demand scenario analysis.
Low Demand,418,1066.45,1400,500,250,Synthetic Academic Simulation,Demand values are simulated for inventory/demand scenario analysis.
Low Demand,419,935.9,1400,500,250,Synthetic Academic Simulation,Demand values are simulated for inventory/demand scenario analysis.
Low Demand,420,736.87,1400,500,250,Synthetic Academic Simulation,Demand values are simulated for inventory/demand scenario analysis.
Low Demand,421,886.43,1400,500,250,Synthetic Academic Simulation,Demand values are simulated for inventory/demand scenario analysis.
Low Demand,422,596.57,1400,500,250,Synthetic Academic Simulation,Demand values are simulated for inventory/demand scenario analysis.
Low Demand,423,699.1,1400,500,250,Synthetic Academic Simulation,Demand values are simulated for inventory/demand scenario analysis.
Low Demand,424,815.73,1400,500,250,Synthetic Academic Simulation,Demand values are simulated for inventory/demand scenario analysis.
Low Demand,425,867.83,1400,500,250,Synthetic Academic Simulation,Demand values are simulated for inventory/demand scenario analysis.
Low Demand,426,785.38,1400,500,250,Synthetic Academic Simulation,Demand values are simulated for inventory/demand scenario analysis.
Low Demand,427,837.2,1400,500,250,Synthetic Academic Simulation,Demand values are simulated for inventory/demand scenario analysis.
Low Demand,428,811.75,1400,500,250,Synthetic Academic Simulation,Demand values are simulated for inventory/demand scenario analysis.
Low Demand,429,775.46,1400,500,250,Synthetic Academic Simulation,Demand values are simulated for inventory/demand scenario analysis.
Low Demand,430,755.58,1400,500,250,Synthetic Academic Simulation,Demand values are simulated for inventory/demand scenario analysis.
Low Demand,431,736.06,1400,500,250,Synthetic Academic Simulation,Demand values are simulated for inventory/demand scenario analysis.
Low Demand,432,834.79,1400,500,250,Synthetic Academic Simulation,Demand values are simulated for inventory/demand scenario analysis.
Low Demand,433,861.62,1400,500,250,Synthetic Academic Simulation,Demand values are simulated for inventory/demand scenario analysis.
Low Demand,434,829.75,1400,500,250,Synthetic Academic Simulation,Demand values are simulated for inventory/demand scenario analysis.
Low Demand,435,623.21,1400,500,250,Synthetic Academic Simulation,Demand values are simulated for inventory/demand scenario analysis.
Low Demand,436,650.16,1400,500,250,Synthetic Academic Simulation,Demand values are simulated for inventory/demand scenario analysis.
Low Demand,437,859.83,1400,500,250,Synthetic Academic Simulation,Demand values are simulated for inventory/demand scenario analysis.
Low Demand,438,1020.75,1400,500,250,Synthetic Academic Simulation,Demand values are simulated for inventory/demand scenario analysis.
Low Demand,439,822.86,1400,500,250,Synthetic Academic Simulation,Demand values are simulated for inventory/demand scenario analysis.
Low Demand,440,738.25,1400,500,250,Synthetic Academic Simulation,Demand values are simulated for inventory/demand scenario analysis.
Low Demand,441,833.65,1400,500,250,Synthetic Academic Simulation,Demand values are simulated for inventory/demand scenario analysis.
Low Demand,442,629.48,1400,500,250,Synthetic Academic Simulation,Demand values are simulated for inventory/demand scenario analysis.
Low Demand,443,996.34,1400,500,250,Synthetic Academic Simulation,Demand values are simulated for inventory/demand scenario analysis.
Low Demand,444,827.99,1400,500,250,Synthetic Academic Simulation,Demand values are simulated for inventory/demand scenario analysis.
Low Demand,445,699.58,1400,500,250,Synthetic Academic Simulation,Demand values are simulated for inventory/demand scenario analysis.
Low Demand,446,774.98,1400,500,250,Synthetic Academic Simulation,Demand values are simulated for inventory/demand scenario analysis.
Low Demand,447,720.94,1400,500,250,Synthetic Academic Simulation,Demand values are simulated for inventory/demand scenario analysis.
Low Demand,448,996.75,1400,500,250,Synthetic Academic Simulation,Demand values are simulated for inventory/demand scenario analysis.
Low Demand,449,769.66,1400,500,250,Synthetic Academic Simulation,Demand values are simulated for inventory/demand scenario analysis.
Low Demand,450,823.3,1400,500,250,Synthetic Academic Simulation,Demand values are simulated for inventory/demand scenario analysis.
Low Demand,451,886.06,1400,500,250,Synthetic Academic Simulation,Demand values are simulated for inventory/demand scenario analysis.
Low Demand,452,688.89,1400,500,250,Synthetic Academic Simulation,Demand values are simulated for inventory/demand scenario analysis.
Low Demand,453,829.06,1400,500,250,Synthetic Academic Simulation,Demand values are simulated for inventory/demand scenario analysis.
Low Demand,454,841.17,1400,500,250,Synthetic Academic Simulation,Demand values are simulated for inventory/demand scenario analysis.
Low Demand,455,566.89,1400,500,250,Synthetic Academic Simulation,Demand values are simulated for inventory/demand scenario analysis.
Low Demand,456,837.9,1400,500,250,Synthetic Academic Simulation,Demand values are simulated for inventory/demand scenario analysis.
Low Demand,457,793.14,1400,500,250,Synthetic Academic Simulation,Demand values are simulated for inventory/demand scenario analysis.
Low Demand,458,819.49,1400,500,250,Synthetic Academic Simulation,Demand values are simulated for inventory/demand scenario analysis.
Low Demand,459,805.34,1400,500,250,Synthetic Academic Simulation,Demand values are simulated for inventory/demand scenario analysis.
Low Demand,460,838.88,1400,500,250,Synthetic Academic Simulation,Demand values are simulated for inventory/demand scenario analysis.
Low Demand,461,1000.6,1400,500,250,Synthetic Academic Simulation,Demand values are simulated for inventory/demand scenario analysis.
Low Demand,462,623.07,1400,500,250,Synthetic Academic Simulation,Demand values are simulated for inventory/demand scenario analysis.
Low Demand,463,748.68,1400,500,250,Synthetic Academic Simulation,Demand values are simulated for inventory/demand scenario analysis.
Low Demand,464,899.99,1400,500,250,Synthetic Academic Simulation,Demand values are simulated for inventory/demand scenario analysis.
Low Demand,465,872.14,1400,500,250,Synthetic Academic Simulation,Demand values are simulated for inventory/demand scenario analysis.
Low Demand,466,868.91,1400,500,250,Synthetic Academic Simulation,Demand values are simulated for inventory/demand scenario analysis.
Low Demand,467,1213.04,1400,500,250,Synthetic Academic Simulation,Demand values are simulated for inventory/demand scenario analysis.
Low Demand,468,892.12,1400,500,250,Synthetic Academic Simulation,Demand values are simulated for inventory/demand scenario analysis.
Low Demand,469,969.64,1400,500,250,Synthetic Academic Simulation,Demand values are simulated for inventory/demand scenario analysis.
Low Demand,470,753.94,1400,500,250,Synthetic Academic Simulation,Demand values are simulated for inventory/demand scenario analysis.
Low Demand,471,651.06,1400,500,250,Synthetic Academic Simulation,Demand values are simulated for inventory/demand scenario analysis.
Low Demand,472,752.85,1400,500,250,Synthetic Academic Simulation,Demand values are simulated for inventory/demand scenario analysis.
Low Demand,473,906.79,1400,500,250,Synthetic Academic Simulation,Demand values are simulated for inventory/demand scenario analysis.
Low Demand,474,861.02,1400,500,250,Synthetic Academic Simulation,Demand values are simulated for inventory/demand scenario analysis.
Low Demand,475,860.49,1400,500,250,Synthetic Academic Simulation,Demand values are simulated for inventory/demand scenario analysis.
Low Demand,476,767.85,1400,500,250,Synthetic Academic Simulation,Demand values are simulated for inventory/demand scenario analysis.
Low Demand,477,743.93,1400,500,250,Synthetic Academic Simulation,Demand values are simulated for inventory/demand scenario analysis.
Low Demand,478,773.02,1400,500,250,Synthetic Academic Simulation,Demand values are simulated for inventory/demand scenario analysis.
Low Demand,479,908.67,1400,500,250,Synthetic Academic Simulation,Demand values are simulated for inventory/demand scenario analysis.
Low Demand,480,926.11,1400,500,250,Synthetic Academic Simulation,Demand values are simulated for inventory/demand scenario analysis.
Low Demand,481,649.06,1400,500,250,Synthetic Academic Simulation,Demand values are simulated for inventory/demand scenario analysis.
Low Demand,482,914.35,1400,500,250,Synthetic Academic Simulation,Demand values are simulated for inventory/demand scenario analysis.
Low Demand,483,702.39,1400,500,250,Synthetic Academic Simulation,Demand values are simulated for inventory/demand scenario analysis.
Low Demand,484,870.34,1400,500,250,Synthetic Academic Simulation,Demand values are simulated for inventory/demand scenario analysis.
Low Demand,485,771.21,1400,500,250,Synthetic Academic Simulation,Demand values are simulated for inventory/demand scenario analysis.
Low Demand,486,1034.87,1400,500,250,Synthetic Academic Simulation,Demand values are simulated for inventory/demand scenario analysis.
Low Demand,487,737.29,1400,500,250,Synthetic Academic Simulation,Demand values are simulated for inventory/demand scenario analysis.
Low Demand,488,826.79,1400,500,250,Synthetic Academic Simulation,Demand values are simulated for inventory/demand scenario analysis.
Low Demand,489,890.99,1400,500,250,Synthetic Academic Simulation,Demand values are simulated for inventory/demand scenario analysis.
Low Demand,490,668.91,1400,500,250,Synthetic Academic Simulation,Demand values are simulated for inventory/demand scenario analysis.
Low Demand,491,789.07,1400,500,250,Synthetic Academic Simulation,Demand values are simulated for inventory/demand scenario analysis.
Low Demand,492,760.01,1400,500,250,Synthetic Academic Simulation,Demand values are simulated for inventory/demand scenario analysis.
Low Demand,493,722.93,1400,500,250,Synthetic Academic Simulation,Demand values are simulated for inventory/demand scenario analysis.
Low Demand,494,734.04,1400,500,250,Synthetic Academic Simulation,Demand values are simulated for inventory/demand scenario analysis.
Low Demand,495,966.8,1400,500,250,Synthetic Academic Simulation,Demand values are simulated for inventory/demand scenario analysis.
Low Demand,496,710.22,1400,500,250,Synthetic Academic Simulation,Demand values are simulated for inventory/demand scenario analysis.
Low Demand,497,884.96,1400,500,250,Synthetic Academic Simulation,Demand values are simulated for inventory/demand scenario analysis.
Low Demand,498,847.19,1400,500,250,Synthetic Academic Simulation,Demand values are simulated for inventory/demand scenario analysis.
Low Demand,499,590.45,1400,500,250,Synthetic Academic Simulation,Demand values are simulated for inventory/demand scenario analysis.
Low Demand,500,877.88,1400,500,250,Synthetic Academic Simulation,Demand values are simulated for inventory/demand scenario analysis.
Low Demand,501,587.97,1400,500,250,Synthetic Academic Simulation,Demand values are simulated for inventory/demand scenario analysis.
Low Demand,502,894.21,1400,500,250,Synthetic Academic Simulation,Demand values are simulated for inventory/demand scenario analysis.
Low Demand,503,723.92,1400,500,250,Synthetic Academic Simulation,Demand values are simulated for inventory/demand scenario analysis.
Low Demand,504,801.26,1400,500,250,Synthetic Academic Simulation,Demand values are simulated for inventory/demand scenario analysis.
Low Demand,505,605.86,1400,500,250,Synthetic Academic Simulation,Demand values are simulated for inventory/demand scenario analysis.
Low Demand,506,818.36,1400,500,250,Synthetic Academic Simulation,Demand values are simulated for inventory/demand scenario analysis.
Low Demand,507,939.04,1400,500,250,Synthetic Academic Simulation,Demand values are simulated for inventory/demand scenario analysis.
Low Demand,508,678.96,1400,500,250,Synthetic Academic Simulation,Demand values are simulated for inventory/demand scenario analysis.
Low Demand,509,708.92,1400,500,250,Synthetic Academic Simulation,Demand values are simulated for inventory/demand scenario analysis.
Low Demand,510,868.19,1400,500,250,Synthetic Academic Simulation,Demand values are simulated for inventory/demand scenario analysis.
Low Demand,511,871.94,1400,500,250,Synthetic Academic Simulation,Demand values are simulated for inventory/demand scenario analysis.
Low Demand,512,434.87,1400,500,250,Synthetic Academic Simulation,Demand values are simulated for inventory/demand scenario analysis.
Low Demand,513,1102.31,1400,500,250,Synthetic Academic Simulation,Demand values are simulated for inventory/demand scenario analysis.
Low Demand,514,879.28,1400,500,250,Synthetic Academic Simulation,Demand values are simulated for inventory/demand scenario analysis.
Low Demand,515,904.54,1400,500,250,Synthetic Academic Simulation,Demand values are simulated for inventory/demand scenario analysis.
Low Demand,516,778.47,1400,500,250,Synthetic Academic Simulation,Demand values are simulated for inventory/demand scenario analysis.
Low Demand,517,521.7,1400,500,250,Synthetic Academic Simulation,Demand values are simulated for inventory/demand scenario analysis.
Low Demand,518,901.21,1400,500,250,Synthetic Academic Simulation,Demand values are simulated for inventory/demand scenario analysis.
Low Demand,519,715.22,1400,500,250,Synthetic Academic Simulation,Demand values are simulated for inventory/demand scenario analysis.
Low Demand,520,881.59,1400,500,250,Synthetic Academic Simulation,Demand values are simulated for inventory/demand scenario analysis.
Low Demand,521,767.18,1400,500,250,Synthetic Academic Simulation,Demand values are simulated for inventory/demand scenario analysis.
Low Demand,522,835.71,1400,500,250,Synthetic Academic Simulation,Demand values are simulated for inventory/demand scenario analysis.
Low Demand,523,683.75,1400,500,250,Synthetic Academic Simulation,Demand values are simulated for inventory/demand scenario analysis.
Low Demand,524,929.66,1400,500,250,Synthetic Academic Simulation,Demand values are simulated for inventory/demand scenario analysis.
Low Demand,525,621.74,1400,500,250,Synthetic Academic Simulation,Demand values are simulated for inventory/demand scenario analysis.
Low Demand,526,1136.84,1400,500,250,Synthetic Academic Simulation,Demand values are simulated for inventory/demand scenario analysis.
Low Demand,527,1135.69,1400,500,250,Synthetic Academic Simulation,Demand values are simulated for inventory/demand scenario analysis.
Low Demand,528,1044.9,1400,500,250,Synthetic Academic Simulation,Demand values are simulated for inventory/demand scenario analysis.
Low Demand,529,991.32,1400,500,250,Synthetic Academic Simulation,Demand values are simulated for inventory/demand scenario analysis.
Low Demand,530,787.32,1400,500,250,Synthetic Academic Simulation,Demand values are simulated for inventory/demand scenario analysis.
Low Demand,531,974.98,1400,500,250,Synthetic Academic Simulation,Demand values are simulated for inventory/demand scenario analysis.
Low Demand,532,785.57,1400,500,250,Synthetic Academic Simulation,Demand values are simulated for inventory/demand scenario analysis.
Low Demand,533,566.97,1400,500,250,Synthetic Academic Simulation,Demand values are simulated for inventory/demand scenario analysis.
Low Demand,534,1025.48,1400,500,250,Synthetic Academic Simulation,Demand values are simulated for inventory/demand scenario analysis.
Low Demand,535,969.32,1400,500,250,Synthetic Academic Simulation,Demand values are simulated for inventory/demand scenario analysis.
Low Demand,536,795.3,1400,500,250,Synthetic Academic Simulation,Demand values are simulated for inventory/demand scenario analysis.
Low Demand,537,616.22,1400,500,250,Synthetic Academic Simulation,Demand values are simulated for inventory/demand scenario analysis.
Low Demand,538,712.07,1400,500,250,Synthetic Academic Simulation,Demand values are simulated for inventory/demand scenario analysis.
Low Demand,539,526.83,1400,500,250,Synthetic Academic Simulation,Demand values are simulated for inventory/demand scenario analysis.
Low Demand,540,941.76,1400,500,250,Synthetic Academic Simulation,Demand values are simulated for inventory/demand scenario analysis.
Low Demand,541,559.5,1400,500,250,Synthetic Academic Simulation,Demand values are simulated for inventory/demand scenario analysis.
Low Demand,542,843.02,1400,500,250,Synthetic Academic Simulation,Demand values are simulated for inventory/demand scenario analysis.
Low Demand,543,673.45,1400,500,250,Synthetic Academic Simulation,Demand values are simulated for inventory/demand scenario analysis.
Low Demand,544,585.99,1400,500,250,Synthetic Academic Simulation,Demand values are simulated for inventory/demand scenario analysis.
Low Demand,545,835.75,1400,500,250,Synthetic Academic Simulation,Demand values are simulated for inventory/demand scenario analysis.
Low Demand,546,749.93,1400,500,250,Synthetic Academic Simulation,Demand values are simulated for inventory/demand scenario analysis.
Low Demand,547,925.73,1400,500,250,Synthetic Academic Simulation,Demand values are simulated for inventory/demand scenario analysis.
Low Demand,548,609.86,1400,500,250,Synthetic Academic Simulation,Demand values are simulated for inventory/demand scenario analysis.
Low Demand,549,686.4,1400,500,250,Synthetic Academic Simulation,Demand values are simulated for inventory/demand scenario analysis.
Low Demand,550,441.85,1400,500,250,Synthetic Academic Simulation,Demand values are simulated for inventory/demand scenario analysis.
Low Demand,551,472.35,1400,500,250,Synthetic Academic Simulation,Demand values are simulated for inventory/demand scenario analysis.
Low Demand,552,1069.73,1400,500,250,Synthetic Academic Simulation,Demand values are simulated for inventory/demand scenario analysis.
Low Demand,553,1112.54,1400,500,250,Synthetic Academic Simulation,Demand values are simulated for inventory/demand scenario analysis.
Low Demand,554,813.91,1400,500,250,Synthetic Academic Simulation,Demand values are simulated for inventory/demand scenario analysis.
Low Demand,555,676.43,1400,500,250,Synthetic Academic Simulation,Demand values are simulated for inventory/demand scenario analysis.
Low Demand,556,755.23,1400,500,250,Synthetic Academic Simulation,Demand values are simulated for inventory/demand scenario analysis.
Low Demand,557,931.04,1400,500,250,Synthetic Academic Simulation,Demand values are simulated for inventory/demand scenario analysis.
Low Demand,558,722.84,1400,500,250,Synthetic Academic Simulation,Demand values are simulated for inventory/demand scenario analysis.
Low Demand,559,835.65,1400,500,250,Synthetic Academic Simulation,Demand values are simulated for inventory/demand scenario analysis.
Low Demand,560,798.09,1400,500,250,Synthetic Academic Simulation,Demand values are simulated for inventory/demand scenario analysis.
Low Demand,561,714.68,1400,500,250,Synthetic Academic Simulation,Demand values are simulated for inventory/demand scenario analysis.
Low Demand,562,721.07,1400,500,250,Synthetic Academic Simulation,Demand values are simulated for inventory/demand scenario analysis.
Low Demand,563,844.0,1400,500,250,Synthetic Academic Simulation,Demand values are simulated for inventory/demand scenario analysis.
Low Demand,564,653.47,1400,500,250,Synthetic Academic Simulation,Demand values are simulated for inventory/demand scenario analysis.
Low Demand,565,867.76,1400,500,250,Synthetic Academic Simulation,Demand values are simulated for inventory/demand scenario analysis.
Low Demand,566,729.26,1400,500,250,Synthetic Academic Simulation,Demand values are simulated for inventory/demand scenario analysis.
Low Demand,567,819.11,1400,500,250,Synthetic Academic Simulation,Demand values are simulated for inventory/demand scenario analysis.
Low Demand,568,1007.59,1400,500,250,Synthetic Academic Simulation,Demand values are simulated for inventory/demand scenario analysis.
Low Demand,569,774.77,1400,500,250,Synthetic Academic Simulation,Demand values are simulated for inventory/demand scenario analysis.
Low Demand,570,937.97,1400,500,250,Synthetic Academic Simulation,Demand values are simulated for inventory/demand scenario analysis.
Low Demand,571,531.2,1400,500,250,Synthetic Academic Simulation,Demand values are simulated for inventory/demand scenario analysis.
Low Demand,572,729.45,1400,500,250,Synthetic Academic Simulation,Demand values are simulated for inventory/demand scenario analysis.
Low Demand,573,804.15,1400,500,250,Synthetic Academic Simulation,Demand values are simulated for inventory/demand scenario analysis.
Low Demand,574,1088.5,1400,500,250,Synthetic Academic Simulation,Demand values are simulated for inventory/demand scenario analysis.
Low Demand,575,506.01,1400,500,250,Synthetic Academic Simulation,Demand values are simulated for inventory/demand scenario analysis.
Low Demand,576,785.57,1400,500,250,Synthetic Academic Simulation,Demand values are simulated for inventory/demand scenario analysis.
Low Demand,577,1018.5,1400,500,250,Synthetic Academic Simulation,Demand values are simulated for inventory/demand scenario analysis.
Low Demand,578,682.25,1400,500,250,Synthetic Academic Simulation,Demand values are simulated for inventory/demand scenario analysis.
Low Demand,579,768.07,1400,500,250,Synthetic Academic Simulation,Demand values are simulated for inventory/demand scenario analysis.
Low Demand,580,849.76,1400,500,250,Synthetic Academic Simulation,Demand values are simulated for inventory/demand scenario analysis.
Low Demand,581,827.68,1400,500,250,Synthetic Academic Simulation,Demand values are simulated for inventory/demand scenario analysis.
Low Demand,582,1034.87,1400,500,250,Synthetic Academic Simulation,Demand values are simulated for inventory/demand scenario analysis.
Low Demand,583,867.27,1400,500,250,Synthetic Academic Simulation,Demand values are simulated for inventory/demand scenario analysis.
Low Demand,584,999.17,1400,500,250,Synthetic Academic Simulation,Demand values are simulated for inventory/demand scenario analysis.
Low Demand,585,746.0,1400,500,250,Synthetic Academic Simulation,Demand values are simulated for inventory/demand scenario analysis.
Low Demand,586,688.92,1400,500,250,Synthetic Academic Simulation,Demand values are simulated for inventory/demand scenario analysis.
Low Demand,587,766.14,1400,500,250,Synthetic Academic Simulation,Demand values are simulated for inventory/demand scenario analysis.
Low Demand,588,626.13,1400,500,250,Synthetic Academic Simulation,Demand values are simulated for inventory/demand scenario analysis.
Low Demand,589,872.53,1400,500,250,Synthetic Academic Simulation,Demand values are simulated for inventory/demand scenario analysis.
Low Demand,590,742.12,1400,500,250,Synthetic Academic Simulation,Demand values are simulated for inventory/demand scenario analysis.
Low Demand,591,699.23,1400,500,250,Synthetic Academic Simulation,Demand values are simulated for inventory/demand scenario analysis.
Low Demand,592,874.8,1400,500,250,Synthetic Academic Simulation,Demand values are simulated for inventory/demand scenario analysis.
Low Demand,593,628.44,1400,500,250,Synthetic Academic Simulation,Demand values are simulated for inventory/demand scenario analysis.
Low Demand,594,915.58,1400,500,250,Synthetic Academic Simulation,Demand values are simulated for inventory/demand scenario analysis.
Low Demand,595,728.25,1400,500,250,Synthetic Academic Simulation,Demand values are simulated for inventory/demand scenario analysis.
Low Demand,596,973.86,1400,500,250,Synthetic Academic Simulation,Demand values are simulated for inventory/demand scenario analysis.
Low Demand,597,741.09,1400,500,250,Synthetic Academic Simulation,Demand values are simulated for inventory/demand scenario analysis.
Low Demand,598,894.79,1400,500,250,Synthetic Academic Simulation,Demand values are simulated for inventory/demand scenario analysis.
Low Demand,599,826.93,1400,500,250,Synthetic Academic Simulation,Demand values are simulated for inventory/demand scenario analysis.
Low Demand,600,911.59,1400,500,250,Synthetic Academic Simulation,Demand values are simulated for inventory/demand scenario analysis.
Low Demand,601,816.49,1400,500,250,Synthetic Academic Simulation,Demand values are simulated for inventory/demand scenario analysis.
Low Demand,602,550.49,1400,500,250,Synthetic Academic Simulation,Demand values are simulated for inventory/demand scenario analysis.
Low Demand,603,951.32,1400,500,250,Synthetic Academic Simulation,Demand values are simulated for inventory/demand scenario analysis.
Low Demand,604,786.85,1400,500,250,Synthetic Academic Simulation,Demand values are simulated for inventory/demand scenario analysis.
Low Demand,605,918.43,1400,500,250,Synthetic Academic Simulation,Demand values are simulated for inventory/demand scenario analysis.
Low Demand,606,903.54,1400,500,250,Synthetic Academic Simulation,Demand values are simulated for inventory/demand scenario analysis.
Low Demand,607,684.01,1400,500,250,Synthetic Academic Simulation,Demand values are simulated for inventory/demand scenario analysis.
Low Demand,608,662.78,1400,500,250,Synthetic Academic Simulation,Demand values are simulated for inventory/demand scenario analysis.
Low Demand,609,898.3,1400,500,250,Synthetic Academic Simulation,Demand values are simulated for inventory/demand scenario analysis.
Low Demand,610,754.51,1400,500,250,Synthetic Academic Simulation,Demand values are simulated for inventory/demand scenario analysis.
Low Demand,611,940.46,1400,500,250,Synthetic Academic Simulation,Demand values are simulated for inventory/demand scenario analysis.
Low Demand,612,773.27,1400,500,250,Synthetic Academic Simulation,Demand values are simulated for inventory/demand scenario analysis.
Low Demand,613,953.51,1400,500,250,Synthetic Academic Simulation,Demand values are simulated for inventory/demand scenario analysis.
Low Demand,614,863.5,1400,500,250,Synthetic Academic Simulation,Demand values are simulated for inventory/demand scenario analysis.
Low Demand,615,843.2,1400,500,250,Synthetic Academic Simulation,Demand values are simulated for inventory/demand scenario analysis.
Low Demand,616,743.9,1400,500,250,Synthetic Academic Simulation,Demand values are simulated for inventory/demand scenario analysis.
Low Demand,617,834.86,1400,500,250,Synthetic Academic Simulation,Demand values are simulated for inventory/demand scenario analysis.
Low Demand,618,978.93,1400,500,250,Synthetic Academic Simulation,Demand values are simulated for inventory/demand scenario analysis.
Low Demand,619,791.87,1400,500,250,Synthetic Academic Simulation,Demand values are simulated for inventory/demand scenario analysis.
Low Demand,620,879.68,1400,500,250,Synthetic Academic Simulation,Demand values are simulated for inventory/demand scenario analysis.
Low Demand,621,806.95,1400,500,250,Synthetic Academic Simulation,Demand values are simulated for inventory/demand scenario analysis.
Low Demand,622,818.69,1400,500,250,Synthetic Academic Simulation,Demand values are simulated for inventory/demand scenario analysis.
Low Demand,623,1058.51,1400,500,250,Synthetic Academic Simulation,Demand values are simulated for inventory/demand scenario analysis.
Low Demand,624,980.26,1400,500,250,Synthetic Academic Simulation,Demand values are simulated for inventory/demand scenario analysis.
Low Demand,625,811.91,1400,500,250,Synthetic Academic Simulation,Demand values are simulated for inventory/demand scenario analysis.
Low Demand,626,832.17,1400,500,250,Synthetic Academic Simulation,Demand values are simulated for inventory/demand scenario analysis.
Low Demand,627,694.72,1400,500,250,Synthetic Academic Simulation,Demand values are simulated for inventory/demand scenario analysis.
Low Demand,628,774.05,1400,500,250,Synthetic Academic Simulation,Demand values are simulated for inventory/demand scenario analysis.
Low Demand,629,846.41,1400,500,250,Synthetic Academic Simulation,Demand values are simulated for inventory/demand scenario analysis.
Low Demand,630,927.59,1400,500,250,Synthetic Academic Simulation,Demand values are simulated for inventory/demand scenario analysis.
Low Demand,631,912.38,1400,500,250,Synthetic Academic Simulation,Demand values are simulated for inventory/demand scenario analysis.
Low Demand,632,633.61,1400,500,250,Synthetic Academic Simulation,Demand values are simulated for inventory/demand scenario analysis.
Low Demand,633,946.55,1400,500,250,Synthetic Academic Simulation,Demand values are simulated for inventory/demand scenario analysis.
Low Demand,634,786.68,1400,500,250,Synthetic Academic Simulation,Demand values are simulated for inventory/demand scenario analysis.
Low Demand,635,651.95,1400,500,250,Synthetic Academic Simulation,Demand values are simulated for inventory/demand scenario analysis.
Low Demand,636,1000.46,1400,500,250,Synthetic Academic Simulation,Demand values are simulated for inventory/demand scenario analysis.
Low Demand,637,1019.49,1400,500,250,Synthetic Academic Simulation,Demand values are simulated for inventory/demand scenario analysis.
Low Demand,638,839.56,1400,500,250,Synthetic Academic Simulation,Demand values are simulated for inventory/demand scenario analysis.
Low Demand,639,906.32,1400,500,250,Synthetic Academic Simulation,Demand values are simulated for inventory/demand scenario analysis.
Low Demand,640,915.12,1400,500,250,Synthetic Academic Simulation,Demand values are simulated for inventory/demand scenario analysis.
Low Demand,641,1009.37,1400,500,250,Synthetic Academic Simulation,Demand values are simulated for inventory/demand scenario analysis.
Low Demand,642,909.21,1400,500,250,Synthetic Academic Simulation,Demand values are simulated for inventory/demand scenario analysis.
Low Demand,643,600.85,1400,500,250,Synthetic Academic Simulation,Demand values are simulated for inventory/demand scenario analysis.
Low Demand,644,1101.47,1400,500,250,Synthetic Academic Simulation,Demand values are simulated for inventory/demand scenario analysis.
Low Demand,645,959.85,1400,500,250,Synthetic Academic Simulation,Demand values are simulated for inventory/demand scenario analysis.
Low Demand,646,723.57,1400,500,250,Synthetic Academic Simulation,Demand values are simulated for inventory/demand scenario analysis.
Low Demand,647,645.56,1400,500,250,Synthetic Academic Simulation,Demand values are simulated for inventory/demand scenario analysis.
Low Demand,648,875.72,1400,500,250,Synthetic Academic Simulation,Demand values are simulated for inventory/demand scenario analysis.
Low Demand,649,758.26,1400,500,250,Synthetic Academic Simulation,Demand values are simulated for inventory/demand scenario analysis.
Low Demand,650,849.5,1400,500,250,Synthetic Academic Simulation,Demand values are simulated for inventory/demand scenario analysis.
Low Demand,651,911.51,1400,500,250,Synthetic Academic Simulation,Demand values are simulated for inventory/demand scenario analysis.
Low Demand,652,715.03,1400,500,250,Synthetic Academic Simulation,Demand values are simulated for inventory/demand scenario analysis.
Low Demand,653,632.58,1400,500,250,Synthetic Academic Simulation,Demand values are simulated for inventory/demand scenario analysis.
Low Demand,654,857.87,1400,500,250,Synthetic Academic Simulation,Demand values are simulated for inventory/demand scenario analysis.
Low Demand,655,719.99,1400,500,250,Synthetic Academic Simulation,Demand values are simulated for inventory/demand scenario analysis.
Low Demand,656,821.91,1400,500,250,Synthetic Academic Simulation,Demand values are simulated for inventory/demand scenario analysis.
Low Demand,657,598.5,1400,500,250,Synthetic Academic Simulation,Demand values are simulated for inventory/demand scenario analysis.
Low Demand,658,762.17,1400,500,250,Synthetic Academic Simulation,Demand values are simulated for inventory/demand scenario analysis.
Low Demand,659,907.24,1400,500,250,Synthetic Academic Simulation,Demand values are simulated for inventory/demand scenario analysis.
Low Demand,660,890.89,1400,500,250,Synthetic Academic Simulation,Demand values are simulated for inventory/demand scenario analysis.
Low Demand,661,681.75,1400,500,250,Synthetic Academic Simulation,Demand values are simulated for inventory/demand scenario analysis.
Low Demand,662,624.76,1400,500,250,Synthetic Academic Simulation,Demand values are simulated for inventory/demand scenario analysis.
Low Demand,663,802.36,1400,500,250,Synthetic Academic Simulation,Demand values are simulated for inventory/demand scenario analysis.
Low Demand,664,884.15,1400,500,250,Synthetic Academic Simulation,Demand values are simulated for inventory/demand scenario analysis.
Low Demand,665,860.78,1400,500,250,Synthetic Academic Simulation,Demand values are simulated for inventory/demand scenario analysis.
Low Demand,666,723.18,1400,500,250,Synthetic Academic Simulation,Demand values are simulated for inventory/demand scenario analysis.
Low Demand,667,844.67,1400,500,250,Synthetic Academic Simulation,Demand values are simulated for inventory/demand scenario analysis.
Low Demand,668,1025.35,1400,500,250,Synthetic Academic Simulation,Demand values are simulated for inventory/demand scenario analysis.
Low Demand,669,830.77,1400,500,250,Synthetic Academic Simulation,Demand values are simulated for inventory/demand scenario analysis.
Low Demand,670,555.03,1400,500,250,Synthetic Academic Simulation,Demand values are simulated for inventory/demand scenario analysis.
Low Demand,671,830.48,1400,500,250,Synthetic Academic Simulation,Demand values are simulated for inventory/demand scenario analysis.
Low Demand,672,1106.59,1400,500,250,Synthetic Academic Simulation,Demand values are simulated for inventory/demand scenario analysis.
Low Demand,673,606.89,1400,500,250,Synthetic Academic Simulation,Demand values are simulated for inventory/demand scenario analysis.
Low Demand,674,804.46,1400,500,250,Synthetic Academic Simulation,Demand values are simulated for inventory/demand scenario analysis.
Low Demand,675,766.05,1400,500,250,Synthetic Academic Simulation,Demand values are simulated for inventory/demand scenario analysis.
Low Demand,676,814.38,1400,500,250,Synthetic Academic Simulation,Demand values are simulated for inventory/demand scenario analysis.
Low Demand,677,829.14,1400,500,250,Synthetic Academic Simulation,Demand values are simulated for inventory/demand scenario analysis.
Low Demand,678,971.0,1400,500,250,Synthetic Academic Simulation,Demand values are simulated for inventory/demand scenario analysis.
Low Demand,679,812.72,1400,500,250,Synthetic Academic Simulation,Demand values are simulated for inventory/demand scenario analysis.
Low Demand,680,991.59,1400,500,250,Synthetic Academic Simulation,Demand values are simulated for inventory/demand scenario analysis.
Low Demand,681,782.35,1400,500,250,Synthetic Academic Simulation,Demand values are simulated for inventory/demand scenario analysis.
Low Demand,682,747.48,1400,500,250,Synthetic Academic Simulation,Demand values are simulated for inventory/demand scenario analysis.
Low Demand,683,699.62,1400,500,250,Synthetic Academic Simulation,Demand values are simulated for inventory/demand scenario analysis.
Low Demand,684,527.44,1400,500,250,Synthetic Academic Simulation,Demand values are simulated for inventory/demand scenario analysis.
Low Demand,685,841.37,1400,500,250,Synthetic Academic Simulation,Demand values are simulated for inventory/demand scenario analysis.
Low Demand,686,1108.1,1400,500,250,Synthetic Academic Simulation,Demand values are simulated for inventory/demand scenario analysis.
Low Demand,687,868.74,1400,500,250,Synthetic Academic Simulation,Demand values are simulated for inventory/demand scenario analysis.
Low Demand,688,903.01,1400,500,250,Synthetic Academic Simulation,Demand values are simulated for inventory/demand scenario analysis.
Low Demand,689,738.05,1400,500,250,Synthetic Academic Simulation,Demand values are simulated for inventory/demand scenario analysis.
Low Demand,690,763.35,1400,500,250,Synthetic Academic Simulation,Demand values are simulated for inventory/demand scenario analysis.
Low Demand,691,947.7,1400,500,250,Synthetic Academic Simulation,Demand values are simulated for inventory/demand scenario analysis.
Low Demand,692,1101.3,1400,500,250,Synthetic Academic Simulation,Demand values are simulated for inventory/demand scenario analysis.
Low Demand,693,1023.19,1400,500,250,Synthetic Academic Simulation,Demand values are simulated for inventory/demand scenario analysis.
Low Demand,694,920.79,1400,500,250,Synthetic Academic Simulation,Demand values are simulated for inventory/demand scenario analysis.
Low Demand,695,805.27,1400,500,250,Synthetic Academic Simulation,Demand values are simulated for inventory/demand scenario analysis.
Low Demand,696,831.46,1400,500,250,Synthetic Academic Simulation,Demand values are simulated for inventory/demand scenario analysis.
Low Demand,697,686.97,1400,500,250,Synthetic Academic Simulation,Demand values are simulated for inventory/demand scenario analysis.
Low Demand,698,582.77,1400,500,250,Synthetic Academic Simulation,Demand values are simulated for inventory/demand scenario analysis.
Low Demand,699,630.98,1400,500,250,Synthetic Academic Simulation,Demand values are simulated for inventory/demand scenario analysis.
Low Demand,700,807.47,1400,500,250,Synthetic Academic Simulation,Demand values are simulated for inventory/demand scenario analysis.
Low Demand,701,756.2,1400,500,250,Synthetic Academic Simulation,Demand values are simulated for inventory/demand scenario analysis.
Low Demand,702,579.58,1400,500,250,Synthetic Academic Simulation,Demand values are simulated for inventory/demand scenario analysis.
Low Demand,703,794.4,1400,500,250,Synthetic Academic Simulation,Demand values are simulated for inventory/demand scenario analysis.
Low Demand,704,752.24,1400,500,250,Synthetic Academic Simulation,Demand values are simulated for inventory/demand scenario analysis.
Low Demand,705,624.07,1400,500,250,Synthetic Academic Simulation,Demand values are simulated for inventory/demand scenario analysis.
Low Demand,706,744.47,1400,500,250,Synthetic Academic Simulation,Demand values are simulated for inventory/demand scenario analysis.
Low Demand,707,751.86,1400,500,250,Synthetic Academic Simulation,Demand values are simulated for inventory/demand scenario analysis.
Low Demand,708,707.5,1400,500,250,Synthetic Academic Simulation,Demand values are simulated for inventory/demand scenario analysis.
Low Demand,709,939.0,1400,500,250,Synthetic Academic Simulation,Demand values are simulated for inventory/demand scenario analysis.
Low Demand,710,514.56,1400,500,250,Synthetic Academic Simulation,Demand values are simulated for inventory/demand scenario analysis.
Low Demand,711,502.13,1400,500,250,Synthetic Academic Simulation,Demand values are simulated for inventory/demand scenario analysis.
Low Demand,712,800.49,1400,500,250,Synthetic Academic Simulation,Demand values are simulated for inventory/demand scenario analysis.
Low Demand,713,814.42,1400,500,250,Synthetic Academic Simulation,Demand values are simulated for inventory/demand scenario analysis.
Low Demand,714,860.63,1400,500,250,Synthetic Academic Simulation,Demand values are simulated for inventory/demand scenario analysis.
Low Demand,715,719.15,1400,500,250,Synthetic Academic Simulation,Demand values are simulated for inventory/demand scenario analysis.
Low Demand,716,662.31,1400,500,250,Synthetic Academic Simulation,Demand values are simulated for inventory/demand scenario analysis.
Low Demand,717,798.9,1400,500,250,Synthetic Academic Simulation,Demand values are simulated for inventory/demand scenario analysis.
Low Demand,718,733.76,1400,500,250,Synthetic Academic Simulation,Demand values are simulated for inventory/demand scenario analysis.
Low Demand,719,1032.66,1400,500,250,Synthetic Academic Simulation,Demand values are simulated for inventory/demand scenario analysis.
Low Demand,720,751.37,1400,500,250,Synthetic Academic Simulation,Demand values are simulated for inventory/demand scenario analysis.
Low Demand,721,792.02,1400,500,250,Synthetic Academic Simulation,Demand values are simulated for inventory/demand scenario analysis.
Low Demand,722,1171.31,1400,500,250,Synthetic Academic Simulation,Demand values are simulated for inventory/demand scenario analysis.
Low Demand,723,770.79,1400,500,250,Synthetic Academic Simulation,Demand values are simulated for inventory/demand scenario analysis.
Low Demand,724,883.42,1400,500,250,Synthetic Academic Simulation,Demand values are simulated for inventory/demand scenario analysis.
Low Demand,725,896.95,1400,500,250,Synthetic Academic Simulation,Demand values are simulated for inventory/demand scenario analysis.
Low Demand,726,909.71,1400,500,250,Synthetic Academic Simulation,Demand values are simulated for inventory/demand scenario analysis.
Low Demand,727,843.42,1400,500,250,Synthetic Academic Simulation,Demand values are simulated for inventory/demand scenario analysis.
Low Demand,728,829.08,1400,500,250,Synthetic Academic Simulation,Demand values are simulated for inventory/demand scenario analysis.
Low Demand,729,815.05,1400,500,250,Synthetic Academic Simulation,Demand values are simulated for inventory/demand scenario analysis.
Low Demand,730,713.6,1400,500,250,Synthetic Academic Simulation,Demand values are simulated for inventory/demand scenario analysis.
Low Demand,731,848.83,1400,500,250,Synthetic Academic Simulation,Demand values are simulated for inventory/demand scenario analysis.
Low Demand,732,1104.3,1400,500,250,Synthetic Academic Simulation,Demand values are simulated for inventory/demand scenario analysis.
Low Demand,733,981.6,1400,500,250,Synthetic Academic Simulation,Demand values are simulated for inventory/demand scenario analysis.
Low Demand,734,845.59,1400,500,250,Synthetic Academic Simulation,Demand values are simulated for inventory/demand scenario analysis.
Low Demand,735,928.37,1400,500,250,Synthetic Academic Simulation,Demand values are simulated for inventory/demand scenario analysis.
Low Demand,736,669.62,1400,500,250,Synthetic Academic Simulation,Demand values are simulated for inventory/demand scenario analysis.
Low Demand,737,760.92,1400,500,250,Synthetic Academic Simulation,Demand values are simulated for inventory/demand scenario analysis.
Low Demand,738,942.18,1400,500,250,Synthetic Academic Simulation,Demand values are simulated for inventory/demand scenario analysis.
Low Demand,739,1023.08,1400,500,250,Synthetic Academic Simulation,Demand values are simulated for inventory/demand scenario analysis.
Low Demand,740,684.37,1400,500,250,Synthetic Academic Simulation,Demand values are simulated for inventory/demand scenario analysis.
Low Demand,741,727.46,1400,500,250,Synthetic Academic Simulation,Demand values are simulated for inventory/demand scenario analysis.
Low Demand,742,1127.21,1400,500,250,Synthetic Academic Simulation,Demand values are simulated for inventory/demand scenario analysis.
Low Demand,743,814.44,1400,500,250,Synthetic Academic Simulation,Demand values are simulated for inventory/demand scenario analysis.
Low Demand,744,1073.5,1400,500,250,Synthetic Academic Simulation,Demand values are simulated for inventory/demand scenario analysis.
Low Demand,745,831.03,1400,500,250,Synthetic Academic Simulation,Demand values are simulated for inventory/demand scenario analysis.
Low Demand,746,836.93,1400,500,250,Synthetic Academic Simulation,Demand values are simulated for inventory/demand scenario analysis.
Low Demand,747,754.18,1400,500,250,Synthetic Academic Simulation,Demand values are simulated for inventory/demand scenario analysis.
Low Demand,748,941.38,1400,500,250,Synthetic Academic Simulation,Demand values are simulated for inventory/demand scenario analysis.
Low Demand,749,1003.67,1400,500,250,Synthetic Academic Simulation,Demand values are simulated for inventory/demand scenario analysis.
Low Demand,750,644.75,1400,500,250,Synthetic Academic Simulation,Demand values are simulated for inventory/demand scenario analysis.
Low Demand,751,747.13,1400,500,250,Synthetic Academic Simulation,Demand values are simulated for inventory/demand scenario analysis.
Low Demand,752,937.26,1400,500,250,Synthetic Academic Simulation,Demand values are simulated for inventory/demand scenario analysis.
Low Demand,753,780.57,1400,500,250,Synthetic Academic Simulation,Demand values are simulated for inventory/demand scenario analysis.
Low Demand,754,725.99,1400,500,250,Synthetic Academic Simulation,Demand values are simulated for inventory/demand scenario analysis.
Low Demand,755,951.43,1400,500,250,Synthetic Academic Simulation,Demand values are simulated for inventory/demand scenario analysis.
Low Demand,756,965.52,1400,500,250,Synthetic Academic Simulation,Demand values are simulated for inventory/demand scenario analysis.
Low Demand,757,732.55,1400,500,250,Synthetic Academic Simulation,Demand values are simulated for inventory/demand scenario analysis.
Low Demand,758,831.85,1400,500,250,Synthetic Academic Simulation,Demand values are simulated for inventory/demand scenario analysis.
Low Demand,759,618.73,1400,500,250,Synthetic Academic Simulation,Demand values are simulated for inventory/demand scenario analysis.
Low Demand,760,665.68,1400,500,250,Synthetic Academic Simulation,Demand values are simulated for inventory/demand scenario analysis.
Low Demand,761,818.62,1400,500,250,Synthetic Academic Simulation,Demand values are simulated for inventory/demand scenario analysis.
Low Demand,762,804.71,1400,500,250,Synthetic Academic Simulation,Demand values are simulated for inventory/demand scenario analysis.
Low Demand,763,654.97,1400,500,250,Synthetic Academic Simulation,Demand values are simulated for inventory/demand scenario analysis.
Low Demand,764,692.6,1400,500,250,Synthetic Academic Simulation,Demand values are simulated for inventory/demand scenario analysis.
Low Demand,765,640.24,1400,500,250,Synthetic Academic Simulation,Demand values are simulated for inventory/demand scenario analysis.
Low Demand,766,868.26,1400,500,250,Synthetic Academic Simulation,Demand values are simulated for inventory/demand scenario analysis.
Low Demand,767,504.85,1400,500,250,Synthetic Academic Simulation,Demand values are simulated for inventory/demand scenario analysis.
Low Demand,768,648.26,1400,500,250,Synthetic Academic Simulation,Demand values are simulated for inventory/demand scenario analysis.
Low Demand,769,520.56,1400,500,250,Synthetic Academic Simulation,Demand values are simulated for inventory/demand scenario analysis.
Low Demand,770,862.85,1400,500,250,Synthetic Academic Simulation,Demand values are simulated for inventory/demand scenario analysis.
Low Demand,771,529.59,1400,500,250,Synthetic Academic Simulation,Demand values are simulated for inventory/demand scenario analysis.
Low Demand,772,804.76,1400,500,250,Synthetic Academic Simulation,Demand values are simulated for inventory/demand scenario analysis.
Low Demand,773,1045.93,1400,500,250,Synthetic Academic Simulation,Demand values are simulated for inventory/demand scenario analysis.
Low Demand,774,1051.02,1400,500,250,Synthetic Academic Simulation,Demand values are simulated for inventory/demand scenario analysis.
Low Demand,775,529.11,1400,500,250,Synthetic Academic Simulation,Demand values are simulated for inventory/demand scenario analysis.
Low Demand,776,844.76,1400,500,250,Synthetic Academic Simulation,Demand values are simulated for inventory/demand scenario analysis.
Low Demand,777,651.65,1400,500,250,Synthetic Academic Simulation,Demand values are simulated for inventory/demand scenario analysis.
Low Demand,778,621.03,1400,500,250,Synthetic Academic Simulation,Demand values are simulated for inventory/demand scenario analysis.
Low Demand,779,782.98,1400,500,250,Synthetic Academic Simulation,Demand values are simulated for inventory/demand scenario analysis.
Low Demand,780,984.24,1400,500,250,Synthetic Academic Simulation,Demand values are simulated for inventory/demand scenario analysis.
Low Demand,781,889.95,1400,500,250,Synthetic Academic Simulation,Demand values are simulated for inventory/demand scenario analysis.
Low Demand,782,692.73,1400,500,250,Synthetic Academic Simulation,Demand values are simulated for inventory/demand scenario analysis.
Low Demand,783,905.76,1400,500,250,Synthetic Academic Simulation,Demand values are simulated for inventory/demand scenario analysis.
Low Demand,784,463.44,1400,500,250,Synthetic Academic Simulation,Demand values are simulated for inventory/demand scenario analysis.
Low Demand,785,687.06,1400,500,250,Synthetic Academic Simulation,Demand values are simulated for inventory/demand scenario analysis.
Low Demand,786,676.42,1400,500,250,Synthetic Academic Simulation,Demand values are simulated for inventory/demand scenario analysis.
Low Demand,787,811.75,1400,500,250,Synthetic Academic Simulation,Demand values are simulated for inventory/demand scenario analysis.
Low Demand,788,769.58,1400,500,250,Synthetic Academic Simulation,Demand values are simulated for inventory/demand scenario analysis.
Low Demand,789,778.78,1400,500,250,Synthetic Academic Simulation,Demand values are simulated for inventory/demand scenario analysis.
Low Demand,790,773.79,1400,500,250,Synthetic Academic Simulation,Demand values are simulated for inventory/demand scenario analysis.
Low Demand,791,803.36,1400,500,250,Synthetic Academic Simulation,Demand values are simulated for inventory/demand scenario analysis.
Low Demand,792,881.02,1400,500,250,Synthetic Academic Simulation,Demand values are simulated for inventory/demand scenario analysis.
Low Demand,793,822.4,1400,500,250,Synthetic Academic Simulation,Demand values are simulated for inventory/demand scenario analysis.
Low Demand,794,757.35,1400,500,250,Synthetic Academic Simulation,Demand values are simulated for inventory/demand scenario analysis.
Low Demand,795,860.26,1400,500,250,Synthetic Academic Simulation,Demand values are simulated for inventory/demand scenario analysis.
Low Demand,796,923.92,1400,500,250,Synthetic Academic Simulation,Demand values are simulated for inventory/demand scenario analysis.
Low Demand,797,716.6,1400,500,250,Synthetic Academic Simulation,Demand values are simulated for inventory/demand scenario analysis.
Low Demand,798,791.09,1400,500,250,Synthetic Academic Simulation,Demand values are simulated for inventory/demand scenario analysis.
Low Demand,799,974.29,1400,500,250,Synthetic Academic Simulation,Demand values are simulated for inventory/demand scenario analysis.
Low Demand,800,634.59,1400,500,250,Synthetic Academic Simulation,Demand values are simulated for inventory/demand scenario analysis.
Low Demand,801,1070.71,1400,500,250,Synthetic Academic Simulation,Demand values are simulated for inventory/demand scenario analysis.
Low Demand,802,599.13,1400,500,250,Synthetic Academic Simulation,Demand values are simulated for inventory/demand scenario analysis.
Low Demand,803,748.2,1400,500,250,Synthetic Academic Simulation,Demand values are simulated for inventory/demand scenario analysis.
Low Demand,804,657.47,1400,500,250,Synthetic Academic Simulation,Demand values are simulated for inventory/demand scenario analysis.
Low Demand,805,1128.19,1400,500,250,Synthetic Academic Simulation,Demand values are simulated for inventory/demand scenario analysis.
Low Demand,806,724.5,1400,500,250,Synthetic Academic Simulation,Demand values are simulated for inventory/demand scenario analysis.
Low Demand,807,724.87,1400,500,250,Synthetic Academic Simulation,Demand values are simulated for inventory/demand scenario analysis.
Low Demand,808,744.39,1400,500,250,Synthetic Academic Simulation,Demand values are simulated for inventory/demand scenario analysis.
Low Demand,809,814.34,1400,500,250,Synthetic Academic Simulation,Demand values are simulated for inventory/demand scenario analysis.
Low Demand,810,750.73,1400,500,250,Synthetic Academic Simulation,Demand values are simulated for inventory/demand scenario analysis.
Low Demand,811,780.07,1400,500,250,Synthetic Academic Simulation,Demand values are simulated for inventory/demand scenario analysis.
Low Demand,812,270.62,1400,500,250,Synthetic Academic Simulation,Demand values are simulated for inventory/demand scenario analysis.
Low Demand,813,808.57,1400,500,250,Synthetic Academic Simulation,Demand values are simulated for inventory/demand scenario analysis.
Low Demand,814,802.67,1400,500,250,Synthetic Academic Simulation,Demand values are simulated for inventory/demand scenario analysis.
Low Demand,815,955.79,1400,500,250,Synthetic Academic Simulation,Demand values are simulated for inventory/demand scenario analysis.
Low Demand,816,996.36,1400,500,250,Synthetic Academic Simulation,Demand values are simulated for inventory/demand scenario analysis.
Low Demand,817,771.84,1400,500,250,Synthetic Academic Simulation,Demand values are simulated for inventory/demand scenario analysis.
Low Demand,818,922.43,1400,500,250,Synthetic Academic Simulation,Demand values are simulated for inventory/demand scenario analysis.
Low Demand,819,634.76,1400,500,250,Synthetic Academic Simulation,Demand values are simulated for inventory/demand scenario analysis.
Low Demand,820,915.1,1400,500,250,Synthetic Academic Simulation,Demand values are simulated for inventory/demand scenario analysis.
Low Demand,821,714.13,1400,500,250,Synthetic Academic Simulation,Demand values are simulated for inventory/demand scenario analysis.
Low Demand,822,622.3,1400,500,250,Synthetic Academic Simulation,Demand values are simulated for inventory/demand scenario analysis.
Low Demand,823,772.16,1400,500,250,Synthetic Academic Simulation,Demand values are simulated for inventory/demand scenario analysis.
Low Demand,824,1010.07,1400,500,250,Synthetic Academic Simulation,Demand values are simulated for inventory/demand scenario analysis.
Low Demand,825,827.15,1400,500,250,Synthetic Academic Simulation,Demand values are simulated for inventory/demand scenario analysis.
Low Demand,826,1024.47,1400,500,250,Synthetic Academic Simulation,Demand values are simulated for inventory/demand scenario analysis.
Low Demand,827,687.69,1400,500,250,Synthetic Academic Simulation,Demand values are simulated for inventory/demand scenario analysis.
Low Demand,828,957.18,1400,500,250,Synthetic Academic Simulation,Demand values are simulated for inventory/demand scenario analysis.
Low Demand,829,702.18,1400,500,250,Synthetic Academic Simulation,Demand values are simulated for inventory/demand scenario analysis.
Low Demand,830,833.8,1400,500,250,Synthetic Academic Simulation,Demand values are simulated for inventory/demand scenario analysis.
Low Demand,831,832.5,1400,500,250,Synthetic Academic Simulation,Demand values are simulated for inventory/demand scenario analysis.
Low Demand,832,899.22,1400,500,250,Synthetic Academic Simulation,Demand values are simulated for inventory/demand scenario analysis.
Low Demand,833,837.61,1400,500,250,Synthetic Academic Simulation,Demand values are simulated for inventory/demand scenario analysis.
Low Demand,834,689.12,1400,500,250,Synthetic Academic Simulation,Demand values are simulated for inventory/demand scenario analysis.
Low Demand,835,932.05,1400,500,250,Synthetic Academic Simulation,Demand values are simulated for inventory/demand scenario analysis.
Low Demand,836,1059.75,1400,500,250,Synthetic Academic Simulation,Demand values are simulated for inventory/demand scenario analysis.
Low Demand,837,712.43,1400,500,250,Synthetic Academic Simulation,Demand values are simulated for inventory/demand scenario analysis.
Low Demand,838,524.72,1400,500,250,Synthetic Academic Simulation,Demand values are simulated for inventory/demand scenario analysis.
Low Demand,839,874.9,1400,500,250,Synthetic Academic Simulation,Demand values are simulated for inventory/demand scenario analysis.
Low Demand,840,750.32,1400,500,250,Synthetic Academic Simulation,Demand values are simulated for inventory/demand scenario analysis.
Low Demand,841,780.33,1400,500,250,Synthetic Academic Simulation,Demand values are simulated for inventory/demand scenario analysis.
Low Demand,842,883.43,1400,500,250,Synthetic Academic Simulation,Demand values are simulated for inventory/demand scenario analysis.
Low Demand,843,731.54,1400,500,250,Synthetic Academic Simulation,Demand values are simulated for inventory/demand scenario analysis.
Low Demand,844,759.67,1400,500,250,Synthetic Academic Simulation,Demand values are simulated for inventory/demand scenario analysis.
Low Demand,845,784.98,1400,500,250,Synthetic Academic Simulation,Demand values are simulated for inventory/demand scenario analysis.
Low Demand,846,1020.46,1400,500,250,Synthetic Academic Simulation,Demand values are simulated for inventory/demand scenario analysis.
Low Demand,847,804.51,1400,500,250,Synthetic Academic Simulation,Demand values are simulated for inventory/demand scenario analysis.
Low Demand,848,614.65,1400,500,250,Synthetic Academic Simulation,Demand values are simulated for inventory/demand scenario analysis.
Low Demand,849,620.62,1400,500,250,Synthetic Academic Simulation,Demand values are simulated for inventory/demand scenario analysis.
Low Demand,850,820.88,1400,500,250,Synthetic Academic Simulation,Demand values are simulated for inventory/demand scenario analysis.
Low Demand,851,630.59,1400,500,250,Synthetic Academic Simulation,Demand values are simulated for inventory/demand scenario analysis.
Low Demand,852,565.65,1400,500,250,Synthetic Academic Simulation,Demand values are simulated for inventory/demand scenario analysis.
Low Demand,853,895.33,1400,500,250,Synthetic Academic Simulation,Demand values are simulated for inventory/demand scenario analysis.
Low Demand,854,902.67,1400,500,250,Synthetic Academic Simulation,Demand values are simulated for inventory/demand scenario analysis.
Low Demand,855,744.78,1400,500,250,Synthetic Academic Simulation,Demand values are simulated for inventory/demand scenario analysis.
Low Demand,856,844.05,1400,500,250,Synthetic Academic Simulation,Demand values are simulated for inventory/demand scenario analysis.
Low Demand,857,828.22,1400,500,250,Synthetic Academic Simulation,Demand values are simulated for inventory/demand scenario analysis.
Low Demand,858,890.36,1400,500,250,Synthetic Academic Simulation,Demand values are simulated for inventory/demand scenario analysis.
Low Demand,859,890.71,1400,500,250,Synthetic Academic Simulation,Demand values are simulated for inventory/demand scenario analysis.
Low Demand,860,409.13,1400,500,250,Synthetic Academic Simulation,Demand values are simulated for inventory/demand scenario analysis.
Low Demand,861,763.93,1400,500,250,Synthetic Academic Simulation,Demand values are simulated for inventory/demand scenario analysis.
Low Demand,862,877.69,1400,500,250,Synthetic Academic Simulation,Demand values are simulated for inventory/demand scenario analysis.
Low Demand,863,738.43,1400,500,250,Synthetic Academic Simulation,Demand values are simulated for inventory/demand scenario analysis.
Low Demand,864,805.43,1400,500,250,Synthetic Academic Simulation,Demand values are simulated for inventory/demand scenario analysis.
Low Demand,865,912.6,1400,500,250,Synthetic Academic Simulation,Demand values are simulated for inventory/demand scenario analysis.
Low Demand,866,812.14,1400,500,250,Synthetic Academic Simulation,Demand values are simulated for inventory/demand scenario analysis.
Low Demand,867,1026.19,1400,500,250,Synthetic Academic Simulation,Demand values are simulated for inventory/demand scenario analysis.
Low Demand,868,969.05,1400,500,250,Synthetic Academic Simulation,Demand values are simulated for inventory/demand scenario analysis.
Low Demand,869,782.22,1400,500,250,Synthetic Academic Simulation,Demand values are simulated for inventory/demand scenario analysis.
Low Demand,870,770.29,1400,500,250,Synthetic Academic Simulation,Demand values are simulated for inventory/demand scenario analysis.
Low Demand,871,372.45,1400,500,250,Synthetic Academic Simulation,Demand values are simulated for inventory/demand scenario analysis.
Low Demand,872,751.02,1400,500,250,Synthetic Academic Simulation,Demand values are simulated for inventory/demand scenario analysis.
Low Demand,873,597.01,1400,500,250,Synthetic Academic Simulation,Demand values are simulated for inventory/demand scenario analysis.
Low Demand,874,833.18,1400,500,250,Synthetic Academic Simulation,Demand values are simulated for inventory/demand scenario analysis.
Low Demand,875,822.93,1400,500,250,Synthetic Academic Simulation,Demand values are simulated for inventory/demand scenario analysis.
Low Demand,876,904.38,1400,500,250,Synthetic Academic Simulation,Demand values are simulated for inventory/demand scenario analysis.
Low Demand,877,1009.5,1400,500,250,Synthetic Academic Simulation,Demand values are simulated for inventory/demand scenario analysis.
Low Demand,878,796.06,1400,500,250,Synthetic Academic Simulation,Demand values are simulated for inventory/demand scenario analysis.
Low Demand,879,1142.06,1400,500,250,Synthetic Academic Simulation,Demand values are simulated for inventory/demand scenario analysis.
Low Demand,880,834.87,1400,500,250,Synthetic Academic Simulation,Demand values are simulated for inventory/demand scenario analysis.
Low Demand,881,603.47,1400,500,250,Synthetic Academic Simulation,Demand values are simulated for inventory/demand scenario analysis.
Low Demand,882,715.69,1400,500,250,Synthetic Academic Simulation,Demand values are simulated for inventory/demand scenario analysis.
Low Demand,883,744.09,1400,500,250,Synthetic Academic Simulation,Demand values are simulated for inventory/demand scenario analysis.
Low Demand,884,888.82,1400,500,250,Synthetic Academic Simulation,Demand values are simulated for inventory/demand scenario analysis.
Low Demand,885,657.91,1400,500,250,Synthetic Academic Simulation,Demand values are simulated for inventory/demand scenario analysis.
Low Demand,886,755.3,1400,500,250,Synthetic Academic Simulation,Demand values are simulated for inventory/demand scenario analysis.
Low Demand,887,775.84,1400,500,250,Synthetic Academic Simulation,Demand values are simulated for inventory/demand scenario analysis.
Low Demand,888,732.78,1400,500,250,Synthetic Academic Simulation,Demand values are simulated for inventory/demand scenario analysis.
Low Demand,889,921.71,1400,500,250,Synthetic Academic Simulation,Demand values are simulated for inventory/demand scenario analysis.
Low Demand,890,896.2,1400,500,250,Synthetic Academic Simulation,Demand values are simulated for inventory/demand scenario analysis.
Low Demand,891,974.99,1400,500,250,Synthetic Academic Simulation,Demand values are simulated for inventory/demand scenario analysis.
Low Demand,892,750.35,1400,500,250,Synthetic Academic Simulation,Demand values are simulated for inventory/demand scenario analysis.
Low Demand,893,980.38,1400,500,250,Synthetic Academic Simulation,Demand values are simulated for inventory/demand scenario analysis.
Low Demand,894,595.4,1400,500,250,Synthetic Academic Simulation,Demand values are simulated for inventory/demand scenario analysis.
Low Demand,895,591.74,1400,500,250,Synthetic Academic Simulation,Demand values are simulated for inventory/demand scenario analysis.
Low Demand,896,617.93,1400,500,250,Synthetic Academic Simulation,Demand values are simulated for inventory/demand scenario analysis.
Low Demand,897,801.38,1400,500,250,Synthetic Academic Simulation,Demand values are simulated for inventory/demand scenario analysis.
Low Demand,898,980.36,1400,500,250,Synthetic Academic Simulation,Demand values are simulated for inventory/demand scenario analysis.
Low Demand,899,709.68,1400,500,250,Synthetic Academic Simulation,Demand values are simulated for inventory/demand scenario analysis.
Low Demand,900,728.5,1400,500,250,Synthetic Academic Simulation,Demand values are simulated for inventory/demand scenario analysis.
Low Demand,901,767.6,1400,500,250,Synthetic Academic Simulation,Demand values are simulated for inventory/demand scenario analysis.
Low Demand,902,885.92,1400,500,250,Synthetic Academic Simulation,Demand values are simulated for inventory/demand scenario analysis.
Low Demand,903,728.36,1400,500,250,Synthetic Academic Simulation,Demand values are simulated for inventory/demand scenario analysis.
Low Demand,904,719.99,1400,500,250,Synthetic Academic Simulation,Demand values are simulated for inventory/demand scenario analysis.
Low Demand,905,598.19,1400,500,250,Synthetic Academic Simulation,Demand values are simulated for inventory/demand scenario analysis.
Low Demand,906,714.24,1400,500,250,Synthetic Academic Simulation,Demand values are simulated for inventory/demand scenario analysis.
Low Demand,907,976.62,1400,500,250,Synthetic Academic Simulation,Demand values are simulated for inventory/demand scenario analysis.
Low Demand,908,813.64,1400,500,250,Synthetic Academic Simulation,Demand values are simulated for inventory/demand scenario analysis.
Low Demand,909,689.02,1400,500,250,Synthetic Academic Simulation,Demand values are simulated for inventory/demand scenario analysis.
Low Demand,910,985.42,1400,500,250,Synthetic Academic Simulation,Demand values are simulated for inventory/demand scenario analysis.
Low Demand,911,712.22,1400,500,250,Synthetic Academic Simulation,Demand values are simulated for inventory/demand scenario analysis.
Low Demand,912,1012.99,1400,500,250,Synthetic Academic Simulation,Demand values are simulated for inventory/demand scenario analysis.
Low Demand,913,1010.54,1400,500,250,Synthetic Academic Simulation,Demand values are simulated for inventory/demand scenario analysis.
Low Demand,914,808.4,1400,500,250,Synthetic Academic Simulation,Demand values are simulated for inventory/demand scenario analysis.
Low Demand,915,575.22,1400,500,250,Synthetic Academic Simulation,Demand values are simulated for inventory/demand scenario analysis.
Low Demand,916,1143.43,1400,500,250,Synthetic Academic Simulation,Demand values are simulated for inventory/demand scenario analysis.
Low Demand,917,858.09,1400,500,250,Synthetic Academic Simulation,Demand values are simulated for inventory/demand scenario analysis.
Low Demand,918,751.42,1400,500,250,Synthetic Academic Simulation,Demand values are simulated for inventory/demand scenario analysis.
Low Demand,919,943.42,1400,500,250,Synthetic Academic Simulation,Demand values are simulated for inventory/demand scenario analysis.
Low Demand,920,905.35,1400,500,250,Synthetic Academic Simulation,Demand values are simulated for inventory/demand scenario analysis.
Low Demand,921,996.64,1400,500,250,Synthetic Academic Simulation,Demand values are simulated for inventory/demand scenario analysis.
Low Demand,922,700.65,1400,500,250,Synthetic Academic Simulation,Demand values are simulated for inventory/demand scenario analysis.
Low Demand,923,847.77,1400,500,250,Synthetic Academic Simulation,Demand values are simulated for inventory/demand scenario analysis.
Low Demand,924,622.12,1400,500,250,Synthetic Academic Simulation,Demand values are simulated for inventory/demand scenario analysis.
Low Demand,925,899.95,1400,500,250,Synthetic Academic Simulation,Demand values are simulated for inventory/demand scenario analysis.
Low Demand,926,796.56,1400,500,250,Synthetic Academic Simulation,Demand values are simulated for inventory/demand scenario analysis.
Low Demand,927,842.15,1400,500,250,Synthetic Academic Simulation,Demand values are simulated for inventory/demand scenario analysis.
Low Demand,928,778.05,1400,500,250,Synthetic Academic Simulation,Demand values are simulated for inventory/demand scenario analysis.
Low Demand,929,762.35,1400,500,250,Synthetic Academic Simulation,Demand values are simulated for inventory/demand scenario analysis.
Low Demand,930,669.77,1400,500,250,Synthetic Academic Simulation,Demand values are simulated for inventory/demand scenario analysis.
Low Demand,931,918.56,1400,500,250,Synthetic Academic Simulation,Demand values are simulated for inventory/demand scenario analysis.
Low Demand,932,1023.46,1400,500,250,Synthetic Academic Simulation,Demand values are simulated for inventory/demand scenario analysis.
Low Demand,933,716.5,1400,500,250,Synthetic Academic Simulation,Demand values are simulated for inventory/demand scenario analysis.
Low Demand,934,883.03,1400,500,250,Synthetic Academic Simulation,Demand values are simulated for inventory/demand scenario analysis.
Low Demand,935,864.83,1400,500,250,Synthetic Academic Simulation,Demand values are simulated for inventory/demand scenario analysis.
Low Demand,936,801.21,1400,500,250,Synthetic Academic Simulation,Demand values are simulated for inventory/demand scenario analysis.
Low Demand,937,571.01,1400,500,250,Synthetic Academic Simulation,Demand values are simulated for inventory/demand scenario analysis.
Low Demand,938,604.76,1400,500,250,Synthetic Academic Simulation,Demand values are simulated for inventory/demand scenario analysis.
Low Demand,939,682.85,1400,500,250,Synthetic Academic Simulation,Demand values are simulated for inventory/demand scenario analysis.
Low Demand,940,479.15,1400,500,250,Synthetic Academic Simulation,Demand values are simulated for inventory/demand scenario analysis.
Low Demand,941,1011.2,1400,500,250,Synthetic Academic Simulation,Demand values are simulated for inventory/demand scenario analysis.
Low Demand,942,855.16,1400,500,250,Synthetic Academic Simulation,Demand values are simulated for inventory/demand scenario analysis.
Low Demand,943,795.51,1400,500,250,Synthetic Academic Simulation,Demand values are simulated for inventory/demand scenario analysis.
Low Demand,944,471.46,1400,500,250,Synthetic Academic Simulation,Demand values are simulated for inventory/demand scenario analysis.
Low Demand,945,526.42,1400,500,250,Synthetic Academic Simulation,Demand values are simulated for inventory/demand scenario analysis.
Low Demand,946,799.65,1400,500,250,Synthetic Academic Simulation,Demand values are simulated for inventory/demand scenario analysis.
Low Demand,947,1095.57,1400,500,250,Synthetic Academic Simulation,Demand values are simulated for inventory/demand scenario analysis.
Low Demand,948,695.2,1400,500,250,Synthetic Academic Simulation,Demand values are simulated for inventory/demand scenario analysis.
Low Demand,949,929.57,1400,500,250,Synthetic Academic Simulation,Demand values are simulated for inventory/demand scenario analysis.
Low Demand,950,728.01,1400,500,250,Synthetic Academic Simulation,Demand values are simulated for inventory/demand scenario analysis.
Low Demand,951,808.29,1400,500,250,Synthetic Academic Simulation,Demand values are simulated for inventory/demand scenario analysis.
Low Demand,952,982.2,1400,500,250,Synthetic Academic Simulation,Demand values are simulated for inventory/demand scenario analysis.
Low Demand,953,748.11,1400,500,250,Synthetic Academic Simulation,Demand values are simulated for inventory/demand scenario analysis.
Low Demand,954,696.48,1400,500,250,Synthetic Academic Simulation,Demand values are simulated for inventory/demand scenario analysis.
Low Demand,955,1012.71,1400,500,250,Synthetic Academic Simulation,Demand values are simulated for inventory/demand scenario analysis.
Low Demand,956,806.83,1400,500,250,Synthetic Academic Simulation,Demand values are simulated for inventory/demand scenario analysis.
Low Demand,957,963.68,1400,500,250,Synthetic Academic Simulation,Demand values are simulated for inventory/demand scenario analysis.
Low Demand,958,697.21,1400,500,250,Synthetic Academic Simulation,Demand values are simulated for inventory/demand scenario analysis.
Low Demand,959,1011.0,1400,500,250,Synthetic Academic Simulation,Demand values are simulated for inventory/demand scenario analysis.
Low Demand,960,841.04,1400,500,250,Synthetic Academic Simulation,Demand values are simulated for inventory/demand scenario analysis.
Low Demand,961,865.22,1400,500,250,Synthetic Academic Simulation,Demand values are simulated for inventory/demand scenario analysis.
Low Demand,962,819.74,1400,500,250,Synthetic Academic Simulation,Demand values are simulated for inventory/demand scenario analysis.
Low Demand,963,724.18,1400,500,250,Synthetic Academic Simulation,Demand values are simulated for inventory/demand scenario analysis.
Low Demand,964,799.75,1400,500,250,Synthetic Academic Simulation,Demand values are simulated for inventory/demand scenario analysis.
Low Demand,965,733.61,1400,500,250,Synthetic Academic Simulation,Demand values are simulated for inventory/demand scenario analysis.
Low Demand,966,943.93,1400,500,250,Synthetic Academic Simulation,Demand values are simulated for inventory/demand scenario analysis.
Low Demand,967,769.54,1400,500,250,Synthetic Academic Simulation,Demand values are simulated for inventory/demand scenario analysis.
Low Demand,968,575.52,1400,500,250,Synthetic Academic Simulation,Demand values are simulated for inventory/demand scenario analysis.
Low Demand,969,548.09,1400,500,250,Synthetic Academic Simulation,Demand values are simulated for inventory/demand scenario analysis.
Low Demand,970,540.99,1400,500,250,Synthetic Academic Simulation,Demand values are simulated for inventory/demand scenario analysis.
Low Demand,971,892.7,1400,500,250,Synthetic Academic Simulation,Demand values are simulated for inventory/demand scenario analysis.
Low Demand,972,627.27,1400,500,250,Synthetic Academic Simulation,Demand values are simulated for inventory/demand scenario analysis.
Low Demand,973,845.01,1400,500,250,Synthetic Academic Simulation,Demand values are simulated for inventory/demand scenario analysis.
Low Demand,974,820.49,1400,500,250,Synthetic Academic Simulation,Demand values are simulated for inventory/demand scenario analysis.
Low Demand,975,790.29,1400,500,250,Synthetic Academic Simulation,Demand values are simulated for inventory/demand scenario analysis.
Low Demand,976,865.76,1400,500,250,Synthetic Academic Simulation,Demand values are simulated for inventory/demand scenario analysis.
Low Demand,977,823.75,1400,500,250,Synthetic Academic Simulation,Demand values are simulated for inventory/demand scenario analysis.
Low Demand,978,393.54,1400,500,250,Synthetic Academic Simulation,Demand values are simulated for inventory/demand scenario analysis.
Low Demand,979,751.46,1400,500,250,Synthetic Academic Simulation,Demand values are simulated for inventory/demand scenario analysis.
Low Demand,980,863.77,1400,500,250,Synthetic Academic Simulation,Demand values are simulated for inventory/demand scenario analysis.
Low Demand,981,1046.04,1400,500,250,Synthetic Academic Simulation,Demand values are simulated for inventory/demand scenario analysis.
Low Demand,982,1052.97,1400,500,250,Synthetic Academic Simulation,Demand values are simulated for inventory/demand scenario analysis.
Low Demand,983,595.53,1400,500,250,Synthetic Academic Simulation,Demand values are simulated for inventory/demand scenario analysis.
Low Demand,984,747.54,1400,500,250,Synthetic Academic Simulation,Demand values are simulated for inventory/demand scenario analysis.
Low Demand,985,565.08,1400,500,250,Synthetic Academic Simulation,Demand values are simulated for inventory/demand scenario analysis.
Low Demand,986,1027.98,1400,500,250,Synthetic Academic Simulation,Demand values are simulated for inventory/demand scenario analysis.
Low Demand,987,951.93,1400,500,250,Synthetic Academic Simulation,Demand values are simulated for inventory/demand scenario analysis.
Low Demand,988,852.59,1400,500,250,Synthetic Academic Simulation,Demand values are simulated for inventory/demand scenario analysis.
Low Demand,989,824.91,1400,500,250,Synthetic Academic Simulation,Demand values are simulated for inventory/demand scenario analysis.
Low Demand,990,1007.09,1400,500,250,Synthetic Academic Simulation,Demand values are simulated for inventory/demand scenario analysis.
Low Demand,991,981.7,1400,500,250,Synthetic Academic Simulation,Demand values are simulated for inventory/demand scenario analysis.
Low Demand,992,973.71,1400,500,250,Synthetic Academic Simulation,Demand values are simulated for inventory/demand scenario analysis.
Low Demand,993,868.5,1400,500,250,Synthetic Academic Simulation,Demand values are simulated for inventory/demand scenario analysis.
Low Demand,994,747.62,1400,500,250,Synthetic Academic Simulation,Demand values are simulated for inventory/demand scenario analysis.
Low Demand,995,915.07,1400,500,250,Synthetic Academic Simulation,Demand values are simulated for inventory/demand scenario analysis.
Low Demand,996,922.41,1400,500,250,Synthetic Academic Simulation,Demand values are simulated for inventory/demand scenario analysis.
Low Demand,997,771.4,1400,500,250,Synthetic Academic Simulation,Demand values are simulated for inventory/demand scenario analysis.
Low Demand,998,747.31,1400,500,250,Synthetic Academic Simulation,Demand values are simulated for inventory/demand scenario analysis.
Low Demand,999,970.0,1400,500,250,Synthetic Academic Simulation,Demand values are simulated for inventory/demand scenario analysis.
Low Demand,1000,1049.62,1400,500,250,Synthetic Academic Simulation,Demand values are simulated for inventory/demand scenario analysis.
Normal Demand,1,1087.59,1400,500,250,Synthetic Academic Simulation,Demand values are simulated for inventory/demand scenario analysis.
Normal Demand,2,1160.49,1400,500,250,Synthetic Academic Simulation,Demand values are simulated for inventory/demand scenario analysis.
Normal Demand,3,1252.64,1400,500,250,Synthetic Academic Simulation,Demand values are simulated for inventory/demand scenario analysis.
Normal Demand,4,1272.99,1400,500,250,Synthetic Academic Simulation,Demand values are simulated for inventory/demand scenario analysis.
Normal Demand,5,1121.65,1400,500,250,Synthetic Academic Simulation,Demand values are simulated for inventory/demand scenario analysis.
Normal Demand,6,1482.53,1400,500,250,Synthetic Academic Simulation,Demand values are simulated for inventory/demand scenario analysis.
Normal Demand,7,1263.31,1400,500,250,Synthetic Academic Simulation,Demand values are simulated for inventory/demand scenario analysis.
Normal Demand,8,1279.71,1400,500,250,Synthetic Academic Simulation,Demand values are simulated for inventory/demand scenario analysis.
Normal Demand,9,1463.83,1400,500,250,Synthetic Academic Simulation,Demand values are simulated for inventory/demand scenario analysis.
Normal Demand,10,1132.64,1400,500,250,Synthetic Academic Simulation,Demand values are simulated for inventory/demand scenario analysis.
Normal Demand,11,1186.74,1400,500,250,Synthetic Academic Simulation,Demand values are simulated for inventory/demand scenario analysis.
Normal Demand,12,1012.0,1400,500,250,Synthetic Academic Simulation,Demand values are simulated for inventory/demand scenario analysis.
Normal Demand,13,1174.15,1400,500,250,Synthetic Academic Simulation,Demand values are simulated for inventory/demand scenario analysis.
Normal Demand,14,976.66,1400,500,250,Synthetic Academic Simulation,Demand values are simulated for inventory/demand scenario analysis.
Normal Demand,15,1312.18,1400,500,250,Synthetic Academic Simulation,Demand values are simulated for inventory/demand scenario analysis.
Normal Demand,16,1263.0,1400,500,250,Synthetic Academic Simulation,Demand values are simulated for inventory/demand scenario analysis.
Normal Demand,17,1158.44,1400,500,250,Synthetic Academic Simulation,Demand values are simulated for inventory/demand scenario analysis.
Normal Demand,18,1184.94,1400,500,250,Synthetic Academic Simulation,Demand values are simulated for inventory/demand scenario analysis.
Normal Demand,19,1314.22,1400,500,250,Synthetic Academic Simulation,Demand values are simulated for inventory/demand scenario analysis.
Normal Demand,20,1029.63,1400,500,250,Synthetic Academic Simulation,Demand values are simulated for inventory/demand scenario analysis.
Normal Demand,21,1230.63,1400,500,250,Synthetic Academic Simulation,Demand values are simulated for inventory/demand scenario analysis.
Normal Demand,22,1304.93,1400,500,250,Synthetic Academic Simulation,Demand values are simulated for inventory/demand scenario analysis.
Normal Demand,23,932.66,1400,500,250,Synthetic Academic Simulation,Demand values are simulated for inventory/demand scenario analysis.
Normal Demand,24,1302.74,1400,500,250,Synthetic Academic Simulation,Demand values are simulated for inventory/demand scenario analysis.
Normal Demand,25,948.89,1400,500,250,Synthetic Academic Simulation,Demand values are simulated for inventory/demand scenario analysis.
Normal Demand,26,1182.36,1400,500,250,Synthetic Academic Simulation,Demand values are simulated for inventory/demand scenario analysis.
Normal Demand,27,1025.49,1400,500,250,Synthetic Academic Simulation,Demand values are simulated for inventory/demand scenario analysis.
Normal Demand,28,1414.69,1400,500,250,Synthetic Academic Simulation,Demand values are simulated for inventory/demand scenario analysis.
Normal Demand,29,1026.43,1400,500,250,Synthetic Academic Simulation,Demand values are simulated for inventory/demand scenario analysis.
Normal Demand,30,952.47,1400,500,250,Synthetic Academic Simulation,Demand values are simulated for inventory/demand scenario analysis.
Normal Demand,31,1220.0,1400,500,250,Synthetic Academic Simulation,Demand values are simulated for inventory/demand scenario analysis.
Normal Demand,32,1137.94,1400,500,250,Synthetic Academic Simulation,Demand values are simulated for inventory/demand scenario analysis.
Normal Demand,33,974.31,1400,500,250,Synthetic Academic Simulation,Demand values are simulated for inventory/demand scenario analysis.
Normal Demand,34,1278.87,1400,500,250,Synthetic Academic Simulation,Demand values are simulated for inventory/demand scenario analysis.
Normal Demand,35,901.28,1400,500,250,Synthetic Academic Simulation,Demand values are simulated for inventory/demand scenario analysis.
Normal Demand,36,1044.56,1400,500,250,Synthetic Academic Simulation,Demand values are simulated for inventory/demand scenario analysis.
Normal Demand,37,1113.72,1400,500,250,Synthetic Academic Simulation,Demand values are simulated for inventory/demand scenario analysis.
Normal Demand,38,1320.33,1400,500,250,Synthetic Academic Simulation,Demand values are simulated for inventory/demand scenario analysis.
Normal Demand,39,1394.32,1400,500,250,Synthetic Academic Simulation,Demand values are simulated for inventory/demand scenario analysis.
Normal Demand,40,1365.42,1400,500,250,Synthetic Academic Simulation,Demand values are simulated for inventory/demand scenario analysis.
Normal Demand,41,1177.01,1400,500,250,Synthetic Academic Simulation,Demand values are simulated for inventory/demand scenario analysis.
Normal Demand,42,835.9,1400,500,250,Synthetic Academic Simulation,Demand values are simulated for inventory/demand scenario analysis.
Normal Demand,43,1258.63,1400,500,250,Synthetic Academic Simulation,Demand values are simulated for inventory/demand scenario analysis.
Normal Demand,44,1420.59,1400,500,250,Synthetic Academic Simulation,Demand values are simulated for inventory/demand scenario analysis.
Normal Demand,45,1385.07,1400,500,250,Synthetic Academic Simulation,Demand values are simulated for inventory/demand scenario analysis.
Normal Demand,46,1269.44,1400,500,250,Synthetic Academic Simulation,Demand values are simulated for inventory/demand scenario analysis.
Normal Demand,47,1021.57,1400,500,250,Synthetic Academic Simulation,Demand values are simulated for inventory/demand scenario analysis.
Normal Demand,48,1121.2,1400,500,250,Synthetic Academic Simulation,Demand values are simulated for inventory/demand scenario analysis.
Normal Demand,49,1490.07,1400,500,250,Synthetic Academic Simulation,Demand values are simulated for inventory/demand scenario analysis.
Normal Demand,50,987.49,1400,500,250,Synthetic Academic Simulation,Demand values are simulated for inventory/demand scenario analysis.
Normal Demand,51,1027.82,1400,500,250,Synthetic Academic Simulation,Demand values are simulated for inventory/demand scenario analysis.
Normal Demand,52,1341.38,1400,500,250,Synthetic Academic Simulation,Demand values are simulated for inventory/demand scenario analysis.
Normal Demand,53,1135.33,1400,500,250,Synthetic Academic Simulation,Demand values are simulated for inventory/demand scenario analysis.
Normal Demand,54,1022.74,1400,500,250,Synthetic Academic Simulation,Demand values are simulated for inventory/demand scenario analysis.
Normal Demand,55,1429.2,1400,500,250,Synthetic Academic Simulation,Demand values are simulated for inventory/demand scenario analysis.
Normal Demand,56,1269.16,1400,500,250,Synthetic Academic Simulation,Demand values are simulated for inventory/demand scenario analysis.
Normal Demand,57,1142.73,1400,500,250,Synthetic Academic Simulation,Demand values are simulated for inventory/demand scenario analysis.
Normal Demand,58,1028.13,1400,500,250,Synthetic Academic Simulation,Demand values are simulated for inventory/demand scenario analysis.
Normal Demand,59,1507.11,1400,500,250,Synthetic Academic Simulation,Demand values are simulated for inventory/demand scenario analysis.
Normal Demand,60,1196.33,1400,500,250,Synthetic Academic Simulation,Demand values are simulated for inventory/demand scenario analysis.
Normal Demand,61,1409.6,1400,500,250,Synthetic Academic Simulation,Demand values are simulated for inventory/demand scenario analysis.
Normal Demand,62,1334.05,1400,500,250,Synthetic Academic Simulation,Demand values are simulated for inventory/demand scenario analysis.
Normal Demand,63,1121.86,1400,500,250,Synthetic Academic Simulation,Demand values are simulated for inventory/demand scenario analysis.
Normal Demand,64,1123.06,1400,500,250,Synthetic Academic Simulation,Demand values are simulated for inventory/demand scenario analysis.
Normal Demand,65,1416.95,1400,500,250,Synthetic Academic Simulation,Demand values are simulated for inventory/demand scenario analysis.
Normal Demand,66,1419.38,1400,500,250,Synthetic Academic Simulation,Demand values are simulated for inventory/demand scenario analysis.
Normal Demand,67,918.46,1400,500,250,Synthetic Academic Simulation,Demand values are simulated for inventory/demand scenario analysis.
Normal Demand,68,1282.47,1400,500,250,Synthetic Academic Simulation,Demand values are simulated for inventory/demand scenario analysis.
Normal Demand,69,1181.82,1400,500,250,Synthetic Academic Simulation,Demand values are simulated for inventory/demand scenario analysis.
Normal Demand,70,1045.0,1400,500,250,Synthetic Academic Simulation,Demand values are simulated for inventory/demand scenario analysis.
Normal Demand,71,1239.26,1400,500,250,Synthetic Academic Simulation,Demand values are simulated for inventory/demand scenario analysis.
Normal Demand,72,997.56,1400,500,250,Synthetic Academic Simulation,Demand values are simulated for inventory/demand scenario analysis.
Normal Demand,73,1130.03,1400,500,250,Synthetic Academic Simulation,Demand values are simulated for inventory/demand scenario analysis.
Normal Demand,74,1080.23,1400,500,250,Synthetic Academic Simulation,Demand values are simulated for inventory/demand scenario analysis.
Normal Demand,75,1125.03,1400,500,250,Synthetic Academic Simulation,Demand values are simulated for inventory/demand scenario analysis.
Normal Demand,76,1189.28,1400,500,250,Synthetic Academic Simulation,Demand values are simulated for inventory/demand scenario analysis.
Normal Demand,77,1047.67,1400,500,250,Synthetic Academic Simulation,Demand values are simulated for inventory/demand scenario analysis.
Normal Demand,78,1435.98,1400,500,250,Synthetic Academic Simulation,Demand values are simulated for inventory/demand scenario analysis.
Normal Demand,79,1273.99,1400,500,250,Synthetic Academic Simulation,Demand values are simulated for inventory/demand scenario analysis.
Normal Demand,80,1469.18,1400,500,250,Synthetic Academic Simulation,Demand values are simulated for inventory/demand scenario analysis.
Normal Demand,81,1175.99,1400,500,250,Synthetic Academic Simulation,Demand values are simulated for inventory/demand scenario analysis.
Normal Demand,82,1117.68,1400,500,250,Synthetic Academic Simulation,Demand values are simulated for inventory/demand scenario analysis.
Normal Demand,83,1463.76,1400,500,250,Synthetic Academic Simulation,Demand values are simulated for inventory/demand scenario analysis.
Normal Demand,84,1113.29,1400,500,250,Synthetic Academic Simulation,Demand values are simulated for inventory/demand scenario analysis.
Normal Demand,85,1173.26,1400,500,250,Synthetic Academic Simulation,Demand values are simulated for inventory/demand scenario analysis.
Normal Demand,86,1308.01,1400,500,250,Synthetic Academic Simulation,Demand values are simulated for inventory/demand scenario analysis.
Normal Demand,87,1014.34,1400,500,250,Synthetic Academic Simulation,Demand values are simulated for inventory/demand scenario analysis.
Normal Demand,88,1306.69,1400,500,250,Synthetic Academic Simulation,Demand values are simulated for inventory/demand scenario analysis.
Normal Demand,89,1287.5,1400,500,250,Synthetic Academic Simulation,Demand values are simulated for inventory/demand scenario analysis.
Normal Demand,90,1390.4,1400,500,250,Synthetic Academic Simulation,Demand values are simulated for inventory/demand scenario analysis.
Normal Demand,91,1333.51,1400,500,250,Synthetic Academic Simulation,Demand values are simulated for inventory/demand scenario analysis.
Normal Demand,92,1395.0,1400,500,250,Synthetic Academic Simulation,Demand values are simulated for inventory/demand scenario analysis.
Normal Demand,93,1183.44,1400,500,250,Synthetic Academic Simulation,Demand values are simulated for inventory/demand scenario analysis.
Normal Demand,94,1070.6,1400,500,250,Synthetic Academic Simulation,Demand values are simulated for inventory/demand scenario analysis.
Normal Demand,95,1516.5,1400,500,250,Synthetic Academic Simulation,Demand values are simulated for inventory/demand scenario analysis.
Normal Demand,96,971.0,1400,500,250,Synthetic Academic Simulation,Demand values are simulated for inventory/demand scenario analysis.
Normal Demand,97,986.02,1400,500,250,Synthetic Academic Simulation,Demand values are simulated for inventory/demand scenario analysis.
Normal Demand,98,1284.77,1400,500,250,Synthetic Academic Simulation,Demand values are simulated for inventory/demand scenario analysis.
Normal Demand,99,1443.75,1400,500,250,Synthetic Academic Simulation,Demand values are simulated for inventory/demand scenario analysis.
Normal Demand,100,1228.43,1400,500,250,Synthetic Academic Simulation,Demand values are simulated for inventory/demand scenario analysis.
Normal Demand,101,1349.9,1400,500,250,Synthetic Academic Simulation,Demand values are simulated for inventory/demand scenario analysis.
Normal Demand,102,900.63,1400,500,250,Synthetic Academic Simulation,Demand values are simulated for inventory/demand scenario analysis.
Normal Demand,103,1125.07,1400,500,250,Synthetic Academic Simulation,Demand values are simulated for inventory/demand scenario analysis.
Normal Demand,104,918.91,1400,500,250,Synthetic Academic Simulation,Demand values are simulated for inventory/demand scenario analysis.
Normal Demand,105,1317.06,1400,500,250,Synthetic Academic Simulation,Demand values are simulated for inventory/demand scenario analysis.
Normal Demand,106,967.92,1400,500,250,Synthetic Academic Simulation,Demand values are simulated for inventory/demand scenario analysis.
Normal Demand,107,1008.33,1400,500,250,Synthetic Academic Simulation,Demand values are simulated for inventory/demand scenario analysis.
Normal Demand,108,1277.1,1400,500,250,Synthetic Academic Simulation,Demand values are simulated for inventory/demand scenario analysis.
Normal Demand,109,1359.27,1400,500,250,Synthetic Academic Simulation,Demand values are simulated for inventory/demand scenario analysis.
Normal Demand,110,1176.15,1400,500,250,Synthetic Academic Simulation,Demand values are simulated for inventory/demand scenario analysis.
Normal Demand,111,1285.53,1400,500,250,Synthetic Academic Simulation,Demand values are simulated for inventory/demand scenario analysis.
Normal Demand,112,1280.67,1400,500,250,Synthetic Academic Simulation,Demand values are simulated for inventory/demand scenario analysis.
Normal Demand,113,1167.69,1400,500,250,Synthetic Academic Simulation,Demand values are simulated for inventory/demand scenario analysis.
Normal Demand,114,1035.79,1400,500,250,Synthetic Academic Simulation,Demand values are simulated for inventory/demand scenario analysis.
Normal Demand,115,1284.73,1400,500,250,Synthetic Academic Simulation,Demand values are simulated for inventory/demand scenario analysis.
Normal Demand,116,1291.96,1400,500,250,Synthetic Academic Simulation,Demand values are simulated for inventory/demand scenario analysis.
Normal Demand,117,1334.1,1400,500,250,Synthetic Academic Simulation,Demand values are simulated for inventory/demand scenario analysis.
Normal Demand,118,1246.81,1400,500,250,Synthetic Academic Simulation,Demand values are simulated for inventory/demand scenario analysis.
Normal Demand,119,1024.73,1400,500,250,Synthetic Academic Simulation,Demand values are simulated for inventory/demand scenario analysis.
Normal Demand,120,1303.55,1400,500,250,Synthetic Academic Simulation,Demand values are simulated for inventory/demand scenario analysis.
Normal Demand,121,1199.79,1400,500,250,Synthetic Academic Simulation,Demand values are simulated for inventory/demand scenario analysis.
Normal Demand,122,1127.59,1400,500,250,Synthetic Academic Simulation,Demand values are simulated for inventory/demand scenario analysis.
Normal Demand,123,1155.8,1400,500,250,Synthetic Academic Simulation,Demand values are simulated for inventory/demand scenario analysis.
Normal Demand,124,1096.46,1400,500,250,Synthetic Academic Simulation,Demand values are simulated for inventory/demand scenario analysis.
Normal Demand,125,1333.33,1400,500,250,Synthetic Academic Simulation,Demand values are simulated for inventory/demand scenario analysis.
Normal Demand,126,987.28,1400,500,250,Synthetic Academic Simulation,Demand values are simulated for inventory/demand scenario analysis.
Normal Demand,127,1050.98,1400,500,250,Synthetic Academic Simulation,Demand values are simulated for inventory/demand scenario analysis.
Normal Demand,128,1150.68,1400,500,250,Synthetic Academic Simulation,Demand values are simulated for inventory/demand scenario analysis.
Normal Demand,129,1442.06,1400,500,250,Synthetic Academic Simulation,Demand values are simulated for inventory/demand scenario analysis.
Normal Demand,130,1358.14,1400,500,250,Synthetic Academic Simulation,Demand values are simulated for inventory/demand scenario analysis.
Normal Demand,131,953.87,1400,500,250,Synthetic Academic Simulation,Demand values are simulated for inventory/demand scenario analysis.
Normal Demand,132,1402.7,1400,500,250,Synthetic Academic Simulation,Demand values are simulated for inventory/demand scenario analysis.
Normal Demand,133,1402.41,1400,500,250,Synthetic Academic Simulation,Demand values are simulated for inventory/demand scenario analysis.
Normal Demand,134,1023.9,1400,500,250,Synthetic Academic Simulation,Demand values are simulated for inventory/demand scenario analysis.
Normal Demand,135,821.78,1400,500,250,Synthetic Academic Simulation,Demand values are simulated for inventory/demand scenario analysis.
Normal Demand,136,1189.17,1400,500,250,Synthetic Academic Simulation,Demand values are simulated for inventory/demand scenario analysis.
Normal Demand,137,1368.36,1400,500,250,Synthetic Academic Simulation,Demand values are simulated for inventory/demand scenario analysis.
Normal Demand,138,1438.69,1400,500,250,Synthetic Academic Simulation,Demand values are simulated for inventory/demand scenario analysis.
Normal Demand,139,1069.38,1400,500,250,Synthetic Academic Simulation,Demand values are simulated for inventory/demand scenario analysis.
Normal Demand,140,1462.8,1400,500,250,Synthetic Academic Simulation,Demand values are simulated for inventory/demand scenario analysis.
Normal Demand,141,865.81,1400,500,250,Synthetic Academic Simulation,Demand values are simulated for inventory/demand scenario analysis.
Normal Demand,142,1144.79,1400,500,250,Synthetic Academic Simulation,Demand values are simulated for inventory/demand scenario analysis.
Normal Demand,143,1137.42,1400,500,250,Synthetic Academic Simulation,Demand values are simulated for inventory/demand scenario analysis.
Normal Demand,144,1372.85,1400,500,250,Synthetic Academic Simulation,Demand values are simulated for inventory/demand scenario analysis.
Normal Demand,145,1394.75,1400,500,250,Synthetic Academic Simulation,Demand values are simulated for inventory/demand scenario analysis.
Normal Demand,146,1343.13,1400,500,250,Synthetic Academic Simulation,Demand values are simulated for inventory/demand scenario analysis.
Normal Demand,147,997.42,1400,500,250,Synthetic Academic Simulation,Demand values are simulated for inventory/demand scenario analysis.
Normal Demand,148,1329.39,1400,500,250,Synthetic Academic Simulation,Demand values are simulated for inventory/demand scenario analysis.
Normal Demand,149,1276.36,1400,500,250,Synthetic Academic Simulation,Demand values are simulated for inventory/demand scenario analysis.
Normal Demand,150,949.31,1400,500,250,Synthetic Academic Simulation,Demand values are simulated for inventory/demand scenario analysis.
Normal Demand,151,889.95,1400,500,250,Synthetic Academic Simulation,Demand values are simulated for inventory/demand scenario analysis.
Normal Demand,152,1355.7,1400,500,250,Synthetic Academic Simulation,Demand values are simulated for inventory/demand scenario analysis.
Normal Demand,153,1172.99,1400,500,250,Synthetic Academic Simulation,Demand values are simulated for inventory/demand scenario analysis.
Normal Demand,154,1007.22,1400,500,250,Synthetic Academic Simulation,Demand values are simulated for inventory/demand scenario analysis.
Normal Demand,155,1168.77,1400,500,250,Synthetic Academic Simulation,Demand values are simulated for inventory/demand scenario analysis.
Normal Demand,156,1254.61,1400,500,250,Synthetic Academic Simulation,Demand values are simulated for inventory/demand scenario analysis.
Normal Demand,157,1187.57,1400,500,250,Synthetic Academic Simulation,Demand values are simulated for inventory/demand scenario analysis.
Normal Demand,158,967.2,1400,500,250,Synthetic Academic Simulation,Demand values are simulated for inventory/demand scenario analysis.
Normal Demand,159,1482.83,1400,500,250,Synthetic Academic Simulation,Demand values are simulated for inventory/demand scenario analysis.
Normal Demand,160,1350.63,1400,500,250,Synthetic Academic Simulation,Demand values are simulated for inventory/demand scenario analysis.
Normal Demand,161,1149.69,1400,500,250,Synthetic Academic Simulation,Demand values are simulated for inventory/demand scenario analysis.
Normal Demand,162,1155.74,1400,500,250,Synthetic Academic Simulation,Demand values are simulated for inventory/demand scenario analysis.
Normal Demand,163,1253.92,1400,500,250,Synthetic Academic Simulation,Demand values are simulated for inventory/demand scenario analysis.
Normal Demand,164,1030.56,1400,500,250,Synthetic Academic Simulation,Demand values are simulated for inventory/demand scenario analysis.
Normal Demand,165,1248.4,1400,500,250,Synthetic Academic Simulation,Demand values are simulated for inventory/demand scenario analysis.
Normal Demand,166,1000.39,1400,500,250,Synthetic Academic Simulation,Demand values are simulated for inventory/demand scenario analysis.
Normal Demand,167,1189.42,1400,500,250,Synthetic Academic Simulation,Demand values are simulated for inventory/demand scenario analysis.
Normal Demand,168,1024.71,1400,500,250,Synthetic Academic Simulation,Demand values are simulated for inventory/demand scenario analysis.
Normal Demand,169,1032.29,1400,500,250,Synthetic Academic Simulation,Demand values are simulated for inventory/demand scenario analysis.
Normal Demand,170,1446.86,1400,500,250,Synthetic Academic Simulation,Demand values are simulated for inventory/demand scenario analysis.
Normal Demand,171,1208.88,1400,500,250,Synthetic Academic Simulation,Demand values are simulated for inventory/demand scenario analysis.
Normal Demand,172,1231.11,1400,500,250,Synthetic Academic Simulation,Demand values are simulated for inventory/demand scenario analysis.
Normal Demand,173,898.29,1400,500,250,Synthetic Academic Simulation,Demand values are simulated for inventory/demand scenario analysis.
Normal Demand,174,1110.45,1400,500,250,Synthetic Academic Simulation,Demand values are simulated for inventory/demand scenario analysis.
Normal Demand,175,1269.18,1400,500,250,Synthetic Academic Simulation,Demand values are simulated for inventory/demand scenario analysis.
Normal Demand,176,1229.12,1400,500,250,Synthetic Academic Simulation,Demand values are simulated for inventory/demand scenario analysis.
Normal Demand,177,876.9,1400,500,250,Synthetic Academic Simulation,Demand values are simulated for inventory/demand scenario analysis.
Normal Demand,178,1231.07,1400,500,250,Synthetic Academic Simulation,Demand values are simulated for inventory/demand scenario analysis.
Normal Demand,179,1254.98,1400,500,250,Synthetic Academic Simulation,Demand values are simulated for inventory/demand scenario analysis.
Normal Demand,180,1392.56,1400,500,250,Synthetic Academic Simulation,Demand values are simulated for inventory/demand scenario analysis.
Normal Demand,181,1101.72,1400,500,250,Synthetic Academic Simulation,Demand values are simulated for inventory/demand scenario analysis.
Normal Demand,182,863.69,1400,500,250,Synthetic Academic Simulation,Demand values are simulated for inventory/demand scenario analysis.
Normal Demand,183,1050.48,1400,500,250,Synthetic Academic Simulation,Demand values are simulated for inventory/demand scenario analysis.
Normal Demand,184,1035.44,1400,500,250,Synthetic Academic Simulation,Demand values are simulated for inventory/demand scenario analysis.
Normal Demand,185,1310.51,1400,500,250,Synthetic Academic Simulation,Demand values are simulated for inventory/demand scenario analysis.
Normal Demand,186,792.49,1400,500,250,Synthetic Academic Simulation,Demand values are simulated for inventory/demand scenario analysis.
Normal Demand,187,1132.75,1400,500,250,Synthetic Academic Simulation,Demand values are simulated for inventory/demand scenario analysis.
Normal Demand,188,1413.87,1400,500,250,Synthetic Academic Simulation,Demand values are simulated for inventory/demand scenario analysis.
Normal Demand,189,1201.08,1400,500,250,Synthetic Academic Simulation,Demand values are simulated for inventory/demand scenario analysis.
Normal Demand,190,1334.45,1400,500,250,Synthetic Academic Simulation,Demand values are simulated for inventory/demand scenario analysis.
Normal Demand,191,953.73,1400,500,250,Synthetic Academic Simulation,Demand values are simulated for inventory/demand scenario analysis.
Normal Demand,192,959.7,1400,500,250,Synthetic Academic Simulation,Demand values are simulated for inventory/demand scenario analysis.
Normal Demand,193,1415.59,1400,500,250,Synthetic Academic Simulation,Demand values are simulated for inventory/demand scenario analysis.
Normal Demand,194,1215.18,1400,500,250,Synthetic Academic Simulation,Demand values are simulated for inventory/demand scenario analysis.
Normal Demand,195,1215.49,1400,500,250,Synthetic Academic Simulation,Demand values are simulated for inventory/demand scenario analysis.
Normal Demand,196,1032.28,1400,500,250,Synthetic Academic Simulation,Demand values are simulated for inventory/demand scenario analysis.
Normal Demand,197,1215.12,1400,500,250,Synthetic Academic Simulation,Demand values are simulated for inventory/demand scenario analysis.
Normal Demand,198,1028.11,1400,500,250,Synthetic Academic Simulation,Demand values are simulated for inventory/demand scenario analysis.
Normal Demand,199,1378.03,1400,500,250,Synthetic Academic Simulation,Demand values are simulated for inventory/demand scenario analysis.
Normal Demand,200,1609.17,1400,500,250,Synthetic Academic Simulation,Demand values are simulated for inventory/demand scenario analysis.
Normal Demand,201,1272.59,1400,500,250,Synthetic Academic Simulation,Demand values are simulated for inventory/demand scenario analysis.
Normal Demand,202,1104.76,1400,500,250,Synthetic Academic Simulation,Demand values are simulated for inventory/demand scenario analysis.
Normal Demand,203,819.95,1400,500,250,Synthetic Academic Simulation,Demand values are simulated for inventory/demand scenario analysis.
Normal Demand,204,947.33,1400,500,250,Synthetic Academic Simulation,Demand values are simulated for inventory/demand scenario analysis.
Normal Demand,205,1433.23,1400,500,250,Synthetic Academic Simulation,Demand values are simulated for inventory/demand scenario analysis.
Normal Demand,206,1045.62,1400,500,250,Synthetic Academic Simulation,Demand values are simulated for inventory/demand scenario analysis.
Normal Demand,207,1144.37,1400,500,250,Synthetic Academic Simulation,Demand values are simulated for inventory/demand scenario analysis.
Normal Demand,208,1298.3,1400,500,250,Synthetic Academic Simulation,Demand values are simulated for inventory/demand scenario analysis.
Normal Demand,209,1422.34,1400,500,250,Synthetic Academic Simulation,Demand values are simulated for inventory/demand scenario analysis.
Normal Demand,210,1170.06,1400,500,250,Synthetic Academic Simulation,Demand values are simulated for inventory/demand scenario analysis.
Normal Demand,211,1139.3,1400,500,250,Synthetic Academic Simulation,Demand values are simulated for inventory/demand scenario analysis.
Normal Demand,212,1210.74,1400,500,250,Synthetic Academic Simulation,Demand values are simulated for inventory/demand scenario analysis.
Normal Demand,213,1105.85,1400,500,250,Synthetic Academic Simulation,Demand values are simulated for inventory/demand scenario analysis.
Normal Demand,214,1113.93,1400,500,250,Synthetic Academic Simulation,Demand values are simulated for inventory/demand scenario analysis.
Normal Demand,215,1261.78,1400,500,250,Synthetic Academic Simulation,Demand values are simulated for inventory/demand scenario analysis.
Normal Demand,216,1227.79,1400,500,250,Synthetic Academic Simulation,Demand values are simulated for inventory/demand scenario analysis.
Normal Demand,217,1519.74,1400,500,250,Synthetic Academic Simulation,Demand values are simulated for inventory/demand scenario analysis.
Normal Demand,218,1265.83,1400,500,250,Synthetic Academic Simulation,Demand values are simulated for inventory/demand scenario analysis.
Normal Demand,219,1372.67,1400,500,250,Synthetic Academic Simulation,Demand values are simulated for inventory/demand scenario analysis.
Normal Demand,220,1039.31,1400,500,250,Synthetic Academic Simulation,Demand values are simulated for inventory/demand scenario analysis.
Normal Demand,221,1278.77,1400,500,250,Synthetic Academic Simulation,Demand values are simulated for inventory/demand scenario analysis.
Normal Demand,222,1091.55,1400,500,250,Synthetic Academic Simulation,Demand values are simulated for inventory/demand scenario analysis.
Normal Demand,223,1259.32,1400,500,250,Synthetic Academic Simulation,Demand values are simulated for inventory/demand scenario analysis.
Normal Demand,224,1303.28,1400,500,250,Synthetic Academic Simulation,Demand values are simulated for inventory/demand scenario analysis.
Normal Demand,225,1207.48,1400,500,250,Synthetic Academic Simulation,Demand values are simulated for inventory/demand scenario analysis.
Normal Demand,226,1561.1,1400,500,250,Synthetic Academic Simulation,Demand values are simulated for inventory/demand scenario analysis.
Normal Demand,227,1414.2,1400,500,250,Synthetic Academic Simulation,Demand values are simulated for inventory/demand scenario analysis.
Normal Demand,228,1376.59,1400,500,250,Synthetic Academic Simulation,Demand values are simulated for inventory/demand scenario analysis.
Normal Demand,229,1314.64,1400,500,250,Synthetic Academic Simulation,Demand values are simulated for inventory/demand scenario analysis.
Normal Demand,230,1464.5,1400,500,250,Synthetic Academic Simulation,Demand values are simulated for inventory/demand scenario analysis.
Normal Demand,231,984.45,1400,500,250,Synthetic Academic Simulation,Demand values are simulated for inventory/demand scenario analysis.
Normal Demand,232,1405.54,1400,500,250,Synthetic Academic Simulation,Demand values are simulated for inventory/demand scenario analysis.
Normal Demand,233,1051.31,1400,500,250,Synthetic Academic Simulation,Demand values are simulated for inventory/demand scenario analysis.
Normal Demand,234,1115.35,1400,500,250,Synthetic Academic Simulation,Demand values are simulated for inventory/demand scenario analysis.
Normal Demand,235,1284.21,1400,500,250,Synthetic Academic Simulation,Demand values are simulated for inventory/demand scenario analysis.
Normal Demand,236,1384.98,1400,500,250,Synthetic Academic Simulation,Demand values are simulated for inventory/demand scenario analysis.
Normal Demand,237,1026.96,1400,500,250,Synthetic Academic Simulation,Demand values are simulated for inventory/demand scenario analysis.
Normal Demand,238,1123.12,1400,500,250,Synthetic Academic Simulation,Demand values are simulated for inventory/demand scenario analysis.
Normal Demand,239,1214.63,1400,500,250,Synthetic Academic Simulation,Demand values are simulated for inventory/demand scenario analysis.
Normal Demand,240,1172.05,1400,500,250,Synthetic Academic Simulation,Demand values are simulated for inventory/demand scenario analysis.
Normal Demand,241,1328.1,1400,500,250,Synthetic Academic Simulation,Demand values are simulated for inventory/demand scenario analysis.
Normal Demand,242,1715.39,1400,500,250,Synthetic Academic Simulation,Demand values are simulated for inventory/demand scenario analysis.
Normal Demand,243,1262.9,1400,500,250,Synthetic Academic Simulation,Demand values are simulated for inventory/demand scenario analysis.
Normal Demand,244,1089.72,1400,500,250,Synthetic Academic Simulation,Demand values are simulated for inventory/demand scenario analysis.
Normal Demand,245,1005.52,1400,500,250,Synthetic Academic Simulation,Demand values are simulated for inventory/demand scenario analysis.
Normal Demand,246,1151.21,1400,500,250,Synthetic Academic Simulation,Demand values are simulated for inventory/demand scenario analysis.
Normal Demand,247,1058.96,1400,500,250,Synthetic Academic Simulation,Demand values are simulated for inventory/demand scenario analysis.
Normal Demand,248,1270.13,1400,500,250,Synthetic Academic Simulation,Demand values are simulated for inventory/demand scenario analysis.
Normal Demand,249,1267.8,1400,500,250,Synthetic Academic Simulation,Demand values are simulated for inventory/demand scenario analysis.
Normal Demand,250,1130.52,1400,500,250,Synthetic Academic Simulation,Demand values are simulated for inventory/demand scenario analysis.
Normal Demand,251,1497.74,1400,500,250,Synthetic Academic Simulation,Demand values are simulated for inventory/demand scenario analysis.
Normal Demand,252,1089.68,1400,500,250,Synthetic Academic Simulation,Demand values are simulated for inventory/demand scenario analysis.
Normal Demand,253,1182.09,1400,500,250,Synthetic Academic Simulation,Demand values are simulated for inventory/demand scenario analysis.
Normal Demand,254,1295.87,1400,500,250,Synthetic Academic Simulation,Demand values are simulated for inventory/demand scenario analysis.
Normal Demand,255,1333.81,1400,500,250,Synthetic Academic Simulation,Demand values are simulated for inventory/demand scenario analysis.
Normal Demand,256,1391.64,1400,500,250,Synthetic Academic Simulation,Demand values are simulated for inventory/demand scenario analysis.
Normal Demand,257,1264.27,1400,500,250,Synthetic Academic Simulation,Demand values are simulated for inventory/demand scenario analysis.
Normal Demand,258,1357.64,1400,500,250,Synthetic Academic Simulation,Demand values are simulated for inventory/demand scenario analysis.
Normal Demand,259,1100.23,1400,500,250,Synthetic Academic Simulation,Demand values are simulated for inventory/demand scenario analysis.
Normal Demand,260,1337.71,1400,500,250,Synthetic Academic Simulation,Demand values are simulated for inventory/demand scenario analysis.
Normal Demand,261,1335.71,1400,500,250,Synthetic Academic Simulation,Demand values are simulated for inventory/demand scenario analysis.
Normal Demand,262,1426.93,1400,500,250,Synthetic Academic Simulation,Demand values are simulated for inventory/demand scenario analysis.
Normal Demand,263,949.73,1400,500,250,Synthetic Academic Simulation,Demand values are simulated for inventory/demand scenario analysis.
Normal Demand,264,1063.92,1400,500,250,Synthetic Academic Simulation,Demand values are simulated for inventory/demand scenario analysis.
Normal Demand,265,1323.47,1400,500,250,Synthetic Academic Simulation,Demand values are simulated for inventory/demand scenario analysis.
Normal Demand,266,802.3,1400,500,250,Synthetic Academic Simulation,Demand values are simulated for inventory/demand scenario analysis.
Normal Demand,267,1273.8,1400,500,250,Synthetic Academic Simulation,Demand values are simulated for inventory/demand scenario analysis.
Normal Demand,268,1358.97,1400,500,250,Synthetic Academic Simulation,Demand values are simulated for inventory/demand scenario analysis.
Normal Demand,269,1113.54,1400,500,250,Synthetic Academic Simulation,Demand values are simulated for inventory/demand scenario analysis.
Normal Demand,270,1135.47,1400,500,250,Synthetic Academic Simulation,Demand values are simulated for inventory/demand scenario analysis.
Normal Demand,271,1038.88,1400,500,250,Synthetic Academic Simulation,Demand values are simulated for inventory/demand scenario analysis.
Normal Demand,272,1121.77,1400,500,250,Synthetic Academic Simulation,Demand values are simulated for inventory/demand scenario analysis.
Normal Demand,273,1126.11,1400,500,250,Synthetic Academic Simulation,Demand values are simulated for inventory/demand scenario analysis.
Normal Demand,274,1097.57,1400,500,250,Synthetic Academic Simulation,Demand values are simulated for inventory/demand scenario analysis.
Normal Demand,275,1089.35,1400,500,250,Synthetic Academic Simulation,Demand values are simulated for inventory/demand scenario analysis.
Normal Demand,276,1159.35,1400,500,250,Synthetic Academic Simulation,Demand values are simulated for inventory/demand scenario analysis.
Normal Demand,277,1157.53,1400,500,250,Synthetic Academic Simulation,Demand values are simulated for inventory/demand scenario analysis.
Normal Demand,278,1481.12,1400,500,250,Synthetic Academic Simulation,Demand values are simulated for inventory/demand scenario analysis.
Normal Demand,279,1140.87,1400,500,250,Synthetic Academic Simulation,Demand values are simulated for inventory/demand scenario analysis.
Normal Demand,280,1251.62,1400,500,250,Synthetic Academic Simulation,Demand values are simulated for inventory/demand scenario analysis.
Normal Demand,281,1113.47,1400,500,250,Synthetic Academic Simulation,Demand values are simulated for inventory/demand scenario analysis.
Normal Demand,282,1111.56,1400,500,250,Synthetic Academic Simulation,Demand values are simulated for inventory/demand scenario analysis.
Normal Demand,283,944.34,1400,500,250,Synthetic Academic Simulation,Demand values are simulated for inventory/demand scenario analysis.
Normal Demand,284,964.3,1400,500,250,Synthetic Academic Simulation,Demand values are simulated for inventory/demand scenario analysis.
Normal Demand,285,1018.95,1400,500,250,Synthetic Academic Simulation,Demand values are simulated for inventory/demand scenario analysis.
Normal Demand,286,1227.55,1400,500,250,Synthetic Academic Simulation,Demand values are simulated for inventory/demand scenario analysis.
Normal Demand,287,1361.43,1400,500,250,Synthetic Academic Simulation,Demand values are simulated for inventory/demand scenario analysis.
Normal Demand,288,932.0,1400,500,250,Synthetic Academic Simulation,Demand values are simulated for inventory/demand scenario analysis.
Normal Demand,289,1117.64,1400,500,250,Synthetic Academic Simulation,Demand values are simulated for inventory/demand scenario analysis.
Normal Demand,290,994.97,1400,500,250,Synthetic Academic Simulation,Demand values are simulated for inventory/demand scenario analysis.
Normal Demand,291,1160.36,1400,500,250,Synthetic Academic Simulation,Demand values are simulated for inventory/demand scenario analysis.
Normal Demand,292,1361.37,1400,500,250,Synthetic Academic Simulation,Demand values are simulated for inventory/demand scenario analysis.
Normal Demand,293,1132.97,1400,500,250,Synthetic Academic Simulation,Demand values are simulated for inventory/demand scenario analysis.
Normal Demand,294,1192.87,1400,500,250,Synthetic Academic Simulation,Demand values are simulated for inventory/demand scenario analysis.
Normal Demand,295,1418.28,1400,500,250,Synthetic Academic Simulation,Demand values are simulated for inventory/demand scenario analysis.
Normal Demand,296,1268.69,1400,500,250,Synthetic Academic Simulation,Demand values are simulated for inventory/demand scenario analysis.
Normal Demand,297,1085.99,1400,500,250,Synthetic Academic Simulation,Demand values are simulated for inventory/demand scenario analysis.
Normal Demand,298,1223.84,1400,500,250,Synthetic Academic Simulation,Demand values are simulated for inventory/demand scenario analysis.
Normal Demand,299,1075.87,1400,500,250,Synthetic Academic Simulation,Demand values are simulated for inventory/demand scenario analysis.
Normal Demand,300,1263.07,1400,500,250,Synthetic Academic Simulation,Demand values are simulated for inventory/demand scenario analysis.
Normal Demand,301,1277.3,1400,500,250,Synthetic Academic Simulation,Demand values are simulated for inventory/demand scenario analysis.
Normal Demand,302,994.93,1400,500,250,Synthetic Academic Simulation,Demand values are simulated for inventory/demand scenario analysis.
Normal Demand,303,1226.27,1400,500,250,Synthetic Academic Simulation,Demand values are simulated for inventory/demand scenario analysis.
Normal Demand,304,1182.36,1400,500,250,Synthetic Academic Simulation,Demand values are simulated for inventory/demand scenario analysis.
Normal Demand,305,1281.7,1400,500,250,Synthetic Academic Simulation,Demand values are simulated for inventory/demand scenario analysis.
Normal Demand,306,1324.7,1400,500,250,Synthetic Academic Simulation,Demand values are simulated for inventory/demand scenario analysis.
Normal Demand,307,1271.62,1400,500,250,Synthetic Academic Simulation,Demand values are simulated for inventory/demand scenario analysis.
Normal Demand,308,1154.52,1400,500,250,Synthetic Academic Simulation,Demand values are simulated for inventory/demand scenario analysis.
Normal Demand,309,1340.0,1400,500,250,Synthetic Academic Simulation,Demand values are simulated for inventory/demand scenario analysis.
Normal Demand,310,1069.04,1400,500,250,Synthetic Academic Simulation,Demand values are simulated for inventory/demand scenario analysis.
Normal Demand,311,1001.92,1400,500,250,Synthetic Academic Simulation,Demand values are simulated for inventory/demand scenario analysis.
Normal Demand,312,720.71,1400,500,250,Synthetic Academic Simulation,Demand values are simulated for inventory/demand scenario analysis.
Normal Demand,313,1189.48,1400,500,250,Synthetic Academic Simulation,Demand values are simulated for inventory/demand scenario analysis.
Normal Demand,314,1076.77,1400,500,250,Synthetic Academic Simulation,Demand values are simulated for inventory/demand scenario analysis.
Normal Demand,315,1259.66,1400,500,250,Synthetic Academic Simulation,Demand values are simulated for inventory/demand scenario analysis.
Normal Demand,316,904.32,1400,500,250,Synthetic Academic Simulation,Demand values are simulated for inventory/demand scenario analysis.
Normal Demand,317,1102.92,1400,500,250,Synthetic Academic Simulation,Demand values are simulated for inventory/demand scenario analysis.
Normal Demand,318,1270.54,1400,500,250,Synthetic Academic Simulation,Demand values are simulated for inventory/demand scenario analysis.
Normal Demand,319,1045.52,1400,500,250,Synthetic Academic Simulation,Demand values are simulated for inventory/demand scenario analysis.
Normal Demand,320,1261.39,1400,500,250,Synthetic Academic Simulation,Demand values are simulated for inventory/demand scenario analysis.
Normal Demand,321,1116.45,1400,500,250,Synthetic Academic Simulation,Demand values are simulated for inventory/demand scenario analysis.
Normal Demand,322,1195.08,1400,500,250,Synthetic Academic Simulation,Demand values are simulated for inventory/demand scenario analysis.
Normal Demand,323,1289.27,1400,500,250,Synthetic Academic Simulation,Demand values are simulated for inventory/demand scenario analysis.
Normal Demand,324,1342.92,1400,500,250,Synthetic Academic Simulation,Demand values are simulated for inventory/demand scenario analysis.
Normal Demand,325,1213.87,1400,500,250,Synthetic Academic Simulation,Demand values are simulated for inventory/demand scenario analysis.
Normal Demand,326,1077.9,1400,500,250,Synthetic Academic Simulation,Demand values are simulated for inventory/demand scenario analysis.
Normal Demand,327,1131.29,1400,500,250,Synthetic Academic Simulation,Demand values are simulated for inventory/demand scenario analysis.
Normal Demand,328,1295.54,1400,500,250,Synthetic Academic Simulation,Demand values are simulated for inventory/demand scenario analysis.
Normal Demand,329,1046.81,1400,500,250,Synthetic Academic Simulation,Demand values are simulated for inventory/demand scenario analysis.
Normal Demand,330,1173.29,1400,500,250,Synthetic Academic Simulation,Demand values are simulated for inventory/demand scenario analysis.
Normal Demand,331,1142.12,1400,500,250,Synthetic Academic Simulation,Demand values are simulated for inventory/demand scenario analysis.
Normal Demand,332,1184.5,1400,500,250,Synthetic Academic Simulation,Demand values are simulated for inventory/demand scenario analysis.
Normal Demand,333,1048.61,1400,500,250,Synthetic Academic Simulation,Demand values are simulated for inventory/demand scenario analysis.
Normal Demand,334,922.21,1400,500,250,Synthetic Academic Simulation,Demand values are simulated for inventory/demand scenario analysis.
Normal Demand,335,1278.11,1400,500,250,Synthetic Academic Simulation,Demand values are simulated for inventory/demand scenario analysis.
Normal Demand,336,1344.62,1400,500,250,Synthetic Academic Simulation,Demand values are simulated for inventory/demand scenario analysis.
Normal Demand,337,931.17,1400,500,250,Synthetic Academic Simulation,Demand values are simulated for inventory/demand scenario analysis.
Normal Demand,338,1255.34,1400,500,250,Synthetic Academic Simulation,Demand values are simulated for inventory/demand scenario analysis.
Normal Demand,339,1362.48,1400,500,250,Synthetic Academic Simulation,Demand values are simulated for inventory/demand scenario analysis.
Normal Demand,340,1289.39,1400,500,250,Synthetic Academic Simulation,Demand values are simulated for inventory/demand scenario analysis.
Normal Demand,341,1137.5,1400,500,250,Synthetic Academic Simulation,Demand values are simulated for inventory/demand scenario analysis.
Normal Demand,342,1058.48,1400,500,250,Synthetic Academic Simulation,Demand values are simulated for inventory/demand scenario analysis.
Normal Demand,343,1212.15,1400,500,250,Synthetic Academic Simulation,Demand values are simulated for inventory/demand scenario analysis.
Normal Demand,344,1237.17,1400,500,250,Synthetic Academic Simulation,Demand values are simulated for inventory/demand scenario analysis.
Normal Demand,345,1214.37,1400,500,250,Synthetic Academic Simulation,Demand values are simulated for inventory/demand scenario analysis.
Normal Demand,346,1172.98,1400,500,250,Synthetic Academic Simulation,Demand values are simulated for inventory/demand scenario analysis.
Normal Demand,347,1037.6,1400,500,250,Synthetic Academic Simulation,Demand values are simulated for inventory/demand scenario analysis.
Normal Demand,348,1263.4,1400,500,250,Synthetic Academic Simulation,Demand values are simulated for inventory/demand scenario analysis.
Normal Demand,349,1270.63,1400,500,250,Synthetic Academic Simulation,Demand values are simulated for inventory/demand scenario analysis.
Normal Demand,350,1230.12,1400,500,250,Synthetic Academic Simulation,Demand values are simulated for inventory/demand scenario analysis.
Normal Demand,351,1216.65,1400,500,250,Synthetic Academic Simulation,Demand values are simulated for inventory/demand scenario analysis.
Normal Demand,352,1451.89,1400,500,250,Synthetic Academic Simulation,Demand values are simulated for inventory/demand scenario analysis.
Normal Demand,353,1106.34,1400,500,250,Synthetic Academic Simulation,Demand values are simulated for inventory/demand scenario analysis.
Normal Demand,354,1392.22,1400,500,250,Synthetic Academic Simulation,Demand values are simulated for inventory/demand scenario analysis.
Normal Demand,355,1089.9,1400,500,250,Synthetic Academic Simulation,Demand values are simulated for inventory/demand scenario analysis.
Normal Demand,356,1366.34,1400,500,250,Synthetic Academic Simulation,Demand values are simulated for inventory/demand scenario analysis.
Normal Demand,357,1385.01,1400,500,250,Synthetic Academic Simulation,Demand values are simulated for inventory/demand scenario analysis.
Normal Demand,358,1156.04,1400,500,250,Synthetic Academic Simulation,Demand values are simulated for inventory/demand scenario analysis.
Normal Demand,359,1449.14,1400,500,250,Synthetic Academic Simulation,Demand values are simulated for inventory/demand scenario analysis.
Normal Demand,360,1270.36,1400,500,250,Synthetic Academic Simulation,Demand values are simulated for inventory/demand scenario analysis.
Normal Demand,361,1068.41,1400,500,250,Synthetic Academic Simulation,Demand values are simulated for inventory/demand scenario analysis.
Normal Demand,362,1143.88,1400,500,250,Synthetic Academic Simulation,Demand values are simulated for inventory/demand scenario analysis.
Normal Demand,363,1369.91,1400,500,250,Synthetic Academic Simulation,Demand values are simulated for inventory/demand scenario analysis.
Normal Demand,364,1338.46,1400,500,250,Synthetic Academic Simulation,Demand values are simulated for inventory/demand scenario analysis.
Normal Demand,365,1041.29,1400,500,250,Synthetic Academic Simulation,Demand values are simulated for inventory/demand scenario analysis.
Normal Demand,366,1179.11,1400,500,250,Synthetic Academic Simulation,Demand values are simulated for inventory/demand scenario analysis.
Normal Demand,367,1230.53,1400,500,250,Synthetic Academic Simulation,Demand values are simulated for inventory/demand scenario analysis.
Normal Demand,368,1123.86,1400,500,250,Synthetic Academic Simulation,Demand values are simulated for inventory/demand scenario analysis.
Normal Demand,369,1553.67,1400,500,250,Synthetic Academic Simulation,Demand values are simulated for inventory/demand scenario analysis.
Normal Demand,370,1235.05,1400,500,250,Synthetic Academic Simulation,Demand values are simulated for inventory/demand scenario analysis.
Normal Demand,371,1190.73,1400,500,250,Synthetic Academic Simulation,Demand values are simulated for inventory/demand scenario analysis.
Normal Demand,372,1378.63,1400,500,250,Synthetic Academic Simulation,Demand values are simulated for inventory/demand scenario analysis.
Normal Demand,373,1145.22,1400,500,250,Synthetic Academic Simulation,Demand values are simulated for inventory/demand scenario analysis.
Normal Demand,374,1351.11,1400,500,250,Synthetic Academic Simulation,Demand values are simulated for inventory/demand scenario analysis.
Normal Demand,375,949.84,1400,500,250,Synthetic Academic Simulation,Demand values are simulated for inventory/demand scenario analysis.
Normal Demand,376,1131.95,1400,500,250,Synthetic Academic Simulation,Demand values are simulated for inventory/demand scenario analysis.
Normal Demand,377,1357.36,1400,500,250,Synthetic Academic Simulation,Demand values are simulated for inventory/demand scenario analysis.
Normal Demand,378,1435.53,1400,500,250,Synthetic Academic Simulation,Demand values are simulated for inventory/demand scenario analysis.
Normal Demand,379,1084.01,1400,500,250,Synthetic Academic Simulation,Demand values are simulated for inventory/demand scenario analysis.
Normal Demand,380,1066.53,1400,500,250,Synthetic Academic Simulation,Demand values are simulated for inventory/demand scenario analysis.
Normal Demand,381,1285.12,1400,500,250,Synthetic Academic Simulation,Demand values are simulated for inventory/demand scenario analysis.
Normal Demand,382,1106.54,1400,500,250,Synthetic Academic Simulation,Demand values are simulated for inventory/demand scenario analysis.
Normal Demand,383,1159.71,1400,500,250,Synthetic Academic Simulation,Demand values are simulated for inventory/demand scenario analysis.
Normal Demand,384,1331.46,1400,500,250,Synthetic Academic Simulation,Demand values are simulated for inventory/demand scenario analysis.
Normal Demand,385,1118.38,1400,500,250,Synthetic Academic Simulation,Demand values are simulated for inventory/demand scenario analysis.
Normal Demand,386,905.19,1400,500,250,Synthetic Academic Simulation,Demand values are simulated for inventory/demand scenario analysis.
Normal Demand,387,1004.84,1400,500,250,Synthetic Academic Simulation,Demand values are simulated for inventory/demand scenario analysis.
Normal Demand,388,1201.49,1400,500,250,Synthetic Academic Simulation,Demand values are simulated for inventory/demand scenario analysis.
Normal Demand,389,920.49,1400,500,250,Synthetic Academic Simulation,Demand values are simulated for inventory/demand scenario analysis.
Normal Demand,390,1155.43,1400,500,250,Synthetic Academic Simulation,Demand values are simulated for inventory/demand scenario analysis.
Normal Demand,391,991.19,1400,500,250,Synthetic Academic Simulation,Demand values are simulated for inventory/demand scenario analysis.
Normal Demand,392,1445.99,1400,500,250,Synthetic Academic Simulation,Demand values are simulated for inventory/demand scenario analysis.
Normal Demand,393,1524.77,1400,500,250,Synthetic Academic Simulation,Demand values are simulated for inventory/demand scenario analysis.
Normal Demand,394,1041.27,1400,500,250,Synthetic Academic Simulation,Demand values are simulated for inventory/demand scenario analysis.
Normal Demand,395,1238.51,1400,500,250,Synthetic Academic Simulation,Demand values are simulated for inventory/demand scenario analysis.
Normal Demand,396,1055.94,1400,500,250,Synthetic Academic Simulation,Demand values are simulated for inventory/demand scenario analysis.
Normal Demand,397,1153.6,1400,500,250,Synthetic Academic Simulation,Demand values are simulated for inventory/demand scenario analysis.
Normal Demand,398,1470.52,1400,500,250,Synthetic Academic Simulation,Demand values are simulated for inventory/demand scenario analysis.
Normal Demand,399,1130.0,1400,500,250,Synthetic Academic Simulation,Demand values are simulated for inventory/demand scenario analysis.
Normal Demand,400,1157.09,1400,500,250,Synthetic Academic Simulation,Demand values are simulated for inventory/demand scenario analysis.
Normal Demand,401,1058.62,1400,500,250,Synthetic Academic Simulation,Demand values are simulated for inventory/demand scenario analysis.
Normal Demand,402,1371.93,1400,500,250,Synthetic Academic Simulation,Demand values are simulated for inventory/demand scenario analysis.
Normal Demand,403,710.51,1400,500,250,Synthetic Academic Simulation,Demand values are simulated for inventory/demand scenario analysis.
Normal Demand,404,1133.58,1400,500,250,Synthetic Academic Simulation,Demand values are simulated for inventory/demand scenario analysis.
Normal Demand,405,1193.12,1400,500,250,Synthetic Academic Simulation,Demand values are simulated for inventory/demand scenario analysis.
Normal Demand,406,1100.84,1400,500,250,Synthetic Academic Simulation,Demand values are simulated for inventory/demand scenario analysis.
Normal Demand,407,1329.53,1400,500,250,Synthetic Academic Simulation,Demand values are simulated for inventory/demand scenario analysis.
Normal Demand,408,1380.3,1400,500,250,Synthetic Academic Simulation,Demand values are simulated for inventory/demand scenario analysis.
Normal Demand,409,988.19,1400,500,250,Synthetic Academic Simulation,Demand values are simulated for inventory/demand scenario analysis.
Normal Demand,410,1514.02,1400,500,250,Synthetic Academic Simulation,Demand values are simulated for inventory/demand scenario analysis.
Normal Demand,411,986.51,1400,500,250,Synthetic Academic Simulation,Demand values are simulated for inventory/demand scenario analysis.
Normal Demand,412,1393.29,1400,500,250,Synthetic Academic Simulation,Demand values are simulated for inventory/demand scenario analysis.
Normal Demand,413,1222.47,1400,500,250,Synthetic Academic Simulation,Demand values are simulated for inventory/demand scenario analysis.
Normal Demand,414,1124.44,1400,500,250,Synthetic Academic Simulation,Demand values are simulated for inventory/demand scenario analysis.
Normal Demand,415,1138.59,1400,500,250,Synthetic Academic Simulation,Demand values are simulated for inventory/demand scenario analysis.
Normal Demand,416,1194.97,1400,500,250,Synthetic Academic Simulation,Demand values are simulated for inventory/demand scenario analysis.
Normal Demand,417,1231.26,1400,500,250,Synthetic Academic Simulation,Demand values are simulated for inventory/demand scenario analysis.
Normal Demand,418,1061.98,1400,500,250,Synthetic Academic Simulation,Demand values are simulated for inventory/demand scenario analysis.
Normal Demand,419,1164.91,1400,500,250,Synthetic Academic Simulation,Demand values are simulated for inventory/demand scenario analysis.
Normal Demand,420,1084.4,1400,500,250,Synthetic Academic Simulation,Demand values are simulated for inventory/demand scenario analysis.
Normal Demand,421,1017.74,1400,500,250,Synthetic Academic Simulation,Demand values are simulated for inventory/demand scenario analysis.
Normal Demand,422,1077.4,1400,500,250,Synthetic Academic Simulation,Demand values are simulated for inventory/demand scenario analysis.
Normal Demand,423,1027.5,1400,500,250,Synthetic Academic Simulation,Demand values are simulated for inventory/demand scenario analysis.
Normal Demand,424,1136.98,1400,500,250,Synthetic Academic Simulation,Demand values are simulated for inventory/demand scenario analysis.
Normal Demand,425,1264.87,1400,500,250,Synthetic Academic Simulation,Demand values are simulated for inventory/demand scenario analysis.
Normal Demand,426,1218.11,1400,500,250,Synthetic Academic Simulation,Demand values are simulated for inventory/demand scenario analysis.
Normal Demand,427,1496.15,1400,500,250,Synthetic Academic Simulation,Demand values are simulated for inventory/demand scenario analysis.
Normal Demand,428,868.43,1400,500,250,Synthetic Academic Simulation,Demand values are simulated for inventory/demand scenario analysis.
Normal Demand,429,1270.4,1400,500,250,Synthetic Academic Simulation,Demand values are simulated for inventory/demand scenario analysis.
Normal Demand,430,1200.96,1400,500,250,Synthetic Academic Simulation,Demand values are simulated for inventory/demand scenario analysis.
Normal Demand,431,1322.35,1400,500,250,Synthetic Academic Simulation,Demand values are simulated for inventory/demand scenario analysis.
Normal Demand,432,1307.47,1400,500,250,Synthetic Academic Simulation,Demand values are simulated for inventory/demand scenario analysis.
Normal Demand,433,1175.25,1400,500,250,Synthetic Academic Simulation,Demand values are simulated for inventory/demand scenario analysis.
Normal Demand,434,1225.9,1400,500,250,Synthetic Academic Simulation,Demand values are simulated for inventory/demand scenario analysis.
Normal Demand,435,1088.39,1400,500,250,Synthetic Academic Simulation,Demand values are simulated for inventory/demand scenario analysis.
Normal Demand,436,1292.05,1400,500,250,Synthetic Academic Simulation,Demand values are simulated for inventory/demand scenario analysis.
Normal Demand,437,918.17,1400,500,250,Synthetic Academic Simulation,Demand values are simulated for inventory/demand scenario analysis.
Normal Demand,438,1316.52,1400,500,250,Synthetic Academic Simulation,Demand values are simulated for inventory/demand scenario analysis.
Normal Demand,439,1196.52,1400,500,250,Synthetic Academic Simulation,Demand values are simulated for inventory/demand scenario analysis.
Normal Demand,440,1126.94,1400,500,250,Synthetic Academic Simulation,Demand values are simulated for inventory/demand scenario analysis.
Normal Demand,441,1165.12,1400,500,250,Synthetic Academic Simulation,Demand values are simulated for inventory/demand scenario analysis.
Normal Demand,442,1176.12,1400,500,250,Synthetic Academic Simulation,Demand values are simulated for inventory/demand scenario analysis.
Normal Demand,443,1394.6,1400,500,250,Synthetic Academic Simulation,Demand values are simulated for inventory/demand scenario analysis.
Normal Demand,444,1685.02,1400,500,250,Synthetic Academic Simulation,Demand values are simulated for inventory/demand scenario analysis.
Normal Demand,445,1382.98,1400,500,250,Synthetic Academic Simulation,Demand values are simulated for inventory/demand scenario analysis.
Normal Demand,446,1115.2,1400,500,250,Synthetic Academic Simulation,Demand values are simulated for inventory/demand scenario analysis.
Normal Demand,447,1294.47,1400,500,250,Synthetic Academic Simulation,Demand values are simulated for inventory/demand scenario analysis.
Normal Demand,448,1301.0,1400,500,250,Synthetic Academic Simulation,Demand values are simulated for inventory/demand scenario analysis.
Normal Demand,449,1061.23,1400,500,250,Synthetic Academic Simulation,Demand values are simulated for inventory/demand scenario analysis.
Normal Demand,450,1010.88,1400,500,250,Synthetic Academic Simulation,Demand values are simulated for inventory/demand scenario analysis.
Normal Demand,451,1190.51,1400,500,250,Synthetic Academic Simulation,Demand values are simulated for inventory/demand scenario analysis.
Normal Demand,452,1321.16,1400,500,250,Synthetic Academic Simulation,Demand values are simulated for inventory/demand scenario analysis.
Normal Demand,453,958.23,1400,500,250,Synthetic Academic Simulation,Demand values are simulated for inventory/demand scenario analysis.
Normal Demand,454,1091.87,1400,500,250,Synthetic Academic Simulation,Demand values are simulated for inventory/demand scenario analysis.
Normal Demand,455,1285.9,1400,500,250,Synthetic Academic Simulation,Demand values are simulated for inventory/demand scenario analysis.
Normal Demand,456,1206.26,1400,500,250,Synthetic Academic Simulation,Demand values are simulated for inventory/demand scenario analysis.
Normal Demand,457,1412.44,1400,500,250,Synthetic Academic Simulation,Demand values are simulated for inventory/demand scenario analysis.
Normal Demand,458,988.29,1400,500,250,Synthetic Academic Simulation,Demand values are simulated for inventory/demand scenario analysis.
Normal Demand,459,1552.82,1400,500,250,Synthetic Academic Simulation,Demand values are simulated for inventory/demand scenario analysis.
Normal Demand,460,969.3,1400,500,250,Synthetic Academic Simulation,Demand values are simulated for inventory/demand scenario analysis.
Normal Demand,461,895.63,1400,500,250,Synthetic Academic Simulation,Demand values are simulated for inventory/demand scenario analysis.
Normal Demand,462,1191.16,1400,500,250,Synthetic Academic Simulation,Demand values are simulated for inventory/demand scenario analysis.
Normal Demand,463,1029.83,1400,500,250,Synthetic Academic Simulation,Demand values are simulated for inventory/demand scenario analysis.
Normal Demand,464,1194.19,1400,500,250,Synthetic Academic Simulation,Demand values are simulated for inventory/demand scenario analysis.
Normal Demand,465,1188.94,1400,500,250,Synthetic Academic Simulation,Demand values are simulated for inventory/demand scenario analysis.
Normal Demand,466,1170.63,1400,500,250,Synthetic Academic Simulation,Demand values are simulated for inventory/demand scenario analysis.
Normal Demand,467,1073.64,1400,500,250,Synthetic Academic Simulation,Demand values are simulated for inventory/demand scenario analysis.
Normal Demand,468,1264.9,1400,500,250,Synthetic Academic Simulation,Demand values are simulated for inventory/demand scenario analysis.
Normal Demand,469,1152.4,1400,500,250,Synthetic Academic Simulation,Demand values are simulated for inventory/demand scenario analysis.
Normal Demand,470,1365.55,1400,500,250,Synthetic Academic Simulation,Demand values are simulated for inventory/demand scenario analysis.
Normal Demand,471,1172.94,1400,500,250,Synthetic Academic Simulation,Demand values are simulated for inventory/demand scenario analysis.
Normal Demand,472,1055.3,1400,500,250,Synthetic Academic Simulation,Demand values are simulated for inventory/demand scenario analysis.
Normal Demand,473,946.84,1400,500,250,Synthetic Academic Simulation,Demand values are simulated for inventory/demand scenario analysis.
Normal Demand,474,1174.18,1400,500,250,Synthetic Academic Simulation,Demand values are simulated for inventory/demand scenario analysis.
Normal Demand,475,1009.62,1400,500,250,Synthetic Academic Simulation,Demand values are simulated for inventory/demand scenario analysis.
Normal Demand,476,997.51,1400,500,250,Synthetic Academic Simulation,Demand values are simulated for inventory/demand scenario analysis.
Normal Demand,477,1279.12,1400,500,250,Synthetic Academic Simulation,Demand values are simulated for inventory/demand scenario analysis.
Normal Demand,478,933.35,1400,500,250,Synthetic Academic Simulation,Demand values are simulated for inventory/demand scenario analysis.
Normal Demand,479,1411.83,1400,500,250,Synthetic Academic Simulation,Demand values are simulated for inventory/demand scenario analysis.
Normal Demand,480,1223.96,1400,500,250,Synthetic Academic Simulation,Demand values are simulated for inventory/demand scenario analysis.
Normal Demand,481,1193.42,1400,500,250,Synthetic Academic Simulation,Demand values are simulated for inventory/demand scenario analysis.
Normal Demand,482,1044.79,1400,500,250,Synthetic Academic Simulation,Demand values are simulated for inventory/demand scenario analysis.
Normal Demand,483,1314.66,1400,500,250,Synthetic Academic Simulation,Demand values are simulated for inventory/demand scenario analysis.
Normal Demand,484,1199.56,1400,500,250,Synthetic Academic Simulation,Demand values are simulated for inventory/demand scenario analysis.
Normal Demand,485,1097.09,1400,500,250,Synthetic Academic Simulation,Demand values are simulated for inventory/demand scenario analysis.
Normal Demand,486,1229.97,1400,500,250,Synthetic Academic Simulation,Demand values are simulated for inventory/demand scenario analysis.
Normal Demand,487,947.58,1400,500,250,Synthetic Academic Simulation,Demand values are simulated for inventory/demand scenario analysis.
Normal Demand,488,954.7,1400,500,250,Synthetic Academic Simulation,Demand values are simulated for inventory/demand scenario analysis.
Normal Demand,489,1031.97,1400,500,250,Synthetic Academic Simulation,Demand values are simulated for inventory/demand scenario analysis.
Normal Demand,490,1252.43,1400,500,250,Synthetic Academic Simulation,Demand values are simulated for inventory/demand scenario analysis.
Normal Demand,491,1199.51,1400,500,250,Synthetic Academic Simulation,Demand values are simulated for inventory/demand scenario analysis.
Normal Demand,492,1357.35,1400,500,250,Synthetic Academic Simulation,Demand values are simulated for inventory/demand scenario analysis.
Normal Demand,493,1062.0,1400,500,250,Synthetic Academic Simulation,Demand values are simulated for inventory/demand scenario analysis.
Normal Demand,494,1286.2,1400,500,250,Synthetic Academic Simulation,Demand values are simulated for inventory/demand scenario analysis.
Normal Demand,495,1182.92,1400,500,250,Synthetic Academic Simulation,Demand values are simulated for inventory/demand scenario analysis.
Normal Demand,496,1058.54,1400,500,250,Synthetic Academic Simulation,Demand values are simulated for inventory/demand scenario analysis.
Normal Demand,497,1257.8,1400,500,250,Synthetic Academic Simulation,Demand values are simulated for inventory/demand scenario analysis.
Normal Demand,498,1190.1,1400,500,250,Synthetic Academic Simulation,Demand values are simulated for inventory/demand scenario analysis.
Normal Demand,499,1105.63,1400,500,250,Synthetic Academic Simulation,Demand values are simulated for inventory/demand scenario analysis.
Normal Demand,500,1206.3,1400,500,250,Synthetic Academic Simulation,Demand values are simulated for inventory/demand scenario analysis.
Normal Demand,501,1180.57,1400,500,250,Synthetic Academic Simulation,Demand values are simulated for inventory/demand scenario analysis.
Normal Demand,502,1176.95,1400,500,250,Synthetic Academic Simulation,Demand values are simulated for inventory/demand scenario analysis.
Normal Demand,503,1138.11,1400,500,250,Synthetic Academic Simulation,Demand values are simulated for inventory/demand scenario analysis.
Normal Demand,504,1004.26,1400,500,250,Synthetic Academic Simulation,Demand values are simulated for inventory/demand scenario analysis.
Normal Demand,505,1211.21,1400,500,250,Synthetic Academic Simulation,Demand values are simulated for inventory/demand scenario analysis.
Normal Demand,506,1079.59,1400,500,250,Synthetic Academic Simulation,Demand values are simulated for inventory/demand scenario analysis.
Normal Demand,507,1046.95,1400,500,250,Synthetic Academic Simulation,Demand values are simulated for inventory/demand scenario analysis.
Normal Demand,508,1163.9,1400,500,250,Synthetic Academic Simulation,Demand values are simulated for inventory/demand scenario analysis.
Normal Demand,509,1310.1,1400,500,250,Synthetic Academic Simulation,Demand values are simulated for inventory/demand scenario analysis.
Normal Demand,510,1227.84,1400,500,250,Synthetic Academic Simulation,Demand values are simulated for inventory/demand scenario analysis.
Normal Demand,511,1120.33,1400,500,250,Synthetic Academic Simulation,Demand values are simulated for inventory/demand scenario analysis.
Normal Demand,512,1114.3,1400,500,250,Synthetic Academic Simulation,Demand values are simulated for inventory/demand scenario analysis.
Normal Demand,513,1295.37,1400,500,250,Synthetic Academic Simulation,Demand values are simulated for inventory/demand scenario analysis.
Normal Demand,514,840.49,1400,500,250,Synthetic Academic Simulation,Demand values are simulated for inventory/demand scenario analysis.
Normal Demand,515,1319.6,1400,500,250,Synthetic Academic Simulation,Demand values are simulated for inventory/demand scenario analysis.
Normal Demand,516,918.9,1400,500,250,Synthetic Academic Simulation,Demand values are simulated for inventory/demand scenario analysis.
Normal Demand,517,987.69,1400,500,250,Synthetic Academic Simulation,Demand values are simulated for inventory/demand scenario analysis.
Normal Demand,518,1122.86,1400,500,250,Synthetic Academic Simulation,Demand values are simulated for inventory/demand scenario analysis.
Normal Demand,519,1525.52,1400,500,250,Synthetic Academic Simulation,Demand values are simulated for inventory/demand scenario analysis.
Normal Demand,520,1451.61,1400,500,250,Synthetic Academic Simulation,Demand values are simulated for inventory/demand scenario analysis.
Normal Demand,521,1305.97,1400,500,250,Synthetic Academic Simulation,Demand values are simulated for inventory/demand scenario analysis.
Normal Demand,522,1253.48,1400,500,250,Synthetic Academic Simulation,Demand values are simulated for inventory/demand scenario analysis.
Normal Demand,523,920.66,1400,500,250,Synthetic Academic Simulation,Demand values are simulated for inventory/demand scenario analysis.
Normal Demand,524,1223.51,1400,500,250,Synthetic Academic Simulation,Demand values are simulated for inventory/demand scenario analysis.
Normal Demand,525,1117.62,1400,500,250,Synthetic Academic Simulation,Demand values are simulated for inventory/demand scenario analysis.
Normal Demand,526,1077.5,1400,500,250,Synthetic Academic Simulation,Demand values are simulated for inventory/demand scenario analysis.
Normal Demand,527,1223.22,1400,500,250,Synthetic Academic Simulation,Demand values are simulated for inventory/demand scenario analysis.
Normal Demand,528,1129.33,1400,500,250,Synthetic Academic Simulation,Demand values are simulated for inventory/demand scenario analysis.
Normal Demand,529,1330.39,1400,500,250,Synthetic Academic Simulation,Demand values are simulated for inventory/demand scenario analysis.
Normal Demand,530,909.61,1400,500,250,Synthetic Academic Simulation,Demand values are simulated for inventory/demand scenario analysis.
Normal Demand,531,1211.25,1400,500,250,Synthetic Academic Simulation,Demand values are simulated for inventory/demand scenario analysis.
Normal Demand,532,1068.14,1400,500,250,Synthetic Academic Simulation,Demand values are simulated for inventory/demand scenario analysis.
Normal Demand,533,1138.55,1400,500,250,Synthetic Academic Simulation,Demand values are simulated for inventory/demand scenario analysis.
Normal Demand,534,1245.69,1400,500,250,Synthetic Academic Simulation,Demand values are simulated for inventory/demand scenario analysis.
Normal Demand,535,1032.4,1400,500,250,Synthetic Academic Simulation,Demand values are simulated for inventory/demand scenario analysis.
Normal Demand,536,1224.63,1400,500,250,Synthetic Academic Simulation,Demand values are simulated for inventory/demand scenario analysis.
Normal Demand,537,1168.15,1400,500,250,Synthetic Academic Simulation,Demand values are simulated for inventory/demand scenario analysis.
Normal Demand,538,1100.91,1400,500,250,Synthetic Academic Simulation,Demand values are simulated for inventory/demand scenario analysis.
Normal Demand,539,1129.41,1400,500,250,Synthetic Academic Simulation,Demand values are simulated for inventory/demand scenario analysis.
Normal Demand,540,1176.82,1400,500,250,Synthetic Academic Simulation,Demand values are simulated for inventory/demand scenario analysis.
Normal Demand,541,1084.82,1400,500,250,Synthetic Academic Simulation,Demand values are simulated for inventory/demand scenario analysis.
Normal Demand,542,1201.06,1400,500,250,Synthetic Academic Simulation,Demand values are simulated for inventory/demand scenario analysis.
Normal Demand,543,1158.27,1400,500,250,Synthetic Academic Simulation,Demand values are simulated for inventory/demand scenario analysis.
Normal Demand,544,1108.31,1400,500,250,Synthetic Academic Simulation,Demand values are simulated for inventory/demand scenario analysis.
Normal Demand,545,1438.48,1400,500,250,Synthetic Academic Simulation,Demand values are simulated for inventory/demand scenario analysis.
Normal Demand,546,1262.29,1400,500,250,Synthetic Academic Simulation,Demand values are simulated for inventory/demand scenario analysis.
Normal Demand,547,1142.59,1400,500,250,Synthetic Academic Simulation,Demand values are simulated for inventory/demand scenario analysis.
Normal Demand,548,1221.88,1400,500,250,Synthetic Academic Simulation,Demand values are simulated for inventory/demand scenario analysis.
Normal Demand,549,1045.98,1400,500,250,Synthetic Academic Simulation,Demand values are simulated for inventory/demand scenario analysis.
Normal Demand,550,1134.48,1400,500,250,Synthetic Academic Simulation,Demand values are simulated for inventory/demand scenario analysis.
Normal Demand,551,1151.99,1400,500,250,Synthetic Academic Simulation,Demand values are simulated for inventory/demand scenario analysis.
Normal Demand,552,1012.98,1400,500,250,Synthetic Academic Simulation,Demand values are simulated for inventory/demand scenario analysis.
Normal Demand,553,1258.1,1400,500,250,Synthetic Academic Simulation,Demand values are simulated for inventory/demand scenario analysis.
Normal Demand,554,1124.16,1400,500,250,Synthetic Academic Simulation,Demand values are simulated for inventory/demand scenario analysis.
Normal Demand,555,1146.68,1400,500,250,Synthetic Academic Simulation,Demand values are simulated for inventory/demand scenario analysis.
Normal Demand,556,1114.69,1400,500,250,Synthetic Academic Simulation,Demand values are simulated for inventory/demand scenario analysis.
Normal Demand,557,1643.86,1400,500,250,Synthetic Academic Simulation,Demand values are simulated for inventory/demand scenario analysis.
Normal Demand,558,1100.61,1400,500,250,Synthetic Academic Simulation,Demand values are simulated for inventory/demand scenario analysis.
Normal Demand,559,889.7,1400,500,250,Synthetic Academic Simulation,Demand values are simulated for inventory/demand scenario analysis.
Normal Demand,560,960.01,1400,500,250,Synthetic Academic Simulation,Demand values are simulated for inventory/demand scenario analysis.
Normal Demand,561,1313.9,1400,500,250,Synthetic Academic Simulation,Demand values are simulated for inventory/demand scenario analysis.
Normal Demand,562,1400.47,1400,500,250,Synthetic Academic Simulation,Demand values are simulated for inventory/demand scenario analysis.
Normal Demand,563,1097.73,1400,500,250,Synthetic Academic Simulation,Demand values are simulated for inventory/demand scenario analysis.
Normal Demand,564,1391.84,1400,500,250,Synthetic Academic Simulation,Demand values are simulated for inventory/demand scenario analysis.
Normal Demand,565,1311.24,1400,500,250,Synthetic Academic Simulation,Demand values are simulated for inventory/demand scenario analysis.
Normal Demand,566,1171.58,1400,500,250,Synthetic Academic Simulation,Demand values are simulated for inventory/demand scenario analysis.
Normal Demand,567,1160.93,1400,500,250,Synthetic Academic Simulation,Demand values are simulated for inventory/demand scenario analysis.
Normal Demand,568,1227.13,1400,500,250,Synthetic Academic Simulation,Demand values are simulated for inventory/demand scenario analysis.
Normal Demand,569,1331.62,1400,500,250,Synthetic Academic Simulation,Demand values are simulated for inventory/demand scenario analysis.
Normal Demand,570,1259.59,1400,500,250,Synthetic Academic Simulation,Demand values are simulated for inventory/demand scenario analysis.
Normal Demand,571,1098.48,1400,500,250,Synthetic Academic Simulation,Demand values are simulated for inventory/demand scenario analysis.
Normal Demand,572,1173.87,1400,500,250,Synthetic Academic Simulation,Demand values are simulated for inventory/demand scenario analysis.
Normal Demand,573,1497.19,1400,500,250,Synthetic Academic Simulation,Demand values are simulated for inventory/demand scenario analysis.
Normal Demand,574,1237.68,1400,500,250,Synthetic Academic Simulation,Demand values are simulated for inventory/demand scenario analysis.
Normal Demand,575,1330.4,1400,500,250,Synthetic Academic Simulation,Demand values are simulated for inventory/demand scenario analysis.
Normal Demand,576,1280.98,1400,500,250,Synthetic Academic Simulation,Demand values are simulated for inventory/demand scenario analysis.
Normal Demand,577,1241.0,1400,500,250,Synthetic Academic Simulation,Demand values are simulated for inventory/demand scenario analysis.
Normal Demand,578,1216.3,1400,500,250,Synthetic Academic Simulation,Demand values are simulated for inventory/demand scenario analysis.
Normal Demand,579,1334.61,1400,500,250,Synthetic Academic Simulation,Demand values are simulated for inventory/demand scenario analysis.
Normal Demand,580,1307.8,1400,500,250,Synthetic Academic Simulation,Demand values are simulated for inventory/demand scenario analysis.
Normal Demand,581,1239.58,1400,500,250,Synthetic Academic Simulation,Demand values are simulated for inventory/demand scenario analysis.
Normal Demand,582,1095.94,1400,500,250,Synthetic Academic Simulation,Demand values are simulated for inventory/demand scenario analysis.
Normal Demand,583,1257.83,1400,500,250,Synthetic Academic Simulation,Demand values are simulated for inventory/demand scenario analysis.
Normal Demand,584,1189.95,1400,500,250,Synthetic Academic Simulation,Demand values are simulated for inventory/demand scenario analysis.
Normal Demand,585,1153.76,1400,500,250,Synthetic Academic Simulation,Demand values are simulated for inventory/demand scenario analysis.
Normal Demand,586,1601.82,1400,500,250,Synthetic Academic Simulation,Demand values are simulated for inventory/demand scenario analysis.
Normal Demand,587,969.14,1400,500,250,Synthetic Academic Simulation,Demand values are simulated for inventory/demand scenario analysis.
Normal Demand,588,1343.78,1400,500,250,Synthetic Academic Simulation,Demand values are simulated for inventory/demand scenario analysis.
Normal Demand,589,1070.6,1400,500,250,Synthetic Academic Simulation,Demand values are simulated for inventory/demand scenario analysis.
Normal Demand,590,1219.68,1400,500,250,Synthetic Academic Simulation,Demand values are simulated for inventory/demand scenario analysis.
Normal Demand,591,1585.29,1400,500,250,Synthetic Academic Simulation,Demand values are simulated for inventory/demand scenario analysis.
Normal Demand,592,1055.64,1400,500,250,Synthetic Academic Simulation,Demand values are simulated for inventory/demand scenario analysis.
Normal Demand,593,1091.42,1400,500,250,Synthetic Academic Simulation,Demand values are simulated for inventory/demand scenario analysis.
Normal Demand,594,1197.37,1400,500,250,Synthetic Academic Simulation,Demand values are simulated for inventory/demand scenario analysis.
Normal Demand,595,1072.92,1400,500,250,Synthetic Academic Simulation,Demand values are simulated for inventory/demand scenario analysis.
Normal Demand,596,1332.61,1400,500,250,Synthetic Academic Simulation,Demand values are simulated for inventory/demand scenario analysis.
Normal Demand,597,1119.82,1400,500,250,Synthetic Academic Simulation,Demand values are simulated for inventory/demand scenario analysis.
Normal Demand,598,1298.1,1400,500,250,Synthetic Academic Simulation,Demand values are simulated for inventory/demand scenario analysis.
Normal Demand,599,1000.62,1400,500,250,Synthetic Academic Simulation,Demand values are simulated for inventory/demand scenario analysis.
Normal Demand,600,928.98,1400,500,250,Synthetic Academic Simulation,Demand values are simulated for inventory/demand scenario analysis.
Normal Demand,601,1165.65,1400,500,250,Synthetic Academic Simulation,Demand values are simulated for inventory/demand scenario analysis.
Normal Demand,602,964.72,1400,500,250,Synthetic Academic Simulation,Demand values are simulated for inventory/demand scenario analysis.
Normal Demand,603,1427.74,1400,500,250,Synthetic Academic Simulation,Demand values are simulated for inventory/demand scenario analysis.
Normal Demand,604,970.53,1400,500,250,Synthetic Academic Simulation,Demand values are simulated for inventory/demand scenario analysis.
Normal Demand,605,1044.35,1400,500,250,Synthetic Academic Simulation,Demand values are simulated for inventory/demand scenario analysis.
Normal Demand,606,1262.04,1400,500,250,Synthetic Academic Simulation,Demand values are simulated for inventory/demand scenario analysis.
Normal Demand,607,1112.05,1400,500,250,Synthetic Academic Simulation,Demand values are simulated for inventory/demand scenario analysis.
Normal Demand,608,972.24,1400,500,250,Synthetic Academic Simulation,Demand values are simulated for inventory/demand scenario analysis.
Normal Demand,609,1505.99,1400,500,250,Synthetic Academic Simulation,Demand values are simulated for inventory/demand scenario analysis.
Normal Demand,610,1049.75,1400,500,250,Synthetic Academic Simulation,Demand values are simulated for inventory/demand scenario analysis.
Normal Demand,611,1170.56,1400,500,250,Synthetic Academic Simulation,Demand values are simulated for inventory/demand scenario analysis.
Normal Demand,612,1168.62,1400,500,250,Synthetic Academic Simulation,Demand values are simulated for inventory/demand scenario analysis.
Normal Demand,613,1306.55,1400,500,250,Synthetic Academic Simulation,Demand values are simulated for inventory/demand scenario analysis.
Normal Demand,614,1269.35,1400,500,250,Synthetic Academic Simulation,Demand values are simulated for inventory/demand scenario analysis.
Normal Demand,615,1075.98,1400,500,250,Synthetic Academic Simulation,Demand values are simulated for inventory/demand scenario analysis.
Normal Demand,616,1151.13,1400,500,250,Synthetic Academic Simulation,Demand values are simulated for inventory/demand scenario analysis.
Normal Demand,617,1165.96,1400,500,250,Synthetic Academic Simulation,Demand values are simulated for inventory/demand scenario analysis.
Normal Demand,618,1312.34,1400,500,250,Synthetic Academic Simulation,Demand values are simulated for inventory/demand scenario analysis.
Normal Demand,619,1024.75,1400,500,250,Synthetic Academic Simulation,Demand values are simulated for inventory/demand scenario analysis.
Normal Demand,620,1502.72,1400,500,250,Synthetic Academic Simulation,Demand values are simulated for inventory/demand scenario analysis.
Normal Demand,621,1086.12,1400,500,250,Synthetic Academic Simulation,Demand values are simulated for inventory/demand scenario analysis.
Normal Demand,622,1198.69,1400,500,250,Synthetic Academic Simulation,Demand values are simulated for inventory/demand scenario analysis.
Normal Demand,623,1026.0,1400,500,250,Synthetic Academic Simulation,Demand values are simulated for inventory/demand scenario analysis.
Normal Demand,624,1005.28,1400,500,250,Synthetic Academic Simulation,Demand values are simulated for inventory/demand scenario analysis.
Normal Demand,625,1068.84,1400,500,250,Synthetic Academic Simulation,Demand values are simulated for inventory/demand scenario analysis.
Normal Demand,626,1054.42,1400,500,250,Synthetic Academic Simulation,Demand values are simulated for inventory/demand scenario analysis.
Normal Demand,627,1137.86,1400,500,250,Synthetic Academic Simulation,Demand values are simulated for inventory/demand scenario analysis.
Normal Demand,628,1053.16,1400,500,250,Synthetic Academic Simulation,Demand values are simulated for inventory/demand scenario analysis.
Normal Demand,629,1304.33,1400,500,250,Synthetic Academic Simulation,Demand values are simulated for inventory/demand scenario analysis.
Normal Demand,630,1082.55,1400,500,250,Synthetic Academic Simulation,Demand values are simulated for inventory/demand scenario analysis.
Normal Demand,631,1065.93,1400,500,250,Synthetic Academic Simulation,Demand values are simulated for inventory/demand scenario analysis.
Normal Demand,632,1141.05,1400,500,250,Synthetic Academic Simulation,Demand values are simulated for inventory/demand scenario analysis.
Normal Demand,633,1348.93,1400,500,250,Synthetic Academic Simulation,Demand values are simulated for inventory/demand scenario analysis.
Normal Demand,634,1232.23,1400,500,250,Synthetic Academic Simulation,Demand values are simulated for inventory/demand scenario analysis.
Normal Demand,635,1185.05,1400,500,250,Synthetic Academic Simulation,Demand values are simulated for inventory/demand scenario analysis.
Normal Demand,636,985.04,1400,500,250,Synthetic Academic Simulation,Demand values are simulated for inventory/demand scenario analysis.
Normal Demand,637,1028.59,1400,500,250,Synthetic Academic Simulation,Demand values are simulated for inventory/demand scenario analysis.
Normal Demand,638,1008.24,1400,500,250,Synthetic Academic Simulation,Demand values are simulated for inventory/demand scenario analysis.
Normal Demand,639,1396.03,1400,500,250,Synthetic Academic Simulation,Demand values are simulated for inventory/demand scenario analysis.
Normal Demand,640,1279.58,1400,500,250,Synthetic Academic Simulation,Demand values are simulated for inventory/demand scenario analysis.
Normal Demand,641,1070.76,1400,500,250,Synthetic Academic Simulation,Demand values are simulated for inventory/demand scenario analysis.
Normal Demand,642,1115.34,1400,500,250,Synthetic Academic Simulation,Demand values are simulated for inventory/demand scenario analysis.
Normal Demand,643,1076.21,1400,500,250,Synthetic Academic Simulation,Demand values are simulated for inventory/demand scenario analysis.
Normal Demand,644,1067.12,1400,500,250,Synthetic Academic Simulation,Demand values are simulated for inventory/demand scenario analysis.
Normal Demand,645,1269.05,1400,500,250,Synthetic Academic Simulation,Demand values are simulated for inventory/demand scenario analysis.
Normal Demand,646,1156.87,1400,500,250,Synthetic Academic Simulation,Demand values are simulated for inventory/demand scenario analysis.
Normal Demand,647,1512.18,1400,500,250,Synthetic Academic Simulation,Demand values are simulated for inventory/demand scenario analysis.
Normal Demand,648,1387.55,1400,500,250,Synthetic Academic Simulation,Demand values are simulated for inventory/demand scenario analysis.
Normal Demand,649,1396.42,1400,500,250,Synthetic Academic Simulation,Demand values are simulated for inventory/demand scenario analysis.
Normal Demand,650,1300.7,1400,500,250,Synthetic Academic Simulation,Demand values are simulated for inventory/demand scenario analysis.
Normal Demand,651,1136.6,1400,500,250,Synthetic Academic Simulation,Demand values are simulated for inventory/demand scenario analysis.
Normal Demand,652,1289.67,1400,500,250,Synthetic Academic Simulation,Demand values are simulated for inventory/demand scenario analysis.
Normal Demand,653,1147.68,1400,500,250,Synthetic Academic Simulation,Demand values are simulated for inventory/demand scenario analysis.
Normal Demand,654,1444.54,1400,500,250,Synthetic Academic Simulation,Demand values are simulated for inventory/demand scenario analysis.
Normal Demand,655,1260.64,1400,500,250,Synthetic Academic Simulation,Demand values are simulated for inventory/demand scenario analysis.
Normal Demand,656,1239.35,1400,500,250,Synthetic Academic Simulation,Demand values are simulated for inventory/demand scenario analysis.
Normal Demand,657,1219.06,1400,500,250,Synthetic Academic Simulation,Demand values are simulated for inventory/demand scenario analysis.
Normal Demand,658,1461.04,1400,500,250,Synthetic Academic Simulation,Demand values are simulated for inventory/demand scenario analysis.
Normal Demand,659,984.94,1400,500,250,Synthetic Academic Simulation,Demand values are simulated for inventory/demand scenario analysis.
Normal Demand,660,1475.74,1400,500,250,Synthetic Academic Simulation,Demand values are simulated for inventory/demand scenario analysis.
Normal Demand,661,1172.08,1400,500,250,Synthetic Academic Simulation,Demand values are simulated for inventory/demand scenario analysis.
Normal Demand,662,989.08,1400,500,250,Synthetic Academic Simulation,Demand values are simulated for inventory/demand scenario analysis.
Normal Demand,663,1087.17,1400,500,250,Synthetic Academic Simulation,Demand values are simulated for inventory/demand scenario analysis.
Normal Demand,664,952.38,1400,500,250,Synthetic Academic Simulation,Demand values are simulated for inventory/demand scenario analysis.
Normal Demand,665,1298.05,1400,500,250,Synthetic Academic Simulation,Demand values are simulated for inventory/demand scenario analysis.
Normal Demand,666,1044.26,1400,500,250,Synthetic Academic Simulation,Demand values are simulated for inventory/demand scenario analysis.
Normal Demand,667,1225.3,1400,500,250,Synthetic Academic Simulation,Demand values are simulated for inventory/demand scenario analysis.
Normal Demand,668,1370.13,1400,500,250,Synthetic Academic Simulation,Demand values are simulated for inventory/demand scenario analysis.
Normal Demand,669,1099.2,1400,500,250,Synthetic Academic Simulation,Demand values are simulated for inventory/demand scenario analysis.
Normal Demand,670,1159.78,1400,500,250,Synthetic Academic Simulation,Demand values are simulated for inventory/demand scenario analysis.
Normal Demand,671,1004.5,1400,500,250,Synthetic Academic Simulation,Demand values are simulated for inventory/demand scenario analysis.
Normal Demand,672,1141.75,1400,500,250,Synthetic Academic Simulation,Demand values are simulated for inventory/demand scenario analysis.
Normal Demand,673,1586.1,1400,500,250,Synthetic Academic Simulation,Demand values are simulated for inventory/demand scenario analysis.
Normal Demand,674,1316.69,1400,500,250,Synthetic Academic Simulation,Demand values are simulated for inventory/demand scenario analysis.
Normal Demand,675,1160.29,1400,500,250,Synthetic Academic Simulation,Demand values are simulated for inventory/demand scenario analysis.
Normal Demand,676,1108.25,1400,500,250,Synthetic Academic Simulation,Demand values are simulated for inventory/demand scenario analysis.
Normal Demand,677,1193.6,1400,500,250,Synthetic Academic Simulation,Demand values are simulated for inventory/demand scenario analysis.
Normal Demand,678,1219.51,1400,500,250,Synthetic Academic Simulation,Demand values are simulated for inventory/demand scenario analysis.
Normal Demand,679,1137.14,1400,500,250,Synthetic Academic Simulation,Demand values are simulated for inventory/demand scenario analysis.
Normal Demand,680,1279.51,1400,500,250,Synthetic Academic Simulation,Demand values are simulated for inventory/demand scenario analysis.
Normal Demand,681,1056.98,1400,500,250,Synthetic Academic Simulation,Demand values are simulated for inventory/demand scenario analysis.
Normal Demand,682,1056.24,1400,500,250,Synthetic Academic Simulation,Demand values are simulated for inventory/demand scenario analysis.
Normal Demand,683,1255.53,1400,500,250,Synthetic Academic Simulation,Demand values are simulated for inventory/demand scenario analysis.
Normal Demand,684,1024.7,1400,500,250,Synthetic Academic Simulation,Demand values are simulated for inventory/demand scenario analysis.
Normal Demand,685,1309.35,1400,500,250,Synthetic Academic Simulation,Demand values are simulated for inventory/demand scenario analysis.
Normal Demand,686,1197.86,1400,500,250,Synthetic Academic Simulation,Demand values are simulated for inventory/demand scenario analysis.
Normal Demand,687,925.81,1400,500,250,Synthetic Academic Simulation,Demand values are simulated for inventory/demand scenario analysis.
Normal Demand,688,1216.42,1400,500,250,Synthetic Academic Simulation,Demand values are simulated for inventory/demand scenario analysis.
Normal Demand,689,947.23,1400,500,250,Synthetic Academic Simulation,Demand values are simulated for inventory/demand scenario analysis.
Normal Demand,690,1304.0,1400,500,250,Synthetic Academic Simulation,Demand values are simulated for inventory/demand scenario analysis.
Normal Demand,691,1162.69,1400,500,250,Synthetic Academic Simulation,Demand values are simulated for inventory/demand scenario analysis.
Normal Demand,692,1477.66,1400,500,250,Synthetic Academic Simulation,Demand values are simulated for inventory/demand scenario analysis.
Normal Demand,693,1360.7,1400,500,250,Synthetic Academic Simulation,Demand values are simulated for inventory/demand scenario analysis.
Normal Demand,694,1040.9,1400,500,250,Synthetic Academic Simulation,Demand values are simulated for inventory/demand scenario analysis.
Normal Demand,695,896.89,1400,500,250,Synthetic Academic Simulation,Demand values are simulated for inventory/demand scenario analysis.
Normal Demand,696,1086.73,1400,500,250,Synthetic Academic Simulation,Demand values are simulated for inventory/demand scenario analysis.
Normal Demand,697,1016.81,1400,500,250,Synthetic Academic Simulation,Demand values are simulated for inventory/demand scenario analysis.
Normal Demand,698,1473.86,1400,500,250,Synthetic Academic Simulation,Demand values are simulated for inventory/demand scenario analysis.
Normal Demand,699,1198.45,1400,500,250,Synthetic Academic Simulation,Demand values are simulated for inventory/demand scenario analysis.
Normal Demand,700,1340.01,1400,500,250,Synthetic Academic Simulation,Demand values are simulated for inventory/demand scenario analysis.
Normal Demand,701,1157.25,1400,500,250,Synthetic Academic Simulation,Demand values are simulated for inventory/demand scenario analysis.
Normal Demand,702,1173.05,1400,500,250,Synthetic Academic Simulation,Demand values are simulated for inventory/demand scenario analysis.
Normal Demand,703,1195.11,1400,500,250,Synthetic Academic Simulation,Demand values are simulated for inventory/demand scenario analysis.
Normal Demand,704,1365.98,1400,500,250,Synthetic Academic Simulation,Demand values are simulated for inventory/demand scenario analysis.
Normal Demand,705,1246.74,1400,500,250,Synthetic Academic Simulation,Demand values are simulated for inventory/demand scenario analysis.
Normal Demand,706,1041.4,1400,500,250,Synthetic Academic Simulation,Demand values are simulated for inventory/demand scenario analysis.
Normal Demand,707,1443.38,1400,500,250,Synthetic Academic Simulation,Demand values are simulated for inventory/demand scenario analysis.
Normal Demand,708,1156.08,1400,500,250,Synthetic Academic Simulation,Demand values are simulated for inventory/demand scenario analysis.
Normal Demand,709,1131.67,1400,500,250,Synthetic Academic Simulation,Demand values are simulated for inventory/demand scenario analysis.
Normal Demand,710,775.57,1400,500,250,Synthetic Academic Simulation,Demand values are simulated for inventory/demand scenario analysis.
Normal Demand,711,1295.16,1400,500,250,Synthetic Academic Simulation,Demand values are simulated for inventory/demand scenario analysis.
Normal Demand,712,1215.15,1400,500,250,Synthetic Academic Simulation,Demand values are simulated for inventory/demand scenario analysis.
Normal Demand,713,1214.99,1400,500,250,Synthetic Academic Simulation,Demand values are simulated for inventory/demand scenario analysis.
Normal Demand,714,1139.58,1400,500,250,Synthetic Academic Simulation,Demand values are simulated for inventory/demand scenario analysis.
Normal Demand,715,1113.72,1400,500,250,Synthetic Academic Simulation,Demand values are simulated for inventory/demand scenario analysis.
Normal Demand,716,1144.56,1400,500,250,Synthetic Academic Simulation,Demand values are simulated for inventory/demand scenario analysis.
Normal Demand,717,1269.47,1400,500,250,Synthetic Academic Simulation,Demand values are simulated for inventory/demand scenario analysis.
Normal Demand,718,1295.87,1400,500,250,Synthetic Academic Simulation,Demand values are simulated for inventory/demand scenario analysis.
Normal Demand,719,1165.35,1400,500,250,Synthetic Academic Simulation,Demand values are simulated for inventory/demand scenario analysis.
Normal Demand,720,1342.34,1400,500,250,Synthetic Academic Simulation,Demand values are simulated for inventory/demand scenario analysis.
Normal Demand,721,1188.15,1400,500,250,Synthetic Academic Simulation,Demand values are simulated for inventory/demand scenario analysis.
Normal Demand,722,1124.37,1400,500,250,Synthetic Academic Simulation,Demand values are simulated for inventory/demand scenario analysis.
Normal Demand,723,1229.76,1400,500,250,Synthetic Academic Simulation,Demand values are simulated for inventory/demand scenario analysis.
Normal Demand,724,996.09,1400,500,250,Synthetic Academic Simulation,Demand values are simulated for inventory/demand scenario analysis.
Normal Demand,725,1234.91,1400,500,250,Synthetic Academic Simulation,Demand values are simulated for inventory/demand scenario analysis.
Normal Demand,726,968.67,1400,500,250,Synthetic Academic Simulation,Demand values are simulated for inventory/demand scenario analysis.
Normal Demand,727,1045.84,1400,500,250,Synthetic Academic Simulation,Demand values are simulated for inventory/demand scenario analysis.
Normal Demand,728,897.2,1400,500,250,Synthetic Academic Simulation,Demand values are simulated for inventory/demand scenario analysis.
Normal Demand,729,1173.73,1400,500,250,Synthetic Academic Simulation,Demand values are simulated for inventory/demand scenario analysis.
Normal Demand,730,1441.45,1400,500,250,Synthetic Academic Simulation,Demand values are simulated for inventory/demand scenario analysis.
Normal Demand,731,1182.44,1400,500,250,Synthetic Academic Simulation,Demand values are simulated for inventory/demand scenario analysis.
Normal Demand,732,1296.54,1400,500,250,Synthetic Academic Simulation,Demand values are simulated for inventory/demand scenario analysis.
Normal Demand,733,1552.85,1400,500,250,Synthetic Academic Simulation,Demand values are simulated for inventory/demand scenario analysis.
Normal Demand,734,1260.61,1400,500,250,Synthetic Academic Simulation,Demand values are simulated for inventory/demand scenario analysis.
Normal Demand,735,1085.22,1400,500,250,Synthetic Academic Simulation,Demand values are simulated for inventory/demand scenario analysis.
Normal Demand,736,1105.86,1400,500,250,Synthetic Academic Simulation,Demand values are simulated for inventory/demand scenario analysis.
Normal Demand,737,1200.1,1400,500,250,Synthetic Academic Simulation,Demand values are simulated for inventory/demand scenario analysis.
Normal Demand,738,1105.07,1400,500,250,Synthetic Academic Simulation,Demand values are simulated for inventory/demand scenario analysis.
Normal Demand,739,1116.29,1400,500,250,Synthetic Academic Simulation,Demand values are simulated for inventory/demand scenario analysis.
Normal Demand,740,1347.79,1400,500,250,Synthetic Academic Simulation,Demand values are simulated for inventory/demand scenario analysis.
Normal Demand,741,1353.92,1400,500,250,Synthetic Academic Simulation,Demand values are simulated for inventory/demand scenario analysis.
Normal Demand,742,952.97,1400,500,250,Synthetic Academic Simulation,Demand values are simulated for inventory/demand scenario analysis.
Normal Demand,743,1077.27,1400,500,250,Synthetic Academic Simulation,Demand values are simulated for inventory/demand scenario analysis.
Normal Demand,744,1130.4,1400,500,250,Synthetic Academic Simulation,Demand values are simulated for inventory/demand scenario analysis.
Normal Demand,745,1289.86,1400,500,250,Synthetic Academic Simulation,Demand values are simulated for inventory/demand scenario analysis.
Normal Demand,746,1371.46,1400,500,250,Synthetic Academic Simulation,Demand values are simulated for inventory/demand scenario analysis.
Normal Demand,747,1605.3,1400,500,250,Synthetic Academic Simulation,Demand values are simulated for inventory/demand scenario analysis.
Normal Demand,748,1130.15,1400,500,250,Synthetic Academic Simulation,Demand values are simulated for inventory/demand scenario analysis.
Normal Demand,749,1137.64,1400,500,250,Synthetic Academic Simulation,Demand values are simulated for inventory/demand scenario analysis.
Normal Demand,750,1288.29,1400,500,250,Synthetic Academic Simulation,Demand values are simulated for inventory/demand scenario analysis.
Normal Demand,751,1097.67,1400,500,250,Synthetic Academic Simulation,Demand values are simulated for inventory/demand scenario analysis.
Normal Demand,752,1178.86,1400,500,250,Synthetic Academic Simulation,Demand values are simulated for inventory/demand scenario analysis.
Normal Demand,753,1137.74,1400,500,250,Synthetic Academic Simulation,Demand values are simulated for inventory/demand scenario analysis.
Normal Demand,754,806.75,1400,500,250,Synthetic Academic Simulation,Demand values are simulated for inventory/demand scenario analysis.
Normal Demand,755,1218.48,1400,500,250,Synthetic Academic Simulation,Demand values are simulated for inventory/demand scenario analysis.
Normal Demand,756,1172.65,1400,500,250,Synthetic Academic Simulation,Demand values are simulated for inventory/demand scenario analysis.
Normal Demand,757,1390.68,1400,500,250,Synthetic Academic Simulation,Demand values are simulated for inventory/demand scenario analysis.
Normal Demand,758,1200.82,1400,500,250,Synthetic Academic Simulation,Demand values are simulated for inventory/demand scenario analysis.
Normal Demand,759,1011.79,1400,500,250,Synthetic Academic Simulation,Demand values are simulated for inventory/demand scenario analysis.
Normal Demand,760,1161.29,1400,500,250,Synthetic Academic Simulation,Demand values are simulated for inventory/demand scenario analysis.
Normal Demand,761,886.34,1400,500,250,Synthetic Academic Simulation,Demand values are simulated for inventory/demand scenario analysis.
Normal Demand,762,1018.36,1400,500,250,Synthetic Academic Simulation,Demand values are simulated for inventory/demand scenario analysis.
Normal Demand,763,1295.33,1400,500,250,Synthetic Academic Simulation,Demand values are simulated for inventory/demand scenario analysis.
Normal Demand,764,1162.9,1400,500,250,Synthetic Academic Simulation,Demand values are simulated for inventory/demand scenario analysis.
Normal Demand,765,1338.38,1400,500,250,Synthetic Academic Simulation,Demand values are simulated for inventory/demand scenario analysis.
Normal Demand,766,904.97,1400,500,250,Synthetic Academic Simulation,Demand values are simulated for inventory/demand scenario analysis.
Normal Demand,767,1163.63,1400,500,250,Synthetic Academic Simulation,Demand values are simulated for inventory/demand scenario analysis.
Normal Demand,768,1128.67,1400,500,250,Synthetic Academic Simulation,Demand values are simulated for inventory/demand scenario analysis.
Normal Demand,769,1343.38,1400,500,250,Synthetic Academic Simulation,Demand values are simulated for inventory/demand scenario analysis.
Normal Demand,770,1300.91,1400,500,250,Synthetic Academic Simulation,Demand values are simulated for inventory/demand scenario analysis.
Normal Demand,771,1296.34,1400,500,250,Synthetic Academic Simulation,Demand values are simulated for inventory/demand scenario analysis.
Normal Demand,772,1431.21,1400,500,250,Synthetic Academic Simulation,Demand values are simulated for inventory/demand scenario analysis.
Normal Demand,773,1144.79,1400,500,250,Synthetic Academic Simulation,Demand values are simulated for inventory/demand scenario analysis.
Normal Demand,774,1400.26,1400,500,250,Synthetic Academic Simulation,Demand values are simulated for inventory/demand scenario analysis.
Normal Demand,775,1043.37,1400,500,250,Synthetic Academic Simulation,Demand values are simulated for inventory/demand scenario analysis.
Normal Demand,776,1037.87,1400,500,250,Synthetic Academic Simulation,Demand values are simulated for inventory/demand scenario analysis.
Normal Demand,777,1312.91,1400,500,250,Synthetic Academic Simulation,Demand values are simulated for inventory/demand scenario analysis.
Normal Demand,778,974.29,1400,500,250,Synthetic Academic Simulation,Demand values are simulated for inventory/demand scenario analysis.
Normal Demand,779,1285.91,1400,500,250,Synthetic Academic Simulation,Demand values are simulated for inventory/demand scenario analysis.
Normal Demand,780,1215.2,1400,500,250,Synthetic Academic Simulation,Demand values are simulated for inventory/demand scenario analysis.
Normal Demand,781,1360.78,1400,500,250,Synthetic Academic Simulation,Demand values are simulated for inventory/demand scenario analysis.
Normal Demand,782,1191.08,1400,500,250,Synthetic Academic Simulation,Demand values are simulated for inventory/demand scenario analysis.
Normal Demand,783,1208.41,1400,500,250,Synthetic Academic Simulation,Demand values are simulated for inventory/demand scenario analysis.
Normal Demand,784,1276.39,1400,500,250,Synthetic Academic Simulation,Demand values are simulated for inventory/demand scenario analysis.
Normal Demand,785,1100.6,1400,500,250,Synthetic Academic Simulation,Demand values are simulated for inventory/demand scenario analysis.
Normal Demand,786,1094.07,1400,500,250,Synthetic Academic Simulation,Demand values are simulated for inventory/demand scenario analysis.
Normal Demand,787,1271.16,1400,500,250,Synthetic Academic Simulation,Demand values are simulated for inventory/demand scenario analysis.
Normal Demand,788,1195.61,1400,500,250,Synthetic Academic Simulation,Demand values are simulated for inventory/demand scenario analysis.
Normal Demand,789,1138.9,1400,500,250,Synthetic Academic Simulation,Demand values are simulated for inventory/demand scenario analysis.
Normal Demand,790,1187.58,1400,500,250,Synthetic Academic Simulation,Demand values are simulated for inventory/demand scenario analysis.
Normal Demand,791,1439.18,1400,500,250,Synthetic Academic Simulation,Demand values are simulated for inventory/demand scenario analysis.
Normal Demand,792,1133.55,1400,500,250,Synthetic Academic Simulation,Demand values are simulated for inventory/demand scenario analysis.
Normal Demand,793,1129.2,1400,500,250,Synthetic Academic Simulation,Demand values are simulated for inventory/demand scenario analysis.
Normal Demand,794,943.88,1400,500,250,Synthetic Academic Simulation,Demand values are simulated for inventory/demand scenario analysis.
Normal Demand,795,1193.65,1400,500,250,Synthetic Academic Simulation,Demand values are simulated for inventory/demand scenario analysis.
Normal Demand,796,1298.53,1400,500,250,Synthetic Academic Simulation,Demand values are simulated for inventory/demand scenario analysis.
Normal Demand,797,1325.43,1400,500,250,Synthetic Academic Simulation,Demand values are simulated for inventory/demand scenario analysis.
Normal Demand,798,1216.23,1400,500,250,Synthetic Academic Simulation,Demand values are simulated for inventory/demand scenario analysis.
Normal Demand,799,1343.38,1400,500,250,Synthetic Academic Simulation,Demand values are simulated for inventory/demand scenario analysis.
Normal Demand,800,1309.68,1400,500,250,Synthetic Academic Simulation,Demand values are simulated for inventory/demand scenario analysis.
Normal Demand,801,1366.94,1400,500,250,Synthetic Academic Simulation,Demand values are simulated for inventory/demand scenario analysis.
Normal Demand,802,1347.65,1400,500,250,Synthetic Academic Simulation,Demand values are simulated for inventory/demand scenario analysis.
Normal Demand,803,1435.5,1400,500,250,Synthetic Academic Simulation,Demand values are simulated for inventory/demand scenario analysis.
Normal Demand,804,1174.55,1400,500,250,Synthetic Academic Simulation,Demand values are simulated for inventory/demand scenario analysis.
Normal Demand,805,1000.94,1400,500,250,Synthetic Academic Simulation,Demand values are simulated for inventory/demand scenario analysis.
Normal Demand,806,1299.56,1400,500,250,Synthetic Academic Simulation,Demand values are simulated for inventory/demand scenario analysis.
Normal Demand,807,1317.08,1400,500,250,Synthetic Academic Simulation,Demand values are simulated for inventory/demand scenario analysis.
Normal Demand,808,1435.5,1400,500,250,Synthetic Academic Simulation,Demand values are simulated for inventory/demand scenario analysis.
Normal Demand,809,1392.19,1400,500,250,Synthetic Academic Simulation,Demand values are simulated for inventory/demand scenario analysis.
Normal Demand,810,1491.82,1400,500,250,Synthetic Academic Simulation,Demand values are simulated for inventory/demand scenario analysis.
Normal Demand,811,1292.98,1400,500,250,Synthetic Academic Simulation,Demand values are simulated for inventory/demand scenario analysis.
Normal Demand,812,1234.32,1400,500,250,Synthetic Academic Simulation,Demand values are simulated for inventory/demand scenario analysis.
Normal Demand,813,992.25,1400,500,250,Synthetic Academic Simulation,Demand values are simulated for inventory/demand scenario analysis.
Normal Demand,814,1246.21,1400,500,250,Synthetic Academic Simulation,Demand values are simulated for inventory/demand scenario analysis.
Normal Demand,815,1117.12,1400,500,250,Synthetic Academic Simulation,Demand values are simulated for inventory/demand scenario analysis.
Normal Demand,816,1231.73,1400,500,250,Synthetic Academic Simulation,Demand values are simulated for inventory/demand scenario analysis.
Normal Demand,817,1208.18,1400,500,250,Synthetic Academic Simulation,Demand values are simulated for inventory/demand scenario analysis.
Normal Demand,818,1270.76,1400,500,250,Synthetic Academic Simulation,Demand values are simulated for inventory/demand scenario analysis.
Normal Demand,819,1185.4,1400,500,250,Synthetic Academic Simulation,Demand values are simulated for inventory/demand scenario analysis.
Normal Demand,820,1340.25,1400,500,250,Synthetic Academic Simulation,Demand values are simulated for inventory/demand scenario analysis.
Normal Demand,821,791.53,1400,500,250,Synthetic Academic Simulation,Demand values are simulated for inventory/demand scenario analysis.
Normal Demand,822,1228.5,1400,500,250,Synthetic Academic Simulation,Demand values are simulated for inventory/demand scenario analysis.
Normal Demand,823,1380.37,1400,500,250,Synthetic Academic Simulation,Demand values are simulated for inventory/demand scenario analysis.
Normal Demand,824,1480.51,1400,500,250,Synthetic Academic Simulation,Demand values are simulated for inventory/demand scenario analysis.
Normal Demand,825,1309.79,1400,500,250,Synthetic Academic Simulation,Demand values are simulated for inventory/demand scenario analysis.
Normal Demand,826,1452.73,1400,500,250,Synthetic Academic Simulation,Demand values are simulated for inventory/demand scenario analysis.
Normal Demand,827,1225.34,1400,500,250,Synthetic Academic Simulation,Demand values are simulated for inventory/demand scenario analysis.
Normal Demand,828,1200.43,1400,500,250,Synthetic Academic Simulation,Demand values are simulated for inventory/demand scenario analysis.
Normal Demand,829,1279.41,1400,500,250,Synthetic Academic Simulation,Demand values are simulated for inventory/demand scenario analysis.
Normal Demand,830,1199.52,1400,500,250,Synthetic Academic Simulation,Demand values are simulated for inventory/demand scenario analysis.
Normal Demand,831,1082.65,1400,500,250,Synthetic Academic Simulation,Demand values are simulated for inventory/demand scenario analysis.
Normal Demand,832,1122.71,1400,500,250,Synthetic Academic Simulation,Demand values are simulated for inventory/demand scenario analysis.
Normal Demand,833,1033.18,1400,500,250,Synthetic Academic Simulation,Demand values are simulated for inventory/demand scenario analysis.
Normal Demand,834,1279.26,1400,500,250,Synthetic Academic Simulation,Demand values are simulated for inventory/demand scenario analysis.
Normal Demand,835,1201.71,1400,500,250,Synthetic Academic Simulation,Demand values are simulated for inventory/demand scenario analysis.
Normal Demand,836,1145.96,1400,500,250,Synthetic Academic Simulation,Demand values are simulated for inventory/demand scenario analysis.
Normal Demand,837,1115.0,1400,500,250,Synthetic Academic Simulation,Demand values are simulated for inventory/demand scenario analysis.
Normal Demand,838,1275.76,1400,500,250,Synthetic Academic Simulation,Demand values are simulated for inventory/demand scenario analysis.
Normal Demand,839,1317.07,1400,500,250,Synthetic Academic Simulation,Demand values are simulated for inventory/demand scenario analysis.
Normal Demand,840,1030.42,1400,500,250,Synthetic Academic Simulation,Demand values are simulated for inventory/demand scenario analysis.
Normal Demand,841,1006.85,1400,500,250,Synthetic Academic Simulation,Demand values are simulated for inventory/demand scenario analysis.
Normal Demand,842,1343.18,1400,500,250,Synthetic Academic Simulation,Demand values are simulated for inventory/demand scenario analysis.
Normal Demand,843,993.73,1400,500,250,Synthetic Academic Simulation,Demand values are simulated for inventory/demand scenario analysis.
Normal Demand,844,1282.12,1400,500,250,Synthetic Academic Simulation,Demand values are simulated for inventory/demand scenario analysis.
Normal Demand,845,1442.54,1400,500,250,Synthetic Academic Simulation,Demand values are simulated for inventory/demand scenario analysis.
Normal Demand,846,1442.89,1400,500,250,Synthetic Academic Simulation,Demand values are simulated for inventory/demand scenario analysis.
Normal Demand,847,1310.68,1400,500,250,Synthetic Academic Simulation,Demand values are simulated for inventory/demand scenario analysis.
Normal Demand,848,1306.32,1400,500,250,Synthetic Academic Simulation,Demand values are simulated for inventory/demand scenario analysis.
Normal Demand,849,1537.79,1400,500,250,Synthetic Academic Simulation,Demand values are simulated for inventory/demand scenario analysis.
Normal Demand,850,849.84,1400,500,250,Synthetic Academic Simulation,Demand values are simulated for inventory/demand scenario analysis.
Normal Demand,851,1130.35,1400,500,250,Synthetic Academic Simulation,Demand values are simulated for inventory/demand scenario analysis.
Normal Demand,852,1327.27,1400,500,250,Synthetic Academic Simulation,Demand values are simulated for inventory/demand scenario analysis.
Normal Demand,853,1149.41,1400,500,250,Synthetic Academic Simulation,Demand values are simulated for inventory/demand scenario analysis.
Normal Demand,854,1385.97,1400,500,250,Synthetic Academic Simulation,Demand values are simulated for inventory/demand scenario analysis.
Normal Demand,855,1194.1,1400,500,250,Synthetic Academic Simulation,Demand values are simulated for inventory/demand scenario analysis.
Normal Demand,856,1219.76,1400,500,250,Synthetic Academic Simulation,Demand values are simulated for inventory/demand scenario analysis.
Normal Demand,857,1158.8,1400,500,250,Synthetic Academic Simulation,Demand values are simulated for inventory/demand scenario analysis.
Normal Demand,858,1121.62,1400,500,250,Synthetic Academic Simulation,Demand values are simulated for inventory/demand scenario analysis.
Normal Demand,859,1117.93,1400,500,250,Synthetic Academic Simulation,Demand values are simulated for inventory/demand scenario analysis.
Normal Demand,860,1240.67,1400,500,250,Synthetic Academic Simulation,Demand values are simulated for inventory/demand scenario analysis.
Normal Demand,861,1083.82,1400,500,250,Synthetic Academic Simulation,Demand values are simulated for inventory/demand scenario analysis.
Normal Demand,862,1342.98,1400,500,250,Synthetic Academic Simulation,Demand values are simulated for inventory/demand scenario analysis.
Normal Demand,863,1297.98,1400,500,250,Synthetic Academic Simulation,Demand values are simulated for inventory/demand scenario analysis.
Normal Demand,864,1364.91,1400,500,250,Synthetic Academic Simulation,Demand values are simulated for inventory/demand scenario analysis.
Normal Demand,865,1030.66,1400,500,250,Synthetic Academic Simulation,Demand values are simulated for inventory/demand scenario analysis.
Normal Demand,866,945.08,1400,500,250,Synthetic Academic Simulation,Demand values are simulated for inventory/demand scenario analysis.
Normal Demand,867,1199.37,1400,500,250,Synthetic Academic Simulation,Demand values are simulated for inventory/demand scenario analysis.
Normal Demand,868,1634.82,1400,500,250,Synthetic Academic Simulation,Demand values are simulated for inventory/demand scenario analysis.
Normal Demand,869,1389.93,1400,500,250,Synthetic Academic Simulation,Demand values are simulated for inventory/demand scenario analysis.
Normal Demand,870,1116.83,1400,500,250,Synthetic Academic Simulation,Demand values are simulated for inventory/demand scenario analysis.
Normal Demand,871,1263.68,1400,500,250,Synthetic Academic Simulation,Demand values are simulated for inventory/demand scenario analysis.
Normal Demand,872,1309.14,1400,500,250,Synthetic Academic Simulation,Demand values are simulated for inventory/demand scenario analysis.
Normal Demand,873,994.74,1400,500,250,Synthetic Academic Simulation,Demand values are simulated for inventory/demand scenario analysis.
Normal Demand,874,1405.44,1400,500,250,Synthetic Academic Simulation,Demand values are simulated for inventory/demand scenario analysis.
Normal Demand,875,1174.89,1400,500,250,Synthetic Academic Simulation,Demand values are simulated for inventory/demand scenario analysis.
Normal Demand,876,1186.4,1400,500,250,Synthetic Academic Simulation,Demand values are simulated for inventory/demand scenario analysis.
Normal Demand,877,1203.57,1400,500,250,Synthetic Academic Simulation,Demand values are simulated for inventory/demand scenario analysis.
Normal Demand,878,1371.68,1400,500,250,Synthetic Academic Simulation,Demand values are simulated for inventory/demand scenario analysis.
Normal Demand,879,1086.72,1400,500,250,Synthetic Academic Simulation,Demand values are simulated for inventory/demand scenario analysis.
Normal Demand,880,943.95,1400,500,250,Synthetic Academic Simulation,Demand values are simulated for inventory/demand scenario analysis.
Normal Demand,881,1248.44,1400,500,250,Synthetic Academic Simulation,Demand values are simulated for inventory/demand scenario analysis.
Normal Demand,882,893.45,1400,500,250,Synthetic Academic Simulation,Demand values are simulated for inventory/demand scenario analysis.
Normal Demand,883,1154.83,1400,500,250,Synthetic Academic Simulation,Demand values are simulated for inventory/demand scenario analysis.
Normal Demand,884,1378.03,1400,500,250,Synthetic Academic Simulation,Demand values are simulated for inventory/demand scenario analysis.
Normal Demand,885,1286.86,1400,500,250,Synthetic Academic Simulation,Demand values are simulated for inventory/demand scenario analysis.
Normal Demand,886,1356.35,1400,500,250,Synthetic Academic Simulation,Demand values are simulated for inventory/demand scenario analysis.
Normal Demand,887,1293.05,1400,500,250,Synthetic Academic Simulation,Demand values are simulated for inventory/demand scenario analysis.
Normal Demand,888,1561.55,1400,500,250,Synthetic Academic Simulation,Demand values are simulated for inventory/demand scenario analysis.
Normal Demand,889,1111.76,1400,500,250,Synthetic Academic Simulation,Demand values are simulated for inventory/demand scenario analysis.
Normal Demand,890,1259.72,1400,500,250,Synthetic Academic Simulation,Demand values are simulated for inventory/demand scenario analysis.
Normal Demand,891,1134.28,1400,500,250,Synthetic Academic Simulation,Demand values are simulated for inventory/demand scenario analysis.
Normal Demand,892,1343.52,1400,500,250,Synthetic Academic Simulation,Demand values are simulated for inventory/demand scenario analysis.
Normal Demand,893,1190.76,1400,500,250,Synthetic Academic Simulation,Demand values are simulated for inventory/demand scenario analysis.
Normal Demand,894,1457.83,1400,500,250,Synthetic Academic Simulation,Demand values are simulated for inventory/demand scenario analysis.
Normal Demand,895,1120.38,1400,500,250,Synthetic Academic Simulation,Demand values are simulated for inventory/demand scenario analysis.
Normal Demand,896,1411.07,1400,500,250,Synthetic Academic Simulation,Demand values are simulated for inventory/demand scenario analysis.
Normal Demand,897,1288.97,1400,500,250,Synthetic Academic Simulation,Demand values are simulated for inventory/demand scenario analysis.
Normal Demand,898,1195.13,1400,500,250,Synthetic Academic Simulation,Demand values are simulated for inventory/demand scenario analysis.
Normal Demand,899,1281.37,1400,500,250,Synthetic Academic Simulation,Demand values are simulated for inventory/demand scenario analysis.
Normal Demand,900,1239.19,1400,500,250,Synthetic Academic Simulation,Demand values are simulated for inventory/demand scenario analysis.
Normal Demand,901,1253.39,1400,500,250,Synthetic Academic Simulation,Demand values are simulated for inventory/demand scenario analysis.
Normal Demand,902,1168.97,1400,500,250,Synthetic Academic Simulation,Demand values are simulated for inventory/demand scenario analysis.
Normal Demand,903,1094.76,1400,500,250,Synthetic Academic Simulation,Demand values are simulated for inventory/demand scenario analysis.
Normal Demand,904,1149.74,1400,500,250,Synthetic Academic Simulation,Demand values are simulated for inventory/demand scenario analysis.
Normal Demand,905,947.53,1400,500,250,Synthetic Academic Simulation,Demand values are simulated for inventory/demand scenario analysis.
Normal Demand,906,1326.29,1400,500,250,Synthetic Academic Simulation,Demand values are simulated for inventory/demand scenario analysis.
Normal Demand,907,1014.73,1400,500,250,Synthetic Academic Simulation,Demand values are simulated for inventory/demand scenario analysis.
Normal Demand,908,1167.35,1400,500,250,Synthetic Academic Simulation,Demand values are simulated for inventory/demand scenario analysis.
Normal Demand,909,1297.21,1400,500,250,Synthetic Academic Simulation,Demand values are simulated for inventory/demand scenario analysis.
Normal Demand,910,1325.91,1400,500,250,Synthetic Academic Simulation,Demand values are simulated for inventory/demand scenario analysis.
Normal Demand,911,933.8,1400,500,250,Synthetic Academic Simulation,Demand values are simulated for inventory/demand scenario analysis.
Normal Demand,912,1186.22,1400,500,250,Synthetic Academic Simulation,Demand values are simulated for inventory/demand scenario analysis.
Normal Demand,913,1268.96,1400,500,250,Synthetic Academic Simulation,Demand values are simulated for inventory/demand scenario analysis.
Normal Demand,914,1207.8,1400,500,250,Synthetic Academic Simulation,Demand values are simulated for inventory/demand scenario analysis.
Normal Demand,915,1401.61,1400,500,250,Synthetic Academic Simulation,Demand values are simulated for inventory/demand scenario analysis.
Normal Demand,916,1076.73,1400,500,250,Synthetic Academic Simulation,Demand values are simulated for inventory/demand scenario analysis.
Normal Demand,917,892.64,1400,500,250,Synthetic Academic Simulation,Demand values are simulated for inventory/demand scenario analysis.
Normal Demand,918,1321.55,1400,500,250,Synthetic Academic Simulation,Demand values are simulated for inventory/demand scenario analysis.
Normal Demand,919,1119.44,1400,500,250,Synthetic Academic Simulation,Demand values are simulated for inventory/demand scenario analysis.
Normal Demand,920,936.22,1400,500,250,Synthetic Academic Simulation,Demand values are simulated for inventory/demand scenario analysis.
Normal Demand,921,1176.22,1400,500,250,Synthetic Academic Simulation,Demand values are simulated for inventory/demand scenario analysis.
Normal Demand,922,1384.58,1400,500,250,Synthetic Academic Simulation,Demand values are simulated for inventory/demand scenario analysis.
Normal Demand,923,1010.51,1400,500,250,Synthetic Academic Simulation,Demand values are simulated for inventory/demand scenario analysis.
Normal Demand,924,1550.4,1400,500,250,Synthetic Academic Simulation,Demand values are simulated for inventory/demand scenario analysis.
Normal Demand,925,1074.32,1400,500,250,Synthetic Academic Simulation,Demand values are simulated for inventory/demand scenario analysis.
Normal Demand,926,1213.05,1400,500,250,Synthetic Academic Simulation,Demand values are simulated for inventory/demand scenario analysis.
Normal Demand,927,1017.13,1400,500,250,Synthetic Academic Simulation,Demand values are simulated for inventory/demand scenario analysis.
Normal Demand,928,1206.24,1400,500,250,Synthetic Academic Simulation,Demand values are simulated for inventory/demand scenario analysis.
Normal Demand,929,1179.94,1400,500,250,Synthetic Academic Simulation,Demand values are simulated for inventory/demand scenario analysis.
Normal Demand,930,976.58,1400,500,250,Synthetic Academic Simulation,Demand values are simulated for inventory/demand scenario analysis.
Normal Demand,931,1623.87,1400,500,250,Synthetic Academic Simulation,Demand values are simulated for inventory/demand scenario analysis.
Normal Demand,932,1125.7,1400,500,250,Synthetic Academic Simulation,Demand values are simulated for inventory/demand scenario analysis.
Normal Demand,933,1125.83,1400,500,250,Synthetic Academic Simulation,Demand values are simulated for inventory/demand scenario analysis.
Normal Demand,934,1345.36,1400,500,250,Synthetic Academic Simulation,Demand values are simulated for inventory/demand scenario analysis.
Normal Demand,935,1472.14,1400,500,250,Synthetic Academic Simulation,Demand values are simulated for inventory/demand scenario analysis.
Normal Demand,936,1368.97,1400,500,250,Synthetic Academic Simulation,Demand values are simulated for inventory/demand scenario analysis.
Normal Demand,937,1019.82,1400,500,250,Synthetic Academic Simulation,Demand values are simulated for inventory/demand scenario analysis.
Normal Demand,938,1232.09,1400,500,250,Synthetic Academic Simulation,Demand values are simulated for inventory/demand scenario analysis.
Normal Demand,939,917.79,1400,500,250,Synthetic Academic Simulation,Demand values are simulated for inventory/demand scenario analysis.
Normal Demand,940,1335.26,1400,500,250,Synthetic Academic Simulation,Demand values are simulated for inventory/demand scenario analysis.
Normal Demand,941,954.72,1400,500,250,Synthetic Academic Simulation,Demand values are simulated for inventory/demand scenario analysis.
Normal Demand,942,1079.52,1400,500,250,Synthetic Academic Simulation,Demand values are simulated for inventory/demand scenario analysis.
Normal Demand,943,1199.52,1400,500,250,Synthetic Academic Simulation,Demand values are simulated for inventory/demand scenario analysis.
Normal Demand,944,1266.75,1400,500,250,Synthetic Academic Simulation,Demand values are simulated for inventory/demand scenario analysis.
Normal Demand,945,1160.86,1400,500,250,Synthetic Academic Simulation,Demand values are simulated for inventory/demand scenario analysis.
Normal Demand,946,1427.86,1400,500,250,Synthetic Academic Simulation,Demand values are simulated for inventory/demand scenario analysis.
Normal Demand,947,1308.49,1400,500,250,Synthetic Academic Simulation,Demand values are simulated for inventory/demand scenario analysis.
Normal Demand,948,1296.71,1400,500,250,Synthetic Academic Simulation,Demand values are simulated for inventory/demand scenario analysis.
Normal Demand,949,1015.59,1400,500,250,Synthetic Academic Simulation,Demand values are simulated for inventory/demand scenario analysis.
Normal Demand,950,1454.91,1400,500,250,Synthetic Academic Simulation,Demand values are simulated for inventory/demand scenario analysis.
Normal Demand,951,1079.54,1400,500,250,Synthetic Academic Simulation,Demand values are simulated for inventory/demand scenario analysis.
Normal Demand,952,1460.63,1400,500,250,Synthetic Academic Simulation,Demand values are simulated for inventory/demand scenario analysis.
Normal Demand,953,1503.33,1400,500,250,Synthetic Academic Simulation,Demand values are simulated for inventory/demand scenario analysis.
Normal Demand,954,1276.9,1400,500,250,Synthetic Academic Simulation,Demand values are simulated for inventory/demand scenario analysis.
Normal Demand,955,1354.8,1400,500,250,Synthetic Academic Simulation,Demand values are simulated for inventory/demand scenario analysis.
Normal Demand,956,737.56,1400,500,250,Synthetic Academic Simulation,Demand values are simulated for inventory/demand scenario analysis.
Normal Demand,957,1170.75,1400,500,250,Synthetic Academic Simulation,Demand values are simulated for inventory/demand scenario analysis.
Normal Demand,958,1365.32,1400,500,250,Synthetic Academic Simulation,Demand values are simulated for inventory/demand scenario analysis.
Normal Demand,959,1338.68,1400,500,250,Synthetic Academic Simulation,Demand values are simulated for inventory/demand scenario analysis.
Normal Demand,960,1017.04,1400,500,250,Synthetic Academic Simulation,Demand values are simulated for inventory/demand scenario analysis.
Normal Demand,961,1155.94,1400,500,250,Synthetic Academic Simulation,Demand values are simulated for inventory/demand scenario analysis.
Normal Demand,962,819.55,1400,500,250,Synthetic Academic Simulation,Demand values are simulated for inventory/demand scenario analysis.
Normal Demand,963,1261.95,1400,500,250,Synthetic Academic Simulation,Demand values are simulated for inventory/demand scenario analysis.
Normal Demand,964,917.5,1400,500,250,Synthetic Academic Simulation,Demand values are simulated for inventory/demand scenario analysis.
Normal Demand,965,1369.57,1400,500,250,Synthetic Academic Simulation,Demand values are simulated for inventory/demand scenario analysis.
Normal Demand,966,1377.41,1400,500,250,Synthetic Academic Simulation,Demand values are simulated for inventory/demand scenario analysis.
Normal Demand,967,1128.84,1400,500,250,Synthetic Academic Simulation,Demand values are simulated for inventory/demand scenario analysis.
Normal Demand,968,1278.19,1400,500,250,Synthetic Academic Simulation,Demand values are simulated for inventory/demand scenario analysis.
Normal Demand,969,1167.44,1400,500,250,Synthetic Academic Simulation,Demand values are simulated for inventory/demand scenario analysis.
Normal Demand,970,1236.29,1400,500,250,Synthetic Academic Simulation,Demand values are simulated for inventory/demand scenario analysis.
Normal Demand,971,1027.91,1400,500,250,Synthetic Academic Simulation,Demand values are simulated for inventory/demand scenario analysis.
Normal Demand,972,1293.37,1400,500,250,Synthetic Academic Simulation,Demand values are simulated for inventory/demand scenario analysis.
Normal Demand,973,953.82,1400,500,250,Synthetic Academic Simulation,Demand values are simulated for inventory/demand scenario analysis.
Normal Demand,974,925.51,1400,500,250,Synthetic Academic Simulation,Demand values are simulated for inventory/demand scenario analysis.
Normal Demand,975,1181.71,1400,500,250,Synthetic Academic Simulation,Demand values are simulated for inventory/demand scenario analysis.
Normal Demand,976,1168.31,1400,500,250,Synthetic Academic Simulation,Demand values are simulated for inventory/demand scenario analysis.
Normal Demand,977,1240.85,1400,500,250,Synthetic Academic Simulation,Demand values are simulated for inventory/demand scenario analysis.
Normal Demand,978,1102.57,1400,500,250,Synthetic Academic Simulation,Demand values are simulated for inventory/demand scenario analysis.
Normal Demand,979,1482.85,1400,500,250,Synthetic Academic Simulation,Demand values are simulated for inventory/demand scenario analysis.
Normal Demand,980,1224.09,1400,500,250,Synthetic Academic Simulation,Demand values are simulated for inventory/demand scenario analysis.
Normal Demand,981,1234.93,1400,500,250,Synthetic Academic Simulation,Demand values are simulated for inventory/demand scenario analysis.
Normal Demand,982,1229.59,1400,500,250,Synthetic Academic Simulation,Demand values are simulated for inventory/demand scenario analysis.
Normal Demand,983,1350.44,1400,500,250,Synthetic Academic Simulation,Demand values are simulated for inventory/demand scenario analysis.
Normal Demand,984,1286.4,1400,500,250,Synthetic Academic Simulation,Demand values are simulated for inventory/demand scenario analysis.
Normal Demand,985,1266.3,1400,500,250,Synthetic Academic Simulation,Demand values are simulated for inventory/demand scenario analysis.
Normal Demand,986,1310.4,1400,500,250,Synthetic Academic Simulation,Demand values are simulated for inventory/demand scenario analysis.
Normal Demand,987,926.31,1400,500,250,Synthetic Academic Simulation,Demand values are simulated for inventory/demand scenario analysis.
Normal Demand,988,931.97,1400,500,250,Synthetic Academic Simulation,Demand values are simulated for inventory/demand scenario analysis.
Normal Demand,989,1188.59,1400,500,250,Synthetic Academic Simulation,Demand values are simulated for inventory/demand scenario analysis.
Normal Demand,990,1170.35,1400,500,250,Synthetic Academic Simulation,Demand values are simulated for inventory/demand scenario analysis.
Normal Demand,991,1286.97,1400,500,250,Synthetic Academic Simulation,Demand values are simulated for inventory/demand scenario analysis.
Normal Demand,992,1203.0,1400,500,250,Synthetic Academic Simulation,Demand values are simulated for inventory/demand scenario analysis.
Normal Demand,993,1287.28,1400,500,250,Synthetic Academic Simulation,Demand values are simulated for inventory/demand scenario analysis.
Normal Demand,994,1013.16,1400,500,250,Synthetic Academic Simulation,Demand values are simulated for inventory/demand scenario analysis.
Normal Demand,995,1198.39,1400,500,250,Synthetic Academic Simulation,Demand values are simulated for inventory/demand scenario analysis.
Normal Demand,996,998.84,1400,500,250,Synthetic Academic Simulation,Demand values are simulated for inventory/demand scenario analysis.
Normal Demand,997,1258.03,1400,500,250,Synthetic Academic Simulation,Demand values are simulated for inventory/demand scenario analysis.
Normal Demand,998,918.26,1400,500,250,Synthetic Academic Simulation,Demand values are simulated for inventory/demand scenario analysis.
Normal Demand,999,1252.25,1400,500,250,Synthetic Academic Simulation,Demand values are simulated for inventory/demand scenario analysis.
Normal Demand,1000,979.65,1400,500,250,Synthetic Academic Simulation,Demand values are simulated for inventory/demand scenario analysis.
High Demand,1,1530.96,1400,500,250,Synthetic Academic Simulation,Demand values are simulated for inventory/demand scenario analysis.
High Demand,2,1761.09,1400,500,250,Synthetic Academic Simulation,Demand values are simulated for inventory/demand scenario analysis.
High Demand,3,1640.93,1400,500,250,Synthetic Academic Simulation,Demand values are simulated for inventory/demand scenario analysis.
High Demand,4,1303.78,1400,500,250,Synthetic Academic Simulation,Demand values are simulated for inventory/demand scenario analysis.
High Demand,5,1478.97,1400,500,250,Synthetic Academic Simulation,Demand values are simulated for inventory/demand scenario analysis.
High Demand,6,1329.75,1400,500,250,Synthetic Academic Simulation,Demand values are simulated for inventory/demand scenario analysis.
High Demand,7,1294.94,1400,500,250,Synthetic Academic Simulation,Demand values are simulated for inventory/demand scenario analysis.
High Demand,8,1621.18,1400,500,250,Synthetic Academic Simulation,Demand values are simulated for inventory/demand scenario analysis.
High Demand,9,1700.85,1400,500,250,Synthetic Academic Simulation,Demand values are simulated for inventory/demand scenario analysis.
High Demand,10,1679.31,1400,500,250,Synthetic Academic Simulation,Demand values are simulated for inventory/demand scenario analysis.
High Demand,11,1708.47,1400,500,250,Synthetic Academic Simulation,Demand values are simulated for inventory/demand scenario analysis.
High Demand,12,1597.86,1400,500,250,Synthetic Academic Simulation,Demand values are simulated for inventory/demand scenario analysis.
High Demand,13,1550.79,1400,500,250,Synthetic Academic Simulation,Demand values are simulated for inventory/demand scenario analysis.
High Demand,14,1406.85,1400,500,250,Synthetic Academic Simulation,Demand values are simulated for inventory/demand scenario analysis.
High Demand,15,1520.79,1400,500,250,Synthetic Academic Simulation,Demand values are simulated for inventory/demand scenario analysis.
High Demand,16,1362.16,1400,500,250,Synthetic Academic Simulation,Demand values are simulated for inventory/demand scenario analysis.
High Demand,17,1447.87,1400,500,250,Synthetic Academic Simulation,Demand values are simulated for inventory/demand scenario analysis.
High Demand,18,1616.01,1400,500,250,Synthetic Academic Simulation,Demand values are simulated for inventory/demand scenario analysis.
High Demand,19,1578.79,1400,500,250,Synthetic Academic Simulation,Demand values are simulated for inventory/demand scenario analysis.
High Demand,20,2151.65,1400,500,250,Synthetic Academic Simulation,Demand values are simulated for inventory/demand scenario analysis.
High Demand,21,1357.76,1400,500,250,Synthetic Academic Simulation,Demand values are simulated for inventory/demand scenario analysis.
High Demand,22,1577.48,1400,500,250,Synthetic Academic Simulation,Demand values are simulated for inventory/demand scenario analysis.
High Demand,23,1343.73,1400,500,250,Synthetic Academic Simulation,Demand values are simulated for inventory/demand scenario analysis.
High Demand,24,1530.2,1400,500,250,Synthetic Academic Simulation,Demand values are simulated for inventory/demand scenario analysis.
High Demand,25,1537.52,1400,500,250,Synthetic Academic Simulation,Demand values are simulated for inventory/demand scenario analysis.
High Demand,26,1752.08,1400,500,250,Synthetic Academic Simulation,Demand values are simulated for inventory/demand scenario analysis.
High Demand,27,1519.06,1400,500,250,Synthetic Academic Simulation,Demand values are simulated for inventory/demand scenario analysis.
High Demand,28,1565.56,1400,500,250,Synthetic Academic Simulation,Demand values are simulated for inventory/demand scenario analysis.
High Demand,29,1522.54,1400,500,250,Synthetic Academic Simulation,Demand values are simulated for inventory/demand scenario analysis.
High Demand,30,1347.81,1400,500,250,Synthetic Academic Simulation,Demand values are simulated for inventory/demand scenario analysis.
High Demand,31,1482.62,1400,500,250,Synthetic Academic Simulation,Demand values are simulated for inventory/demand scenario analysis.
High Demand,32,1531.25,1400,500,250,Synthetic Academic Simulation,Demand values are simulated for inventory/demand scenario analysis.
High Demand,33,1613.29,1400,500,250,Synthetic Academic Simulation,Demand values are simulated for inventory/demand scenario analysis.
High Demand,34,1700.61,1400,500,250,Synthetic Academic Simulation,Demand values are simulated for inventory/demand scenario analysis.
High Demand,35,1557.77,1400,500,250,Synthetic Academic Simulation,Demand values are simulated for inventory/demand scenario analysis.
High Demand,36,1554.61,1400,500,250,Synthetic Academic Simulation,Demand values are simulated for inventory/demand scenario analysis.
High Demand,37,1290.25,1400,500,250,Synthetic Academic Simulation,Demand values are simulated for inventory/demand scenario analysis.
High Demand,38,1697.15,1400,500,250,Synthetic Academic Simulation,Demand values are simulated for inventory/demand scenario analysis.
High Demand,39,1474.74,1400,500,250,Synthetic Academic Simulation,Demand values are simulated for inventory/demand scenario analysis.
High Demand,40,1734.48,1400,500,250,Synthetic Academic Simulation,Demand values are simulated for inventory/demand scenario analysis.
High Demand,41,1836.96,1400,500,250,Synthetic Academic Simulation,Demand values are simulated for inventory/demand scenario analysis.
High Demand,42,1566.18,1400,500,250,Synthetic Academic Simulation,Demand values are simulated for inventory/demand scenario analysis.
High Demand,43,1415.8,1400,500,250,Synthetic Academic Simulation,Demand values are simulated for inventory/demand scenario analysis.
High Demand,44,1596.99,1400,500,250,Synthetic Academic Simulation,Demand values are simulated for inventory/demand scenario analysis.
High Demand,45,1662.77,1400,500,250,Synthetic Academic Simulation,Demand values are simulated for inventory/demand scenario analysis.
High Demand,46,1543.21,1400,500,250,Synthetic Academic Simulation,Demand values are simulated for inventory/demand scenario analysis.
High Demand,47,1498.47,1400,500,250,Synthetic Academic Simulation,Demand values are simulated for inventory/demand scenario analysis.
High Demand,48,1701.44,1400,500,250,Synthetic Academic Simulation,Demand values are simulated for inventory/demand scenario analysis.
High Demand,49,1689.56,1400,500,250,Synthetic Academic Simulation,Demand values are simulated for inventory/demand scenario analysis.
High Demand,50,1537.67,1400,500,250,Synthetic Academic Simulation,Demand values are simulated for inventory/demand scenario analysis.
High Demand,51,1302.27,1400,500,250,Synthetic Academic Simulation,Demand values are simulated for inventory/demand scenario analysis.
High Demand,52,1682.15,1400,500,250,Synthetic Academic Simulation,Demand values are simulated for inventory/demand scenario analysis.
High Demand,53,1461.88,1400,500,250,Synthetic Academic Simulation,Demand values are simulated for inventory/demand scenario analysis.
High Demand,54,1638.58,1400,500,250,Synthetic Academic Simulation,Demand values are simulated for inventory/demand scenario analysis.
High Demand,55,1627.21,1400,500,250,Synthetic Academic Simulation,Demand values are simulated for inventory/demand scenario analysis.
High Demand,56,1259.99,1400,500,250,Synthetic Academic Simulation,Demand values are simulated for inventory/demand scenario analysis.
High Demand,57,1614.59,1400,500,250,Synthetic Academic Simulation,Demand values are simulated for inventory/demand scenario analysis.
High Demand,58,1692.62,1400,500,250,Synthetic Academic Simulation,Demand values are simulated for inventory/demand scenario analysis.
High Demand,59,1714.69,1400,500,250,Synthetic Academic Simulation,Demand values are simulated for inventory/demand scenario analysis.
High Demand,60,1621.13,1400,500,250,Synthetic Academic Simulation,Demand values are simulated for inventory/demand scenario analysis.
High Demand,61,1244.11,1400,500,250,Synthetic Academic Simulation,Demand values are simulated for inventory/demand scenario analysis.
High Demand,62,1829.87,1400,500,250,Synthetic Academic Simulation,Demand values are simulated for inventory/demand scenario analysis.
High Demand,63,1673.98,1400,500,250,Synthetic Academic Simulation,Demand values are simulated for inventory/demand scenario analysis.
High Demand,64,1383.4,1400,500,250,Synthetic Academic Simulation,Demand values are simulated for inventory/demand scenario analysis.
High Demand,65,1458.2,1400,500,250,Synthetic Academic Simulation,Demand values are simulated for inventory/demand scenario analysis.
High Demand,66,1641.62,1400,500,250,Synthetic Academic Simulation,Demand values are simulated for inventory/demand scenario analysis.
High Demand,67,1722.36,1400,500,250,Synthetic Academic Simulation,Demand values are simulated for inventory/demand scenario analysis.
High Demand,68,1512.17,1400,500,250,Synthetic Academic Simulation,Demand values are simulated for inventory/demand scenario analysis.
High Demand,69,1748.59,1400,500,250,Synthetic Academic Simulation,Demand values are simulated for inventory/demand scenario analysis.
High Demand,70,1277.3,1400,500,250,Synthetic Academic Simulation,Demand values are simulated for inventory/demand scenario analysis.
High Demand,71,1412.36,1400,500,250,Synthetic Academic Simulation,Demand values are simulated for inventory/demand scenario analysis.
High Demand,72,1228.41,1400,500,250,Synthetic Academic Simulation,Demand values are simulated for inventory/demand scenario analysis.
High Demand,73,1438.47,1400,500,250,Synthetic Academic Simulation,Demand values are simulated for inventory/demand scenario analysis.
High Demand,74,1871.45,1400,500,250,Synthetic Academic Simulation,Demand values are simulated for inventory/demand scenario analysis.
High Demand,75,1970.4,1400,500,250,Synthetic Academic Simulation,Demand values are simulated for inventory/demand scenario analysis.
High Demand,76,1642.23,1400,500,250,Synthetic Academic Simulation,Demand values are simulated for inventory/demand scenario analysis.
High Demand,77,1485.08,1400,500,250,Synthetic Academic Simulation,Demand values are simulated for inventory/demand scenario analysis.
High Demand,78,1560.1,1400,500,250,Synthetic Academic Simulation,Demand values are simulated for inventory/demand scenario analysis.
High Demand,79,1685.2,1400,500,250,Synthetic Academic Simulation,Demand values are simulated for inventory/demand scenario analysis.
High Demand,80,1318.66,1400,500,250,Synthetic Academic Simulation,Demand values are simulated for inventory/demand scenario analysis.
High Demand,81,1496.95,1400,500,250,Synthetic Academic Simulation,Demand values are simulated for inventory/demand scenario analysis.
High Demand,82,1858.28,1400,500,250,Synthetic Academic Simulation,Demand values are simulated for inventory/demand scenario analysis.
High Demand,83,1411.77,1400,500,250,Synthetic Academic Simulation,Demand values are simulated for inventory/demand scenario analysis.
High Demand,84,1465.18,1400,500,250,Synthetic Academic Simulation,Demand values are simulated for inventory/demand scenario analysis.
High Demand,85,1602.37,1400,500,250,Synthetic Academic Simulation,Demand values are simulated for inventory/demand scenario analysis.
High Demand,86,1650.97,1400,500,250,Synthetic Academic Simulation,Demand values are simulated for inventory/demand scenario analysis.
High Demand,87,1487.5,1400,500,250,Synthetic Academic Simulation,Demand values are simulated for inventory/demand scenario analysis.
High Demand,88,1613.85,1400,500,250,Synthetic Academic Simulation,Demand values are simulated for inventory/demand scenario analysis.
High Demand,89,1709.43,1400,500,250,Synthetic Academic Simulation,Demand values are simulated for inventory/demand scenario analysis.
High Demand,90,1953.06,1400,500,250,Synthetic Academic Simulation,Demand values are simulated for inventory/demand scenario analysis.
High Demand,91,1577.28,1400,500,250,Synthetic Academic Simulation,Demand values are simulated for inventory/demand scenario analysis.
High Demand,92,1592.57,1400,500,250,Synthetic Academic Simulation,Demand values are simulated for inventory/demand scenario analysis.
High Demand,93,1874.94,1400,500,250,Synthetic Academic Simulation,Demand values are simulated for inventory/demand scenario analysis.
High Demand,94,1501.15,1400,500,250,Synthetic Academic Simulation,Demand values are simulated for inventory/demand scenario analysis.
High Demand,95,1361.62,1400,500,250,Synthetic Academic Simulation,Demand values are simulated for inventory/demand scenario analysis.
High Demand,96,1645.04,1400,500,250,Synthetic Academic Simulation,Demand values are simulated for inventory/demand scenario analysis.
High Demand,97,1793.71,1400,500,250,Synthetic Academic Simulation,Demand values are simulated for inventory/demand scenario analysis.
High Demand,98,1664.99,1400,500,250,Synthetic Academic Simulation,Demand values are simulated for inventory/demand scenario analysis.
High Demand,99,1582.54,1400,500,250,Synthetic Academic Simulation,Demand values are simulated for inventory/demand scenario analysis.
High Demand,100,1339.29,1400,500,250,Synthetic Academic Simulation,Demand values are simulated for inventory/demand scenario analysis.
High Demand,101,1589.49,1400,500,250,Synthetic Academic Simulation,Demand values are simulated for inventory/demand scenario analysis.
High Demand,102,1821.97,1400,500,250,Synthetic Academic Simulation,Demand values are simulated for inventory/demand scenario analysis.
High Demand,103,1377.86,1400,500,250,Synthetic Academic Simulation,Demand values are simulated for inventory/demand scenario analysis.
High Demand,104,1555.95,1400,500,250,Synthetic Academic Simulation,Demand values are simulated for inventory/demand scenario analysis.
High Demand,105,1530.25,1400,500,250,Synthetic Academic Simulation,Demand values are simulated for inventory/demand scenario analysis.
High Demand,106,1474.41,1400,500,250,Synthetic Academic Simulation,Demand values are simulated for inventory/demand scenario analysis.
High Demand,107,1644.63,1400,500,250,Synthetic Academic Simulation,Demand values are simulated for inventory/demand scenario analysis.
High Demand,108,1679.79,1400,500,250,Synthetic Academic Simulation,Demand values are simulated for inventory/demand scenario analysis.
High Demand,109,1677.91,1400,500,250,Synthetic Academic Simulation,Demand values are simulated for inventory/demand scenario analysis.
High Demand,110,1424.17,1400,500,250,Synthetic Academic Simulation,Demand values are simulated for inventory/demand scenario analysis.
High Demand,111,1303.72,1400,500,250,Synthetic Academic Simulation,Demand values are simulated for inventory/demand scenario analysis.
High Demand,112,1647.23,1400,500,250,Synthetic Academic Simulation,Demand values are simulated for inventory/demand scenario analysis.
High Demand,113,1508.93,1400,500,250,Synthetic Academic Simulation,Demand values are simulated for inventory/demand scenario analysis.
High Demand,114,1930.9,1400,500,250,Synthetic Academic Simulation,Demand values are simulated for inventory/demand scenario analysis.
High Demand,115,1939.21,1400,500,250,Synthetic Academic Simulation,Demand values are simulated for inventory/demand scenario analysis.
High Demand,116,1958.32,1400,500,250,Synthetic Academic Simulation,Demand values are simulated for inventory/demand scenario analysis.
High Demand,117,1430.78,1400,500,250,Synthetic Academic Simulation,Demand values are simulated for inventory/demand scenario analysis.
High Demand,118,1702.49,1400,500,250,Synthetic Academic Simulation,Demand values are simulated for inventory/demand scenario analysis.
High Demand,119,1756.77,1400,500,250,Synthetic Academic Simulation,Demand values are simulated for inventory/demand scenario analysis.
High Demand,120,1736.5,1400,500,250,Synthetic Academic Simulation,Demand values are simulated for inventory/demand scenario analysis.
High Demand,121,1536.21,1400,500,250,Synthetic Academic Simulation,Demand values are simulated for inventory/demand scenario analysis.
High Demand,122,1830.25,1400,500,250,Synthetic Academic Simulation,Demand values are simulated for inventory/demand scenario analysis.
High Demand,123,1600.09,1400,500,250,Synthetic Academic Simulation,Demand values are simulated for inventory/demand scenario analysis.
High Demand,124,1623.06,1400,500,250,Synthetic Academic Simulation,Demand values are simulated for inventory/demand scenario analysis.
High Demand,125,1323.19,1400,500,250,Synthetic Academic Simulation,Demand values are simulated for inventory/demand scenario analysis.
High Demand,126,1716.06,1400,500,250,Synthetic Academic Simulation,Demand values are simulated for inventory/demand scenario analysis.
High Demand,127,1553.13,1400,500,250,Synthetic Academic Simulation,Demand values are simulated for inventory/demand scenario analysis.
High Demand,128,1683.66,1400,500,250,Synthetic Academic Simulation,Demand values are simulated for inventory/demand scenario analysis.
High Demand,129,1642.32,1400,500,250,Synthetic Academic Simulation,Demand values are simulated for inventory/demand scenario analysis.
High Demand,130,1632.57,1400,500,250,Synthetic Academic Simulation,Demand values are simulated for inventory/demand scenario analysis.
High Demand,131,1591.77,1400,500,250,Synthetic Academic Simulation,Demand values are simulated for inventory/demand scenario analysis.
High Demand,132,1741.59,1400,500,250,Synthetic Academic Simulation,Demand values are simulated for inventory/demand scenario analysis.
High Demand,133,1564.2,1400,500,250,Synthetic Academic Simulation,Demand values are simulated for inventory/demand scenario analysis.
High Demand,134,1338.06,1400,500,250,Synthetic Academic Simulation,Demand values are simulated for inventory/demand scenario analysis.
High Demand,135,1702.41,1400,500,250,Synthetic Academic Simulation,Demand values are simulated for inventory/demand scenario analysis.
High Demand,136,1454.38,1400,500,250,Synthetic Academic Simulation,Demand values are simulated for inventory/demand scenario analysis.
High Demand,137,1361.63,1400,500,250,Synthetic Academic Simulation,Demand values are simulated for inventory/demand scenario analysis.
High Demand,138,1416.0,1400,500,250,Synthetic Academic Simulation,Demand values are simulated for inventory/demand scenario analysis.
High Demand,139,1651.0,1400,500,250,Synthetic Academic Simulation,Demand values are simulated for inventory/demand scenario analysis.
High Demand,140,1582.63,1400,500,250,Synthetic Academic Simulation,Demand values are simulated for inventory/demand scenario analysis.
High Demand,141,1216.12,1400,500,250,Synthetic Academic Simulation,Demand values are simulated for inventory/demand scenario analysis.
High Demand,142,1530.94,1400,500,250,Synthetic Academic Simulation,Demand values are simulated for inventory/demand scenario analysis.
High Demand,143,1810.46,1400,500,250,Synthetic Academic Simulation,Demand values are simulated for inventory/demand scenario analysis.
High Demand,144,1518.77,1400,500,250,Synthetic Academic Simulation,Demand values are simulated for inventory/demand scenario analysis.
High Demand,145,1570.21,1400,500,250,Synthetic Academic Simulation,Demand values are simulated for inventory/demand scenario analysis.
High Demand,146,1787.74,1400,500,250,Synthetic Academic Simulation,Demand values are simulated for inventory/demand scenario analysis.
High Demand,147,1743.19,1400,500,250,Synthetic Academic Simulation,Demand values are simulated for inventory/demand scenario analysis.
High Demand,148,1783.92,1400,500,250,Synthetic Academic Simulation,Demand values are simulated for inventory/demand scenario analysis.
High Demand,149,1100.94,1400,500,250,Synthetic Academic Simulation,Demand values are simulated for inventory/demand scenario analysis.
High Demand,150,1912.03,1400,500,250,Synthetic Academic Simulation,Demand values are simulated for inventory/demand scenario analysis.
High Demand,151,1714.55,1400,500,250,Synthetic Academic Simulation,Demand values are simulated for inventory/demand scenario analysis.
High Demand,152,2043.07,1400,500,250,Synthetic Academic Simulation,Demand values are simulated for inventory/demand scenario analysis.
High Demand,153,1459.18,1400,500,250,Synthetic Academic Simulation,Demand values are simulated for inventory/demand scenario analysis.
High Demand,154,1282.58,1400,500,250,Synthetic Academic Simulation,Demand values are simulated for inventory/demand scenario analysis.
High Demand,155,1601.3,1400,500,250,Synthetic Academic Simulation,Demand values are simulated for inventory/demand scenario analysis.
High Demand,156,1550.43,1400,500,250,Synthetic Academic Simulation,Demand values are simulated for inventory/demand scenario analysis.
High Demand,157,1717.66,1400,500,250,Synthetic Academic Simulation,Demand values are simulated for inventory/demand scenario analysis.
High Demand,158,1793.49,1400,500,250,Synthetic Academic Simulation,Demand values are simulated for inventory/demand scenario analysis.
High Demand,159,1584.29,1400,500,250,Synthetic Academic Simulation,Demand values are simulated for inventory/demand scenario analysis.
High Demand,160,1556.67,1400,500,250,Synthetic Academic Simulation,Demand values are simulated for inventory/demand scenario analysis.
High Demand,161,1694.09,1400,500,250,Synthetic Academic Simulation,Demand values are simulated for inventory/demand scenario analysis.
High Demand,162,1553.86,1400,500,250,Synthetic Academic Simulation,Demand values are simulated for inventory/demand scenario analysis.
High Demand,163,1538.8,1400,500,250,Synthetic Academic Simulation,Demand values are simulated for inventory/demand scenario analysis.
High Demand,164,1786.68,1400,500,250,Synthetic Academic Simulation,Demand values are simulated for inventory/demand scenario analysis.
High Demand,165,1826.76,1400,500,250,Synthetic Academic Simulation,Demand values are simulated for inventory/demand scenario analysis.
High Demand,166,1795.11,1400,500,250,Synthetic Academic Simulation,Demand values are simulated for inventory/demand scenario analysis.
High Demand,167,1569.72,1400,500,250,Synthetic Academic Simulation,Demand values are simulated for inventory/demand scenario analysis.
High Demand,168,1214.84,1400,500,250,Synthetic Academic Simulation,Demand values are simulated for inventory/demand scenario analysis.
High Demand,169,1573.32,1400,500,250,Synthetic Academic Simulation,Demand values are simulated for inventory/demand scenario analysis.
High Demand,170,1463.56,1400,500,250,Synthetic Academic Simulation,Demand values are simulated for inventory/demand scenario analysis.
High Demand,171,1576.65,1400,500,250,Synthetic Academic Simulation,Demand values are simulated for inventory/demand scenario analysis.
High Demand,172,1479.2,1400,500,250,Synthetic Academic Simulation,Demand values are simulated for inventory/demand scenario analysis.
High Demand,173,1596.27,1400,500,250,Synthetic Academic Simulation,Demand values are simulated for inventory/demand scenario analysis.
High Demand,174,1412.93,1400,500,250,Synthetic Academic Simulation,Demand values are simulated for inventory/demand scenario analysis.
High Demand,175,1369.47,1400,500,250,Synthetic Academic Simulation,Demand values are simulated for inventory/demand scenario analysis.
High Demand,176,1820.08,1400,500,250,Synthetic Academic Simulation,Demand values are simulated for inventory/demand scenario analysis.
High Demand,177,1425.46,1400,500,250,Synthetic Academic Simulation,Demand values are simulated for inventory/demand scenario analysis.
High Demand,178,1600.06,1400,500,250,Synthetic Academic Simulation,Demand values are simulated for inventory/demand scenario analysis.
High Demand,179,1771.81,1400,500,250,Synthetic Academic Simulation,Demand values are simulated for inventory/demand scenario analysis.
High Demand,180,1764.57,1400,500,250,Synthetic Academic Simulation,Demand values are simulated for inventory/demand scenario analysis.
High Demand,181,1743.07,1400,500,250,Synthetic Academic Simulation,Demand values are simulated for inventory/demand scenario analysis.
High Demand,182,1654.52,1400,500,250,Synthetic Academic Simulation,Demand values are simulated for inventory/demand scenario analysis.
High Demand,183,1730.32,1400,500,250,Synthetic Academic Simulation,Demand values are simulated for inventory/demand scenario analysis.
High Demand,184,1847.16,1400,500,250,Synthetic Academic Simulation,Demand values are simulated for inventory/demand scenario analysis.
High Demand,185,1676.5,1400,500,250,Synthetic Academic Simulation,Demand values are simulated for inventory/demand scenario analysis.
High Demand,186,1269.3,1400,500,250,Synthetic Academic Simulation,Demand values are simulated for inventory/demand scenario analysis.
High Demand,187,1504.86,1400,500,250,Synthetic Academic Simulation,Demand values are simulated for inventory/demand scenario analysis.
High Demand,188,1725.35,1400,500,250,Synthetic Academic Simulation,Demand values are simulated for inventory/demand scenario analysis.
High Demand,189,1487.12,1400,500,250,Synthetic Academic Simulation,Demand values are simulated for inventory/demand scenario analysis.
High Demand,190,1891.62,1400,500,250,Synthetic Academic Simulation,Demand values are simulated for inventory/demand scenario analysis.
High Demand,191,1588.63,1400,500,250,Synthetic Academic Simulation,Demand values are simulated for inventory/demand scenario analysis.
High Demand,192,1615.34,1400,500,250,Synthetic Academic Simulation,Demand values are simulated for inventory/demand scenario analysis.
High Demand,193,1802.45,1400,500,250,Synthetic Academic Simulation,Demand values are simulated for inventory/demand scenario analysis.
High Demand,194,1567.09,1400,500,250,Synthetic Academic Simulation,Demand values are simulated for inventory/demand scenario analysis.
High Demand,195,1631.73,1400,500,250,Synthetic Academic Simulation,Demand values are simulated for inventory/demand scenario analysis.
High Demand,196,1761.84,1400,500,250,Synthetic Academic Simulation,Demand values are simulated for inventory/demand scenario analysis.
High Demand,197,1334.99,1400,500,250,Synthetic Academic Simulation,Demand values are simulated for inventory/demand scenario analysis.
High Demand,198,1548.65,1400,500,250,Synthetic Academic Simulation,Demand values are simulated for inventory/demand scenario analysis.
High Demand,199,1749.25,1400,500,250,Synthetic Academic Simulation,Demand values are simulated for inventory/demand scenario analysis.
High Demand,200,1611.81,1400,500,250,Synthetic Academic Simulation,Demand values are simulated for inventory/demand scenario analysis.
High Demand,201,1864.12,1400,500,250,Synthetic Academic Simulation,Demand values are simulated for inventory/demand scenario analysis.
High Demand,202,1316.33,1400,500,250,Synthetic Academic Simulation,Demand values are simulated for inventory/demand scenario analysis.
High Demand,203,1295.8,1400,500,250,Synthetic Academic Simulation,Demand values are simulated for inventory/demand scenario analysis.
High Demand,204,1738.54,1400,500,250,Synthetic Academic Simulation,Demand values are simulated for inventory/demand scenario analysis.
High Demand,205,1755.85,1400,500,250,Synthetic Academic Simulation,Demand values are simulated for inventory/demand scenario analysis.
High Demand,206,1565.21,1400,500,250,Synthetic Academic Simulation,Demand values are simulated for inventory/demand scenario analysis.
High Demand,207,1672.07,1400,500,250,Synthetic Academic Simulation,Demand values are simulated for inventory/demand scenario analysis.
High Demand,208,1734.14,1400,500,250,Synthetic Academic Simulation,Demand values are simulated for inventory/demand scenario analysis.
High Demand,209,1453.5,1400,500,250,Synthetic Academic Simulation,Demand values are simulated for inventory/demand scenario analysis.
High Demand,210,1472.77,1400,500,250,Synthetic Academic Simulation,Demand values are simulated for inventory/demand scenario analysis.
High Demand,211,1634.15,1400,500,250,Synthetic Academic Simulation,Demand values are simulated for inventory/demand scenario analysis.
High Demand,212,1762.74,1400,500,250,Synthetic Academic Simulation,Demand values are simulated for inventory/demand scenario analysis.
High Demand,213,1390.13,1400,500,250,Synthetic Academic Simulation,Demand values are simulated for inventory/demand scenario analysis.
High Demand,214,1564.37,1400,500,250,Synthetic Academic Simulation,Demand values are simulated for inventory/demand scenario analysis.
High Demand,215,1556.04,1400,500,250,Synthetic Academic Simulation,Demand values are simulated for inventory/demand scenario analysis.
High Demand,216,1675.23,1400,500,250,Synthetic Academic Simulation,Demand values are simulated for inventory/demand scenario analysis.
High Demand,217,1598.43,1400,500,250,Synthetic Academic Simulation,Demand values are simulated for inventory/demand scenario analysis.
High Demand,218,1501.74,1400,500,250,Synthetic Academic Simulation,Demand values are simulated for inventory/demand scenario analysis.
High Demand,219,1824.74,1400,500,250,Synthetic Academic Simulation,Demand values are simulated for inventory/demand scenario analysis.
High Demand,220,1502.93,1400,500,250,Synthetic Academic Simulation,Demand values are simulated for inventory/demand scenario analysis.
High Demand,221,1547.42,1400,500,250,Synthetic Academic Simulation,Demand values are simulated for inventory/demand scenario analysis.
High Demand,222,1313.53,1400,500,250,Synthetic Academic Simulation,Demand values are simulated for inventory/demand scenario analysis.
High Demand,223,1471.55,1400,500,250,Synthetic Academic Simulation,Demand values are simulated for inventory/demand scenario analysis.
High Demand,224,1692.89,1400,500,250,Synthetic Academic Simulation,Demand values are simulated for inventory/demand scenario analysis.
High Demand,225,1657.71,1400,500,250,Synthetic Academic Simulation,Demand values are simulated for inventory/demand scenario analysis.
High Demand,226,1707.91,1400,500,250,Synthetic Academic Simulation,Demand values are simulated for inventory/demand scenario analysis.
High Demand,227,1699.18,1400,500,250,Synthetic Academic Simulation,Demand values are simulated for inventory/demand scenario analysis.
High Demand,228,1975.79,1400,500,250,Synthetic Academic Simulation,Demand values are simulated for inventory/demand scenario analysis.
High Demand,229,1465.39,1400,500,250,Synthetic Academic Simulation,Demand values are simulated for inventory/demand scenario analysis.
High Demand,230,1308.5,1400,500,250,Synthetic Academic Simulation,Demand values are simulated for inventory/demand scenario analysis.
High Demand,231,1410.9,1400,500,250,Synthetic Academic Simulation,Demand values are simulated for inventory/demand scenario analysis.
High Demand,232,1473.34,1400,500,250,Synthetic Academic Simulation,Demand values are simulated for inventory/demand scenario analysis.
High Demand,233,1424.62,1400,500,250,Synthetic Academic Simulation,Demand values are simulated for inventory/demand scenario analysis.
High Demand,234,1616.86,1400,500,250,Synthetic Academic Simulation,Demand values are simulated for inventory/demand scenario analysis.
High Demand,235,1825.48,1400,500,250,Synthetic Academic Simulation,Demand values are simulated for inventory/demand scenario analysis.
High Demand,236,1877.14,1400,500,250,Synthetic Academic Simulation,Demand values are simulated for inventory/demand scenario analysis.
High Demand,237,1690.78,1400,500,250,Synthetic Academic Simulation,Demand values are simulated for inventory/demand scenario analysis.
High Demand,238,1985.43,1400,500,250,Synthetic Academic Simulation,Demand values are simulated for inventory/demand scenario analysis.
High Demand,239,1535.85,1400,500,250,Synthetic Academic Simulation,Demand values are simulated for inventory/demand scenario analysis.
High Demand,240,1306.15,1400,500,250,Synthetic Academic Simulation,Demand values are simulated for inventory/demand scenario analysis.
High Demand,241,1789.57,1400,500,250,Synthetic Academic Simulation,Demand values are simulated for inventory/demand scenario analysis.
High Demand,242,1269.05,1400,500,250,Synthetic Academic Simulation,Demand values are simulated for inventory/demand scenario analysis.
High Demand,243,1464.1,1400,500,250,Synthetic Academic Simulation,Demand values are simulated for inventory/demand scenario analysis.
High Demand,244,1693.62,1400,500,250,Synthetic Academic Simulation,Demand values are simulated for inventory/demand scenario analysis.
High Demand,245,1581.57,1400,500,250,Synthetic Academic Simulation,Demand values are simulated for inventory/demand scenario analysis.
High Demand,246,1565.63,1400,500,250,Synthetic Academic Simulation,Demand values are simulated for inventory/demand scenario analysis.
High Demand,247,1387.46,1400,500,250,Synthetic Academic Simulation,Demand values are simulated for inventory/demand scenario analysis.
High Demand,248,1598.06,1400,500,250,Synthetic Academic Simulation,Demand values are simulated for inventory/demand scenario analysis.
High Demand,249,1780.66,1400,500,250,Synthetic Academic Simulation,Demand values are simulated for inventory/demand scenario analysis.
High Demand,250,1603.59,1400,500,250,Synthetic Academic Simulation,Demand values are simulated for inventory/demand scenario analysis.
High Demand,251,1450.56,1400,500,250,Synthetic Academic Simulation,Demand values are simulated for inventory/demand scenario analysis.
High Demand,252,1375.44,1400,500,250,Synthetic Academic Simulation,Demand values are simulated for inventory/demand scenario analysis.
High Demand,253,1454.27,1400,500,250,Synthetic Academic Simulation,Demand values are simulated for inventory/demand scenario analysis.
High Demand,254,1670.62,1400,500,250,Synthetic Academic Simulation,Demand values are simulated for inventory/demand scenario analysis.
High Demand,255,1661.85,1400,500,250,Synthetic Academic Simulation,Demand values are simulated for inventory/demand scenario analysis.
High Demand,256,1455.91,1400,500,250,Synthetic Academic Simulation,Demand values are simulated for inventory/demand scenario analysis.
High Demand,257,1202.06,1400,500,250,Synthetic Academic Simulation,Demand values are simulated for inventory/demand scenario analysis.
High Demand,258,1675.6,1400,500,250,Synthetic Academic Simulation,Demand values are simulated for inventory/demand scenario analysis.
High Demand,259,1438.41,1400,500,250,Synthetic Academic Simulation,Demand values are simulated for inventory/demand scenario analysis.
High Demand,260,1724.03,1400,500,250,Synthetic Academic Simulation,Demand values are simulated for inventory/demand scenario analysis.
High Demand,261,1463.9,1400,500,250,Synthetic Academic Simulation,Demand values are simulated for inventory/demand scenario analysis.
High Demand,262,1422.18,1400,500,250,Synthetic Academic Simulation,Demand values are simulated for inventory/demand scenario analysis.
High Demand,263,1627.57,1400,500,250,Synthetic Academic Simulation,Demand values are simulated for inventory/demand scenario analysis.
High Demand,264,2024.39,1400,500,250,Synthetic Academic Simulation,Demand values are simulated for inventory/demand scenario analysis.
High Demand,265,1734.83,1400,500,250,Synthetic Academic Simulation,Demand values are simulated for inventory/demand scenario analysis.
High Demand,266,1624.52,1400,500,250,Synthetic Academic Simulation,Demand values are simulated for inventory/demand scenario analysis.
High Demand,267,1664.59,1400,500,250,Synthetic Academic Simulation,Demand values are simulated for inventory/demand scenario analysis.
High Demand,268,1284.8,1400,500,250,Synthetic Academic Simulation,Demand values are simulated for inventory/demand scenario analysis.
High Demand,269,1397.98,1400,500,250,Synthetic Academic Simulation,Demand values are simulated for inventory/demand scenario analysis.
High Demand,270,1148.03,1400,500,250,Synthetic Academic Simulation,Demand values are simulated for inventory/demand scenario analysis.
High Demand,271,1911.38,1400,500,250,Synthetic Academic Simulation,Demand values are simulated for inventory/demand scenario analysis.
High Demand,272,1874.93,1400,500,250,Synthetic Academic Simulation,Demand values are simulated for inventory/demand scenario analysis.
High Demand,273,1670.71,1400,500,250,Synthetic Academic Simulation,Demand values are simulated for inventory/demand scenario analysis.
High Demand,274,1624.32,1400,500,250,Synthetic Academic Simulation,Demand values are simulated for inventory/demand scenario analysis.
High Demand,275,1320.71,1400,500,250,Synthetic Academic Simulation,Demand values are simulated for inventory/demand scenario analysis.
High Demand,276,1560.53,1400,500,250,Synthetic Academic Simulation,Demand values are simulated for inventory/demand scenario analysis.
High Demand,277,1922.63,1400,500,250,Synthetic Academic Simulation,Demand values are simulated for inventory/demand scenario analysis.
High Demand,278,1623.65,1400,500,250,Synthetic Academic Simulation,Demand values are simulated for inventory/demand scenario analysis.
High Demand,279,1498.36,1400,500,250,Synthetic Academic Simulation,Demand values are simulated for inventory/demand scenario analysis.
High Demand,280,1283.55,1400,500,250,Synthetic Academic Simulation,Demand values are simulated for inventory/demand scenario analysis.
High Demand,281,1848.46,1400,500,250,Synthetic Academic Simulation,Demand values are simulated for inventory/demand scenario analysis.
High Demand,282,1587.38,1400,500,250,Synthetic Academic Simulation,Demand values are simulated for inventory/demand scenario analysis.
High Demand,283,1283.79,1400,500,250,Synthetic Academic Simulation,Demand values are simulated for inventory/demand scenario analysis.
High Demand,284,1433.63,1400,500,250,Synthetic Academic Simulation,Demand values are simulated for inventory/demand scenario analysis.
High Demand,285,1370.04,1400,500,250,Synthetic Academic Simulation,Demand values are simulated for inventory/demand scenario analysis.
High Demand,286,1576.29,1400,500,250,Synthetic Academic Simulation,Demand values are simulated for inventory/demand scenario analysis.
High Demand,287,1637.32,1400,500,250,Synthetic Academic Simulation,Demand values are simulated for inventory/demand scenario analysis.
High Demand,288,1509.42,1400,500,250,Synthetic Academic Simulation,Demand values are simulated for inventory/demand scenario analysis.
High Demand,289,1739.87,1400,500,250,Synthetic Academic Simulation,Demand values are simulated for inventory/demand scenario analysis.
High Demand,290,1614.18,1400,500,250,Synthetic Academic Simulation,Demand values are simulated for inventory/demand scenario analysis.
High Demand,291,1791.22,1400,500,250,Synthetic Academic Simulation,Demand values are simulated for inventory/demand scenario analysis.
High Demand,292,1535.71,1400,500,250,Synthetic Academic Simulation,Demand values are simulated for inventory/demand scenario analysis.
High Demand,293,2148.16,1400,500,250,Synthetic Academic Simulation,Demand values are simulated for inventory/demand scenario analysis.
High Demand,294,1498.39,1400,500,250,Synthetic Academic Simulation,Demand values are simulated for inventory/demand scenario analysis.
High Demand,295,1437.4,1400,500,250,Synthetic Academic Simulation,Demand values are simulated for inventory/demand scenario analysis.
High Demand,296,1415.27,1400,500,250,Synthetic Academic Simulation,Demand values are simulated for inventory/demand scenario analysis.
High Demand,297,1562.03,1400,500,250,Synthetic Academic Simulation,Demand values are simulated for inventory/demand scenario analysis.
High Demand,298,1290.48,1400,500,250,Synthetic Academic Simulation,Demand values are simulated for inventory/demand scenario analysis.
High Demand,299,1653.02,1400,500,250,Synthetic Academic Simulation,Demand values are simulated for inventory/demand scenario analysis.
High Demand,300,1257.05,1400,500,250,Synthetic Academic Simulation,Demand values are simulated for inventory/demand scenario analysis.
High Demand,301,1629.1,1400,500,250,Synthetic Academic Simulation,Demand values are simulated for inventory/demand scenario analysis.
High Demand,302,1356.77,1400,500,250,Synthetic Academic Simulation,Demand values are simulated for inventory/demand scenario analysis.
High Demand,303,1531.37,1400,500,250,Synthetic Academic Simulation,Demand values are simulated for inventory/demand scenario analysis.
High Demand,304,1708.82,1400,500,250,Synthetic Academic Simulation,Demand values are simulated for inventory/demand scenario analysis.
High Demand,305,2014.73,1400,500,250,Synthetic Academic Simulation,Demand values are simulated for inventory/demand scenario analysis.
High Demand,306,1405.96,1400,500,250,Synthetic Academic Simulation,Demand values are simulated for inventory/demand scenario analysis.
High Demand,307,1572.94,1400,500,250,Synthetic Academic Simulation,Demand values are simulated for inventory/demand scenario analysis.
High Demand,308,1469.72,1400,500,250,Synthetic Academic Simulation,Demand values are simulated for inventory/demand scenario analysis.
High Demand,309,1443.42,1400,500,250,Synthetic Academic Simulation,Demand values are simulated for inventory/demand scenario analysis.
High Demand,310,1471.3,1400,500,250,Synthetic Academic Simulation,Demand values are simulated for inventory/demand scenario analysis.
High Demand,311,1748.33,1400,500,250,Synthetic Academic Simulation,Demand values are simulated for inventory/demand scenario analysis.
High Demand,312,1512.15,1400,500,250,Synthetic Academic Simulation,Demand values are simulated for inventory/demand scenario analysis.
High Demand,313,2004.88,1400,500,250,Synthetic Academic Simulation,Demand values are simulated for inventory/demand scenario analysis.
High Demand,314,1674.88,1400,500,250,Synthetic Academic Simulation,Demand values are simulated for inventory/demand scenario analysis.
High Demand,315,1418.2,1400,500,250,Synthetic Academic Simulation,Demand values are simulated for inventory/demand scenario analysis.
High Demand,316,1533.99,1400,500,250,Synthetic Academic Simulation,Demand values are simulated for inventory/demand scenario analysis.
High Demand,317,1455.67,1400,500,250,Synthetic Academic Simulation,Demand values are simulated for inventory/demand scenario analysis.
High Demand,318,1744.01,1400,500,250,Synthetic Academic Simulation,Demand values are simulated for inventory/demand scenario analysis.
High Demand,319,1305.02,1400,500,250,Synthetic Academic Simulation,Demand values are simulated for inventory/demand scenario analysis.
High Demand,320,1358.63,1400,500,250,Synthetic Academic Simulation,Demand values are simulated for inventory/demand scenario analysis.
High Demand,321,1493.52,1400,500,250,Synthetic Academic Simulation,Demand values are simulated for inventory/demand scenario analysis.
High Demand,322,1722.93,1400,500,250,Synthetic Academic Simulation,Demand values are simulated for inventory/demand scenario analysis.
High Demand,323,1821.95,1400,500,250,Synthetic Academic Simulation,Demand values are simulated for inventory/demand scenario analysis.
High Demand,324,1848.5,1400,500,250,Synthetic Academic Simulation,Demand values are simulated for inventory/demand scenario analysis.
High Demand,325,1695.36,1400,500,250,Synthetic Academic Simulation,Demand values are simulated for inventory/demand scenario analysis.
High Demand,326,1585.08,1400,500,250,Synthetic Academic Simulation,Demand values are simulated for inventory/demand scenario analysis.
High Demand,327,1743.03,1400,500,250,Synthetic Academic Simulation,Demand values are simulated for inventory/demand scenario analysis.
High Demand,328,1393.99,1400,500,250,Synthetic Academic Simulation,Demand values are simulated for inventory/demand scenario analysis.
High Demand,329,1267.96,1400,500,250,Synthetic Academic Simulation,Demand values are simulated for inventory/demand scenario analysis.
High Demand,330,1678.59,1400,500,250,Synthetic Academic Simulation,Demand values are simulated for inventory/demand scenario analysis.
High Demand,331,1418.98,1400,500,250,Synthetic Academic Simulation,Demand values are simulated for inventory/demand scenario analysis.
High Demand,332,1588.24,1400,500,250,Synthetic Academic Simulation,Demand values are simulated for inventory/demand scenario analysis.
High Demand,333,1621.53,1400,500,250,Synthetic Academic Simulation,Demand values are simulated for inventory/demand scenario analysis.
High Demand,334,1644.66,1400,500,250,Synthetic Academic Simulation,Demand values are simulated for inventory/demand scenario analysis.
High Demand,335,1768.8,1400,500,250,Synthetic Academic Simulation,Demand values are simulated for inventory/demand scenario analysis.
High Demand,336,1749.77,1400,500,250,Synthetic Academic Simulation,Demand values are simulated for inventory/demand scenario analysis.
High Demand,337,1635.1,1400,500,250,Synthetic Academic Simulation,Demand values are simulated for inventory/demand scenario analysis.
High Demand,338,1520.44,1400,500,250,Synthetic Academic Simulation,Demand values are simulated for inventory/demand scenario analysis.
High Demand,339,1619.4,1400,500,250,Synthetic Academic Simulation,Demand values are simulated for inventory/demand scenario analysis.
High Demand,340,1492.68,1400,500,250,Synthetic Academic Simulation,Demand values are simulated for inventory/demand scenario analysis.
High Demand,341,1564.64,1400,500,250,Synthetic Academic Simulation,Demand values are simulated for inventory/demand scenario analysis.
High Demand,342,2071.27,1400,500,250,Synthetic Academic Simulation,Demand values are simulated for inventory/demand scenario analysis.
High Demand,343,1632.79,1400,500,250,Synthetic Academic Simulation,Demand values are simulated for inventory/demand scenario analysis.
High Demand,344,1681.04,1400,500,250,Synthetic Academic Simulation,Demand values are simulated for inventory/demand scenario analysis.
High Demand,345,1473.01,1400,500,250,Synthetic Academic Simulation,Demand values are simulated for inventory/demand scenario analysis.
High Demand,346,1783.61,1400,500,250,Synthetic Academic Simulation,Demand values are simulated for inventory/demand scenario analysis.
High Demand,347,1736.85,1400,500,250,Synthetic Academic Simulation,Demand values are simulated for inventory/demand scenario analysis.
High Demand,348,1738.12,1400,500,250,Synthetic Academic Simulation,Demand values are simulated for inventory/demand scenario analysis.
High Demand,349,1638.68,1400,500,250,Synthetic Academic Simulation,Demand values are simulated for inventory/demand scenario analysis.
High Demand,350,1786.15,1400,500,250,Synthetic Academic Simulation,Demand values are simulated for inventory/demand scenario analysis.
High Demand,351,1828.9,1400,500,250,Synthetic Academic Simulation,Demand values are simulated for inventory/demand scenario analysis.
High Demand,352,1650.96,1400,500,250,Synthetic Academic Simulation,Demand values are simulated for inventory/demand scenario analysis.
High Demand,353,1579.37,1400,500,250,Synthetic Academic Simulation,Demand values are simulated for inventory/demand scenario analysis.
High Demand,354,1761.02,1400,500,250,Synthetic Academic Simulation,Demand values are simulated for inventory/demand scenario analysis.
High Demand,355,1437.26,1400,500,250,Synthetic Academic Simulation,Demand values are simulated for inventory/demand scenario analysis.
High Demand,356,1470.77,1400,500,250,Synthetic Academic Simulation,Demand values are simulated for inventory/demand scenario analysis.
High Demand,357,1590.41,1400,500,250,Synthetic Academic Simulation,Demand values are simulated for inventory/demand scenario analysis.
High Demand,358,1286.56,1400,500,250,Synthetic Academic Simulation,Demand values are simulated for inventory/demand scenario analysis.
High Demand,359,1748.97,1400,500,250,Synthetic Academic Simulation,Demand values are simulated for inventory/demand scenario analysis.
High Demand,360,1426.68,1400,500,250,Synthetic Academic Simulation,Demand values are simulated for inventory/demand scenario analysis.
High Demand,361,1515.13,1400,500,250,Synthetic Academic Simulation,Demand values are simulated for inventory/demand scenario analysis.
High Demand,362,1561.61,1400,500,250,Synthetic Academic Simulation,Demand values are simulated for inventory/demand scenario analysis.
High Demand,363,1607.07,1400,500,250,Synthetic Academic Simulation,Demand values are simulated for inventory/demand scenario analysis.
High Demand,364,1538.14,1400,500,250,Synthetic Academic Simulation,Demand values are simulated for inventory/demand scenario analysis.
High Demand,365,1587.87,1400,500,250,Synthetic Academic Simulation,Demand values are simulated for inventory/demand scenario analysis.
High Demand,366,1589.27,1400,500,250,Synthetic Academic Simulation,Demand values are simulated for inventory/demand scenario analysis.
High Demand,367,1519.53,1400,500,250,Synthetic Academic Simulation,Demand values are simulated for inventory/demand scenario analysis.
High Demand,368,1460.82,1400,500,250,Synthetic Academic Simulation,Demand values are simulated for inventory/demand scenario analysis.
High Demand,369,1794.67,1400,500,250,Synthetic Academic Simulation,Demand values are simulated for inventory/demand scenario analysis.
High Demand,370,1221.21,1400,500,250,Synthetic Academic Simulation,Demand values are simulated for inventory/demand scenario analysis.
High Demand,371,1562.97,1400,500,250,Synthetic Academic Simulation,Demand values are simulated for inventory/demand scenario analysis.
High Demand,372,1515.6,1400,500,250,Synthetic Academic Simulation,Demand values are simulated for inventory/demand scenario analysis.
High Demand,373,1675.38,1400,500,250,Synthetic Academic Simulation,Demand values are simulated for inventory/demand scenario analysis.
High Demand,374,1338.23,1400,500,250,Synthetic Academic Simulation,Demand values are simulated for inventory/demand scenario analysis.
High Demand,375,1510.04,1400,500,250,Synthetic Academic Simulation,Demand values are simulated for inventory/demand scenario analysis.
High Demand,376,1581.58,1400,500,250,Synthetic Academic Simulation,Demand values are simulated for inventory/demand scenario analysis.
High Demand,377,1792.61,1400,500,250,Synthetic Academic Simulation,Demand values are simulated for inventory/demand scenario analysis.
High Demand,378,1659.79,1400,500,250,Synthetic Academic Simulation,Demand values are simulated for inventory/demand scenario analysis.
High Demand,379,1386.97,1400,500,250,Synthetic Academic Simulation,Demand values are simulated for inventory/demand scenario analysis.
High Demand,380,1512.25,1400,500,250,Synthetic Academic Simulation,Demand values are simulated for inventory/demand scenario analysis.
High Demand,381,1759.49,1400,500,250,Synthetic Academic Simulation,Demand values are simulated for inventory/demand scenario analysis.
High Demand,382,1383.86,1400,500,250,Synthetic Academic Simulation,Demand values are simulated for inventory/demand scenario analysis.
High Demand,383,1585.84,1400,500,250,Synthetic Academic Simulation,Demand values are simulated for inventory/demand scenario analysis.
High Demand,384,1598.36,1400,500,250,Synthetic Academic Simulation,Demand values are simulated for inventory/demand scenario analysis.
High Demand,385,1530.56,1400,500,250,Synthetic Academic Simulation,Demand values are simulated for inventory/demand scenario analysis.
High Demand,386,2085.24,1400,500,250,Synthetic Academic Simulation,Demand values are simulated for inventory/demand scenario analysis.
High Demand,387,1525.71,1400,500,250,Synthetic Academic Simulation,Demand values are simulated for inventory/demand scenario analysis.
High Demand,388,1680.96,1400,500,250,Synthetic Academic Simulation,Demand values are simulated for inventory/demand scenario analysis.
High Demand,389,1462.07,1400,500,250,Synthetic Academic Simulation,Demand values are simulated for inventory/demand scenario analysis.
High Demand,390,1694.99,1400,500,250,Synthetic Academic Simulation,Demand values are simulated for inventory/demand scenario analysis.
High Demand,391,1756.74,1400,500,250,Synthetic Academic Simulation,Demand values are simulated for inventory/demand scenario analysis.
High Demand,392,1494.17,1400,500,250,Synthetic Academic Simulation,Demand values are simulated for inventory/demand scenario analysis.
High Demand,393,1590.15,1400,500,250,Synthetic Academic Simulation,Demand values are simulated for inventory/demand scenario analysis.
High Demand,394,1438.85,1400,500,250,Synthetic Academic Simulation,Demand values are simulated for inventory/demand scenario analysis.
High Demand,395,1394.01,1400,500,250,Synthetic Academic Simulation,Demand values are simulated for inventory/demand scenario analysis.
High Demand,396,1786.62,1400,500,250,Synthetic Academic Simulation,Demand values are simulated for inventory/demand scenario analysis.
High Demand,397,1500.28,1400,500,250,Synthetic Academic Simulation,Demand values are simulated for inventory/demand scenario analysis.
High Demand,398,1165.55,1400,500,250,Synthetic Academic Simulation,Demand values are simulated for inventory/demand scenario analysis.
High Demand,399,1917.76,1400,500,250,Synthetic Academic Simulation,Demand values are simulated for inventory/demand scenario analysis.
High Demand,400,1455.62,1400,500,250,Synthetic Academic Simulation,Demand values are simulated for inventory/demand scenario analysis.
High Demand,401,1555.65,1400,500,250,Synthetic Academic Simulation,Demand values are simulated for inventory/demand scenario analysis.
High Demand,402,1895.36,1400,500,250,Synthetic Academic Simulation,Demand values are simulated for inventory/demand scenario analysis.
High Demand,403,1574.49,1400,500,250,Synthetic Academic Simulation,Demand values are simulated for inventory/demand scenario analysis.
High Demand,404,1570.6,1400,500,250,Synthetic Academic Simulation,Demand values are simulated for inventory/demand scenario analysis.
High Demand,405,1378.93,1400,500,250,Synthetic Academic Simulation,Demand values are simulated for inventory/demand scenario analysis.
High Demand,406,1305.73,1400,500,250,Synthetic Academic Simulation,Demand values are simulated for inventory/demand scenario analysis.
High Demand,407,1570.05,1400,500,250,Synthetic Academic Simulation,Demand values are simulated for inventory/demand scenario analysis.
High Demand,408,1665.31,1400,500,250,Synthetic Academic Simulation,Demand values are simulated for inventory/demand scenario analysis.
High Demand,409,1654.99,1400,500,250,Synthetic Academic Simulation,Demand values are simulated for inventory/demand scenario analysis.
High Demand,410,1513.37,1400,500,250,Synthetic Academic Simulation,Demand values are simulated for inventory/demand scenario analysis.
High Demand,411,1603.65,1400,500,250,Synthetic Academic Simulation,Demand values are simulated for inventory/demand scenario analysis.
High Demand,412,1269.3,1400,500,250,Synthetic Academic Simulation,Demand values are simulated for inventory/demand scenario analysis.
High Demand,413,1682.83,1400,500,250,Synthetic Academic Simulation,Demand values are simulated for inventory/demand scenario analysis.
High Demand,414,1629.05,1400,500,250,Synthetic Academic Simulation,Demand values are simulated for inventory/demand scenario analysis.
High Demand,415,1955.26,1400,500,250,Synthetic Academic Simulation,Demand values are simulated for inventory/demand scenario analysis.
High Demand,416,1601.35,1400,500,250,Synthetic Academic Simulation,Demand values are simulated for inventory/demand scenario analysis.
High Demand,417,1430.32,1400,500,250,Synthetic Academic Simulation,Demand values are simulated for inventory/demand scenario analysis.
High Demand,418,1590.87,1400,500,250,Synthetic Academic Simulation,Demand values are simulated for inventory/demand scenario analysis.
High Demand,419,1541.0,1400,500,250,Synthetic Academic Simulation,Demand values are simulated for inventory/demand scenario analysis.
High Demand,420,1678.25,1400,500,250,Synthetic Academic Simulation,Demand values are simulated for inventory/demand scenario analysis.
High Demand,421,1604.84,1400,500,250,Synthetic Academic Simulation,Demand values are simulated for inventory/demand scenario analysis.
High Demand,422,1373.21,1400,500,250,Synthetic Academic Simulation,Demand values are simulated for inventory/demand scenario analysis.
High Demand,423,1305.57,1400,500,250,Synthetic Academic Simulation,Demand values are simulated for inventory/demand scenario analysis.
High Demand,424,1647.32,1400,500,250,Synthetic Academic Simulation,Demand values are simulated for inventory/demand scenario analysis.
High Demand,425,1848.96,1400,500,250,Synthetic Academic Simulation,Demand values are simulated for inventory/demand scenario analysis.
High Demand,426,1614.28,1400,500,250,Synthetic Academic Simulation,Demand values are simulated for inventory/demand scenario analysis.
High Demand,427,1746.39,1400,500,250,Synthetic Academic Simulation,Demand values are simulated for inventory/demand scenario analysis.
High Demand,428,1782.31,1400,500,250,Synthetic Academic Simulation,Demand values are simulated for inventory/demand scenario analysis.
High Demand,429,1648.02,1400,500,250,Synthetic Academic Simulation,Demand values are simulated for inventory/demand scenario analysis.
High Demand,430,1453.39,1400,500,250,Synthetic Academic Simulation,Demand values are simulated for inventory/demand scenario analysis.
High Demand,431,1635.16,1400,500,250,Synthetic Academic Simulation,Demand values are simulated for inventory/demand scenario analysis.
High Demand,432,1817.27,1400,500,250,Synthetic Academic Simulation,Demand values are simulated for inventory/demand scenario analysis.
High Demand,433,1695.38,1400,500,250,Synthetic Academic Simulation,Demand values are simulated for inventory/demand scenario analysis.
High Demand,434,1734.68,1400,500,250,Synthetic Academic Simulation,Demand values are simulated for inventory/demand scenario analysis.
High Demand,435,1516.74,1400,500,250,Synthetic Academic Simulation,Demand values are simulated for inventory/demand scenario analysis.
High Demand,436,1563.58,1400,500,250,Synthetic Academic Simulation,Demand values are simulated for inventory/demand scenario analysis.
High Demand,437,1578.63,1400,500,250,Synthetic Academic Simulation,Demand values are simulated for inventory/demand scenario analysis.
High Demand,438,1590.76,1400,500,250,Synthetic Academic Simulation,Demand values are simulated for inventory/demand scenario analysis.
High Demand,439,1810.23,1400,500,250,Synthetic Academic Simulation,Demand values are simulated for inventory/demand scenario analysis.
High Demand,440,1177.51,1400,500,250,Synthetic Academic Simulation,Demand values are simulated for inventory/demand scenario analysis.
High Demand,441,1605.5,1400,500,250,Synthetic Academic Simulation,Demand values are simulated for inventory/demand scenario analysis.
High Demand,442,1585.69,1400,500,250,Synthetic Academic Simulation,Demand values are simulated for inventory/demand scenario analysis.
High Demand,443,1353.13,1400,500,250,Synthetic Academic Simulation,Demand values are simulated for inventory/demand scenario analysis.
High Demand,444,1720.92,1400,500,250,Synthetic Academic Simulation,Demand values are simulated for inventory/demand scenario analysis.
High Demand,445,1469.59,1400,500,250,Synthetic Academic Simulation,Demand values are simulated for inventory/demand scenario analysis.
High Demand,446,1535.73,1400,500,250,Synthetic Academic Simulation,Demand values are simulated for inventory/demand scenario analysis.
High Demand,447,1932.78,1400,500,250,Synthetic Academic Simulation,Demand values are simulated for inventory/demand scenario analysis.
High Demand,448,1781.8,1400,500,250,Synthetic Academic Simulation,Demand values are simulated for inventory/demand scenario analysis.
High Demand,449,1703.41,1400,500,250,Synthetic Academic Simulation,Demand values are simulated for inventory/demand scenario analysis.
High Demand,450,1668.54,1400,500,250,Synthetic Academic Simulation,Demand values are simulated for inventory/demand scenario analysis.
High Demand,451,1570.36,1400,500,250,Synthetic Academic Simulation,Demand values are simulated for inventory/demand scenario analysis.
High Demand,452,1959.89,1400,500,250,Synthetic Academic Simulation,Demand values are simulated for inventory/demand scenario analysis.
High Demand,453,1744.39,1400,500,250,Synthetic Academic Simulation,Demand values are simulated for inventory/demand scenario analysis.
High Demand,454,1465.08,1400,500,250,Synthetic Academic Simulation,Demand values are simulated for inventory/demand scenario analysis.
High Demand,455,1347.98,1400,500,250,Synthetic Academic Simulation,Demand values are simulated for inventory/demand scenario analysis.
High Demand,456,1702.03,1400,500,250,Synthetic Academic Simulation,Demand values are simulated for inventory/demand scenario analysis.
High Demand,457,1589.94,1400,500,250,Synthetic Academic Simulation,Demand values are simulated for inventory/demand scenario analysis.
High Demand,458,1342.79,1400,500,250,Synthetic Academic Simulation,Demand values are simulated for inventory/demand scenario analysis.
High Demand,459,1677.15,1400,500,250,Synthetic Academic Simulation,Demand values are simulated for inventory/demand scenario analysis.
High Demand,460,1551.58,1400,500,250,Synthetic Academic Simulation,Demand values are simulated for inventory/demand scenario analysis.
High Demand,461,1695.52,1400,500,250,Synthetic Academic Simulation,Demand values are simulated for inventory/demand scenario analysis.
High Demand,462,1679.51,1400,500,250,Synthetic Academic Simulation,Demand values are simulated for inventory/demand scenario analysis.
High Demand,463,1490.51,1400,500,250,Synthetic Academic Simulation,Demand values are simulated for inventory/demand scenario analysis.
High Demand,464,1713.91,1400,500,250,Synthetic Academic Simulation,Demand values are simulated for inventory/demand scenario analysis.
High Demand,465,1510.38,1400,500,250,Synthetic Academic Simulation,Demand values are simulated for inventory/demand scenario analysis.
High Demand,466,1522.08,1400,500,250,Synthetic Academic Simulation,Demand values are simulated for inventory/demand scenario analysis.
High Demand,467,1504.19,1400,500,250,Synthetic Academic Simulation,Demand values are simulated for inventory/demand scenario analysis.
High Demand,468,1803.58,1400,500,250,Synthetic Academic Simulation,Demand values are simulated for inventory/demand scenario analysis.
High Demand,469,1549.5,1400,500,250,Synthetic Academic Simulation,Demand values are simulated for inventory/demand scenario analysis.
High Demand,470,1847.04,1400,500,250,Synthetic Academic Simulation,Demand values are simulated for inventory/demand scenario analysis.
High Demand,471,1921.03,1400,500,250,Synthetic Academic Simulation,Demand values are simulated for inventory/demand scenario analysis.
High Demand,472,1467.03,1400,500,250,Synthetic Academic Simulation,Demand values are simulated for inventory/demand scenario analysis.
High Demand,473,1074.22,1400,500,250,Synthetic Academic Simulation,Demand values are simulated for inventory/demand scenario analysis.
High Demand,474,1788.01,1400,500,250,Synthetic Academic Simulation,Demand values are simulated for inventory/demand scenario analysis.
High Demand,475,1538.45,1400,500,250,Synthetic Academic Simulation,Demand values are simulated for inventory/demand scenario analysis.
High Demand,476,1444.09,1400,500,250,Synthetic Academic Simulation,Demand values are simulated for inventory/demand scenario analysis.
High Demand,477,1494.03,1400,500,250,Synthetic Academic Simulation,Demand values are simulated for inventory/demand scenario analysis.
High Demand,478,1525.33,1400,500,250,Synthetic Academic Simulation,Demand values are simulated for inventory/demand scenario analysis.
High Demand,479,1833.49,1400,500,250,Synthetic Academic Simulation,Demand values are simulated for inventory/demand scenario analysis.
High Demand,480,1628.78,1400,500,250,Synthetic Academic Simulation,Demand values are simulated for inventory/demand scenario analysis.
High Demand,481,1831.05,1400,500,250,Synthetic Academic Simulation,Demand values are simulated for inventory/demand scenario analysis.
High Demand,482,1688.96,1400,500,250,Synthetic Academic Simulation,Demand values are simulated for inventory/demand scenario analysis.
High Demand,483,1544.34,1400,500,250,Synthetic Academic Simulation,Demand values are simulated for inventory/demand scenario analysis.
High Demand,484,1529.74,1400,500,250,Synthetic Academic Simulation,Demand values are simulated for inventory/demand scenario analysis.
High Demand,485,1701.09,1400,500,250,Synthetic Academic Simulation,Demand values are simulated for inventory/demand scenario analysis.
High Demand,486,1747.68,1400,500,250,Synthetic Academic Simulation,Demand values are simulated for inventory/demand scenario analysis.
High Demand,487,1779.42,1400,500,250,Synthetic Academic Simulation,Demand values are simulated for inventory/demand scenario analysis.
High Demand,488,1552.92,1400,500,250,Synthetic Academic Simulation,Demand values are simulated for inventory/demand scenario analysis.
High Demand,489,1631.54,1400,500,250,Synthetic Academic Simulation,Demand values are simulated for inventory/demand scenario analysis.
High Demand,490,1705.13,1400,500,250,Synthetic Academic Simulation,Demand values are simulated for inventory/demand scenario analysis.
High Demand,491,1530.89,1400,500,250,Synthetic Academic Simulation,Demand values are simulated for inventory/demand scenario analysis.
High Demand,492,1395.71,1400,500,250,Synthetic Academic Simulation,Demand values are simulated for inventory/demand scenario analysis.
High Demand,493,1454.87,1400,500,250,Synthetic Academic Simulation,Demand values are simulated for inventory/demand scenario analysis.
High Demand,494,1556.61,1400,500,250,Synthetic Academic Simulation,Demand values are simulated for inventory/demand scenario analysis.
High Demand,495,1719.2,1400,500,250,Synthetic Academic Simulation,Demand values are simulated for inventory/demand scenario analysis.
High Demand,496,1826.62,1400,500,250,Synthetic Academic Simulation,Demand values are simulated for inventory/demand scenario analysis.
High Demand,497,1355.91,1400,500,250,Synthetic Academic Simulation,Demand values are simulated for inventory/demand scenario analysis.
High Demand,498,1492.48,1400,500,250,Synthetic Academic Simulation,Demand values are simulated for inventory/demand scenario analysis.
High Demand,499,1535.58,1400,500,250,Synthetic Academic Simulation,Demand values are simulated for inventory/demand scenario analysis.
High Demand,500,1743.05,1400,500,250,Synthetic Academic Simulation,Demand values are simulated for inventory/demand scenario analysis.
High Demand,501,1504.94,1400,500,250,Synthetic Academic Simulation,Demand values are simulated for inventory/demand scenario analysis.
High Demand,502,1522.65,1400,500,250,Synthetic Academic Simulation,Demand values are simulated for inventory/demand scenario analysis.
High Demand,503,1345.84,1400,500,250,Synthetic Academic Simulation,Demand values are simulated for inventory/demand scenario analysis.
High Demand,504,1687.01,1400,500,250,Synthetic Academic Simulation,Demand values are simulated for inventory/demand scenario analysis.
High Demand,505,1570.95,1400,500,250,Synthetic Academic Simulation,Demand values are simulated for inventory/demand scenario analysis.
High Demand,506,1482.27,1400,500,250,Synthetic Academic Simulation,Demand values are simulated for inventory/demand scenario analysis.
High Demand,507,1553.29,1400,500,250,Synthetic Academic Simulation,Demand values are simulated for inventory/demand scenario analysis.
High Demand,508,1802.86,1400,500,250,Synthetic Academic Simulation,Demand values are simulated for inventory/demand scenario analysis.
High Demand,509,1419.12,1400,500,250,Synthetic Academic Simulation,Demand values are simulated for inventory/demand scenario analysis.
High Demand,510,1448.5,1400,500,250,Synthetic Academic Simulation,Demand values are simulated for inventory/demand scenario analysis.
High Demand,511,1825.41,1400,500,250,Synthetic Academic Simulation,Demand values are simulated for inventory/demand scenario analysis.
High Demand,512,1613.64,1400,500,250,Synthetic Academic Simulation,Demand values are simulated for inventory/demand scenario analysis.
High Demand,513,1720.56,1400,500,250,Synthetic Academic Simulation,Demand values are simulated for inventory/demand scenario analysis.
High Demand,514,1672.32,1400,500,250,Synthetic Academic Simulation,Demand values are simulated for inventory/demand scenario analysis.
High Demand,515,1593.64,1400,500,250,Synthetic Academic Simulation,Demand values are simulated for inventory/demand scenario analysis.
High Demand,516,1537.31,1400,500,250,Synthetic Academic Simulation,Demand values are simulated for inventory/demand scenario analysis.
High Demand,517,1749.68,1400,500,250,Synthetic Academic Simulation,Demand values are simulated for inventory/demand scenario analysis.
High Demand,518,1809.22,1400,500,250,Synthetic Academic Simulation,Demand values are simulated for inventory/demand scenario analysis.
High Demand,519,1795.15,1400,500,250,Synthetic Academic Simulation,Demand values are simulated for inventory/demand scenario analysis.
High Demand,520,1386.62,1400,500,250,Synthetic Academic Simulation,Demand values are simulated for inventory/demand scenario analysis.
High Demand,521,1834.88,1400,500,250,Synthetic Academic Simulation,Demand values are simulated for inventory/demand scenario analysis.
High Demand,522,1535.57,1400,500,250,Synthetic Academic Simulation,Demand values are simulated for inventory/demand scenario analysis.
High Demand,523,1464.09,1400,500,250,Synthetic Academic Simulation,Demand values are simulated for inventory/demand scenario analysis.
High Demand,524,1569.52,1400,500,250,Synthetic Academic Simulation,Demand values are simulated for inventory/demand scenario analysis.
High Demand,525,1749.6,1400,500,250,Synthetic Academic Simulation,Demand values are simulated for inventory/demand scenario analysis.
High Demand,526,1697.28,1400,500,250,Synthetic Academic Simulation,Demand values are simulated for inventory/demand scenario analysis.
High Demand,527,1554.03,1400,500,250,Synthetic Academic Simulation,Demand values are simulated for inventory/demand scenario analysis.
High Demand,528,1750.78,1400,500,250,Synthetic Academic Simulation,Demand values are simulated for inventory/demand scenario analysis.
High Demand,529,1625.17,1400,500,250,Synthetic Academic Simulation,Demand values are simulated for inventory/demand scenario analysis.
High Demand,530,1496.87,1400,500,250,Synthetic Academic Simulation,Demand values are simulated for inventory/demand scenario analysis.
High Demand,531,1472.55,1400,500,250,Synthetic Academic Simulation,Demand values are simulated for inventory/demand scenario analysis.
High Demand,532,1673.84,1400,500,250,Synthetic Academic Simulation,Demand values are simulated for inventory/demand scenario analysis.
High Demand,533,1585.15,1400,500,250,Synthetic Academic Simulation,Demand values are simulated for inventory/demand scenario analysis.
High Demand,534,1352.41,1400,500,250,Synthetic Academic Simulation,Demand values are simulated for inventory/demand scenario analysis.
High Demand,535,1752.49,1400,500,250,Synthetic Academic Simulation,Demand values are simulated for inventory/demand scenario analysis.
High Demand,536,1513.55,1400,500,250,Synthetic Academic Simulation,Demand values are simulated for inventory/demand scenario analysis.
High Demand,537,1886.58,1400,500,250,Synthetic Academic Simulation,Demand values are simulated for inventory/demand scenario analysis.
High Demand,538,1347.46,1400,500,250,Synthetic Academic Simulation,Demand values are simulated for inventory/demand scenario analysis.
High Demand,539,1567.47,1400,500,250,Synthetic Academic Simulation,Demand values are simulated for inventory/demand scenario analysis.
High Demand,540,1474.0,1400,500,250,Synthetic Academic Simulation,Demand values are simulated for inventory/demand scenario analysis.
High Demand,541,1424.42,1400,500,250,Synthetic Academic Simulation,Demand values are simulated for inventory/demand scenario analysis.
High Demand,542,1512.38,1400,500,250,Synthetic Academic Simulation,Demand values are simulated for inventory/demand scenario analysis.
High Demand,543,1918.7,1400,500,250,Synthetic Academic Simulation,Demand values are simulated for inventory/demand scenario analysis.
High Demand,544,1625.81,1400,500,250,Synthetic Academic Simulation,Demand values are simulated for inventory/demand scenario analysis.
High Demand,545,1457.49,1400,500,250,Synthetic Academic Simulation,Demand values are simulated for inventory/demand scenario analysis.
High Demand,546,1270.85,1400,500,250,Synthetic Academic Simulation,Demand values are simulated for inventory/demand scenario analysis.
High Demand,547,1290.15,1400,500,250,Synthetic Academic Simulation,Demand values are simulated for inventory/demand scenario analysis.
High Demand,548,1503.44,1400,500,250,Synthetic Academic Simulation,Demand values are simulated for inventory/demand scenario analysis.
High Demand,549,1485.94,1400,500,250,Synthetic Academic Simulation,Demand values are simulated for inventory/demand scenario analysis.
High Demand,550,1559.67,1400,500,250,Synthetic Academic Simulation,Demand values are simulated for inventory/demand scenario analysis.
High Demand,551,1191.01,1400,500,250,Synthetic Academic Simulation,Demand values are simulated for inventory/demand scenario analysis.
High Demand,552,1583.5,1400,500,250,Synthetic Academic Simulation,Demand values are simulated for inventory/demand scenario analysis.
High Demand,553,1784.99,1400,500,250,Synthetic Academic Simulation,Demand values are simulated for inventory/demand scenario analysis.
High Demand,554,1892.11,1400,500,250,Synthetic Academic Simulation,Demand values are simulated for inventory/demand scenario analysis.
High Demand,555,1259.0,1400,500,250,Synthetic Academic Simulation,Demand values are simulated for inventory/demand scenario analysis.
High Demand,556,1455.75,1400,500,250,Synthetic Academic Simulation,Demand values are simulated for inventory/demand scenario analysis.
High Demand,557,1446.24,1400,500,250,Synthetic Academic Simulation,Demand values are simulated for inventory/demand scenario analysis.
High Demand,558,1626.23,1400,500,250,Synthetic Academic Simulation,Demand values are simulated for inventory/demand scenario analysis.
High Demand,559,1380.44,1400,500,250,Synthetic Academic Simulation,Demand values are simulated for inventory/demand scenario analysis.
High Demand,560,1902.81,1400,500,250,Synthetic Academic Simulation,Demand values are simulated for inventory/demand scenario analysis.
High Demand,561,1607.83,1400,500,250,Synthetic Academic Simulation,Demand values are simulated for inventory/demand scenario analysis.
High Demand,562,1577.83,1400,500,250,Synthetic Academic Simulation,Demand values are simulated for inventory/demand scenario analysis.
High Demand,563,1886.69,1400,500,250,Synthetic Academic Simulation,Demand values are simulated for inventory/demand scenario analysis.
High Demand,564,1597.11,1400,500,250,Synthetic Academic Simulation,Demand values are simulated for inventory/demand scenario analysis.
High Demand,565,1672.05,1400,500,250,Synthetic Academic Simulation,Demand values are simulated for inventory/demand scenario analysis.
High Demand,566,1464.86,1400,500,250,Synthetic Academic Simulation,Demand values are simulated for inventory/demand scenario analysis.
High Demand,567,1353.31,1400,500,250,Synthetic Academic Simulation,Demand values are simulated for inventory/demand scenario analysis.
High Demand,568,1490.13,1400,500,250,Synthetic Academic Simulation,Demand values are simulated for inventory/demand scenario analysis.
High Demand,569,1993.66,1400,500,250,Synthetic Academic Simulation,Demand values are simulated for inventory/demand scenario analysis.
High Demand,570,1713.94,1400,500,250,Synthetic Academic Simulation,Demand values are simulated for inventory/demand scenario analysis.
High Demand,571,1649.42,1400,500,250,Synthetic Academic Simulation,Demand values are simulated for inventory/demand scenario analysis.
High Demand,572,1424.25,1400,500,250,Synthetic Academic Simulation,Demand values are simulated for inventory/demand scenario analysis.
High Demand,573,1764.03,1400,500,250,Synthetic Academic Simulation,Demand values are simulated for inventory/demand scenario analysis.
High Demand,574,1355.62,1400,500,250,Synthetic Academic Simulation,Demand values are simulated for inventory/demand scenario analysis.
High Demand,575,1317.93,1400,500,250,Synthetic Academic Simulation,Demand values are simulated for inventory/demand scenario analysis.
High Demand,576,1499.4,1400,500,250,Synthetic Academic Simulation,Demand values are simulated for inventory/demand scenario analysis.
High Demand,577,1951.81,1400,500,250,Synthetic Academic Simulation,Demand values are simulated for inventory/demand scenario analysis.
High Demand,578,1941.62,1400,500,250,Synthetic Academic Simulation,Demand values are simulated for inventory/demand scenario analysis.
High Demand,579,1518.78,1400,500,250,Synthetic Academic Simulation,Demand values are simulated for inventory/demand scenario analysis.
High Demand,580,1478.64,1400,500,250,Synthetic Academic Simulation,Demand values are simulated for inventory/demand scenario analysis.
High Demand,581,1304.73,1400,500,250,Synthetic Academic Simulation,Demand values are simulated for inventory/demand scenario analysis.
High Demand,582,1614.05,1400,500,250,Synthetic Academic Simulation,Demand values are simulated for inventory/demand scenario analysis.
High Demand,583,1629.16,1400,500,250,Synthetic Academic Simulation,Demand values are simulated for inventory/demand scenario analysis.
High Demand,584,1742.12,1400,500,250,Synthetic Academic Simulation,Demand values are simulated for inventory/demand scenario analysis.
High Demand,585,1763.93,1400,500,250,Synthetic Academic Simulation,Demand values are simulated for inventory/demand scenario analysis.
High Demand,586,1564.46,1400,500,250,Synthetic Academic Simulation,Demand values are simulated for inventory/demand scenario analysis.
High Demand,587,1700.09,1400,500,250,Synthetic Academic Simulation,Demand values are simulated for inventory/demand scenario analysis.
High Demand,588,1473.89,1400,500,250,Synthetic Academic Simulation,Demand values are simulated for inventory/demand scenario analysis.
High Demand,589,1696.67,1400,500,250,Synthetic Academic Simulation,Demand values are simulated for inventory/demand scenario analysis.
High Demand,590,1508.7,1400,500,250,Synthetic Academic Simulation,Demand values are simulated for inventory/demand scenario analysis.
High Demand,591,1682.7,1400,500,250,Synthetic Academic Simulation,Demand values are simulated for inventory/demand scenario analysis.
High Demand,592,1668.13,1400,500,250,Synthetic Academic Simulation,Demand values are simulated for inventory/demand scenario analysis.
High Demand,593,1612.38,1400,500,250,Synthetic Academic Simulation,Demand values are simulated for inventory/demand scenario analysis.
High Demand,594,1743.02,1400,500,250,Synthetic Academic Simulation,Demand values are simulated for inventory/demand scenario analysis.
High Demand,595,1317.33,1400,500,250,Synthetic Academic Simulation,Demand values are simulated for inventory/demand scenario analysis.
High Demand,596,1408.32,1400,500,250,Synthetic Academic Simulation,Demand values are simulated for inventory/demand scenario analysis.
High Demand,597,1551.39,1400,500,250,Synthetic Academic Simulation,Demand values are simulated for inventory/demand scenario analysis.
High Demand,598,1340.21,1400,500,250,Synthetic Academic Simulation,Demand values are simulated for inventory/demand scenario analysis.
High Demand,599,1526.76,1400,500,250,Synthetic Academic Simulation,Demand values are simulated for inventory/demand scenario analysis.
High Demand,600,1532.57,1400,500,250,Synthetic Academic Simulation,Demand values are simulated for inventory/demand scenario analysis.
High Demand,601,1835.74,1400,500,250,Synthetic Academic Simulation,Demand values are simulated for inventory/demand scenario analysis.
High Demand,602,1625.66,1400,500,250,Synthetic Academic Simulation,Demand values are simulated for inventory/demand scenario analysis.
High Demand,603,1785.3,1400,500,250,Synthetic Academic Simulation,Demand values are simulated for inventory/demand scenario analysis.
High Demand,604,1654.3,1400,500,250,Synthetic Academic Simulation,Demand values are simulated for inventory/demand scenario analysis.
High Demand,605,1503.58,1400,500,250,Synthetic Academic Simulation,Demand values are simulated for inventory/demand scenario analysis.
High Demand,606,1624.07,1400,500,250,Synthetic Academic Simulation,Demand values are simulated for inventory/demand scenario analysis.
High Demand,607,1731.3,1400,500,250,Synthetic Academic Simulation,Demand values are simulated for inventory/demand scenario analysis.
High Demand,608,1814.81,1400,500,250,Synthetic Academic Simulation,Demand values are simulated for inventory/demand scenario analysis.
High Demand,609,1576.18,1400,500,250,Synthetic Academic Simulation,Demand values are simulated for inventory/demand scenario analysis.
High Demand,610,1303.45,1400,500,250,Synthetic Academic Simulation,Demand values are simulated for inventory/demand scenario analysis.
High Demand,611,1290.8,1400,500,250,Synthetic Academic Simulation,Demand values are simulated for inventory/demand scenario analysis.
High Demand,612,1541.25,1400,500,250,Synthetic Academic Simulation,Demand values are simulated for inventory/demand scenario analysis.
High Demand,613,1179.18,1400,500,250,Synthetic Academic Simulation,Demand values are simulated for inventory/demand scenario analysis.
High Demand,614,1923.12,1400,500,250,Synthetic Academic Simulation,Demand values are simulated for inventory/demand scenario analysis.
High Demand,615,1707.45,1400,500,250,Synthetic Academic Simulation,Demand values are simulated for inventory/demand scenario analysis.
High Demand,616,1485.58,1400,500,250,Synthetic Academic Simulation,Demand values are simulated for inventory/demand scenario analysis.
High Demand,617,1400.26,1400,500,250,Synthetic Academic Simulation,Demand values are simulated for inventory/demand scenario analysis.
High Demand,618,1785.06,1400,500,250,Synthetic Academic Simulation,Demand values are simulated for inventory/demand scenario analysis.
High Demand,619,1399.55,1400,500,250,Synthetic Academic Simulation,Demand values are simulated for inventory/demand scenario analysis.
High Demand,620,1416.72,1400,500,250,Synthetic Academic Simulation,Demand values are simulated for inventory/demand scenario analysis.
High Demand,621,1462.13,1400,500,250,Synthetic Academic Simulation,Demand values are simulated for inventory/demand scenario analysis.
High Demand,622,1620.54,1400,500,250,Synthetic Academic Simulation,Demand values are simulated for inventory/demand scenario analysis.
High Demand,623,1711.74,1400,500,250,Synthetic Academic Simulation,Demand values are simulated for inventory/demand scenario analysis.
High Demand,624,1814.68,1400,500,250,Synthetic Academic Simulation,Demand values are simulated for inventory/demand scenario analysis.
High Demand,625,1788.09,1400,500,250,Synthetic Academic Simulation,Demand values are simulated for inventory/demand scenario analysis.
High Demand,626,1600.14,1400,500,250,Synthetic Academic Simulation,Demand values are simulated for inventory/demand scenario analysis.
High Demand,627,1783.69,1400,500,250,Synthetic Academic Simulation,Demand values are simulated for inventory/demand scenario analysis.
High Demand,628,1479.22,1400,500,250,Synthetic Academic Simulation,Demand values are simulated for inventory/demand scenario analysis.
High Demand,629,1272.24,1400,500,250,Synthetic Academic Simulation,Demand values are simulated for inventory/demand scenario analysis.
High Demand,630,1479.2,1400,500,250,Synthetic Academic Simulation,Demand values are simulated for inventory/demand scenario analysis.
High Demand,631,1454.87,1400,500,250,Synthetic Academic Simulation,Demand values are simulated for inventory/demand scenario analysis.
High Demand,632,1486.24,1400,500,250,Synthetic Academic Simulation,Demand values are simulated for inventory/demand scenario analysis.
High Demand,633,1427.31,1400,500,250,Synthetic Academic Simulation,Demand values are simulated for inventory/demand scenario analysis.
High Demand,634,1517.0,1400,500,250,Synthetic Academic Simulation,Demand values are simulated for inventory/demand scenario analysis.
High Demand,635,1711.6,1400,500,250,Synthetic Academic Simulation,Demand values are simulated for inventory/demand scenario analysis.
High Demand,636,1908.75,1400,500,250,Synthetic Academic Simulation,Demand values are simulated for inventory/demand scenario analysis.
High Demand,637,1289.44,1400,500,250,Synthetic Academic Simulation,Demand values are simulated for inventory/demand scenario analysis.
High Demand,638,1368.21,1400,500,250,Synthetic Academic Simulation,Demand values are simulated for inventory/demand scenario analysis.
High Demand,639,1457.54,1400,500,250,Synthetic Academic Simulation,Demand values are simulated for inventory/demand scenario analysis.
High Demand,640,1737.83,1400,500,250,Synthetic Academic Simulation,Demand values are simulated for inventory/demand scenario analysis.
High Demand,641,1563.11,1400,500,250,Synthetic Academic Simulation,Demand values are simulated for inventory/demand scenario analysis.
High Demand,642,1469.66,1400,500,250,Synthetic Academic Simulation,Demand values are simulated for inventory/demand scenario analysis.
High Demand,643,1729.01,1400,500,250,Synthetic Academic Simulation,Demand values are simulated for inventory/demand scenario analysis.
High Demand,644,1772.15,1400,500,250,Synthetic Academic Simulation,Demand values are simulated for inventory/demand scenario analysis.
High Demand,645,1596.62,1400,500,250,Synthetic Academic Simulation,Demand values are simulated for inventory/demand scenario analysis.
High Demand,646,1453.08,1400,500,250,Synthetic Academic Simulation,Demand values are simulated for inventory/demand scenario analysis.
High Demand,647,1648.65,1400,500,250,Synthetic Academic Simulation,Demand values are simulated for inventory/demand scenario analysis.
High Demand,648,1558.01,1400,500,250,Synthetic Academic Simulation,Demand values are simulated for inventory/demand scenario analysis.
High Demand,649,1556.62,1400,500,250,Synthetic Academic Simulation,Demand values are simulated for inventory/demand scenario analysis.
High Demand,650,1507.77,1400,500,250,Synthetic Academic Simulation,Demand values are simulated for inventory/demand scenario analysis.
High Demand,651,1766.5,1400,500,250,Synthetic Academic Simulation,Demand values are simulated for inventory/demand scenario analysis.
High Demand,652,1644.98,1400,500,250,Synthetic Academic Simulation,Demand values are simulated for inventory/demand scenario analysis.
High Demand,653,1786.43,1400,500,250,Synthetic Academic Simulation,Demand values are simulated for inventory/demand scenario analysis.
High Demand,654,1840.54,1400,500,250,Synthetic Academic Simulation,Demand values are simulated for inventory/demand scenario analysis.
High Demand,655,1682.62,1400,500,250,Synthetic Academic Simulation,Demand values are simulated for inventory/demand scenario analysis.
High Demand,656,1508.83,1400,500,250,Synthetic Academic Simulation,Demand values are simulated for inventory/demand scenario analysis.
High Demand,657,1787.26,1400,500,250,Synthetic Academic Simulation,Demand values are simulated for inventory/demand scenario analysis.
High Demand,658,1683.82,1400,500,250,Synthetic Academic Simulation,Demand values are simulated for inventory/demand scenario analysis.
High Demand,659,2068.61,1400,500,250,Synthetic Academic Simulation,Demand values are simulated for inventory/demand scenario analysis.
High Demand,660,1655.82,1400,500,250,Synthetic Academic Simulation,Demand values are simulated for inventory/demand scenario analysis.
High Demand,661,1725.58,1400,500,250,Synthetic Academic Simulation,Demand values are simulated for inventory/demand scenario analysis.
High Demand,662,1652.28,1400,500,250,Synthetic Academic Simulation,Demand values are simulated for inventory/demand scenario analysis.
High Demand,663,1582.16,1400,500,250,Synthetic Academic Simulation,Demand values are simulated for inventory/demand scenario analysis.
High Demand,664,1553.42,1400,500,250,Synthetic Academic Simulation,Demand values are simulated for inventory/demand scenario analysis.
High Demand,665,1652.96,1400,500,250,Synthetic Academic Simulation,Demand values are simulated for inventory/demand scenario analysis.
High Demand,666,1693.81,1400,500,250,Synthetic Academic Simulation,Demand values are simulated for inventory/demand scenario analysis.
High Demand,667,1807.79,1400,500,250,Synthetic Academic Simulation,Demand values are simulated for inventory/demand scenario analysis.
High Demand,668,1655.59,1400,500,250,Synthetic Academic Simulation,Demand values are simulated for inventory/demand scenario analysis.
High Demand,669,1516.68,1400,500,250,Synthetic Academic Simulation,Demand values are simulated for inventory/demand scenario analysis.
High Demand,670,1541.17,1400,500,250,Synthetic Academic Simulation,Demand values are simulated for inventory/demand scenario analysis.
High Demand,671,1361.87,1400,500,250,Synthetic Academic Simulation,Demand values are simulated for inventory/demand scenario analysis.
High Demand,672,1899.02,1400,500,250,Synthetic Academic Simulation,Demand values are simulated for inventory/demand scenario analysis.
High Demand,673,1502.59,1400,500,250,Synthetic Academic Simulation,Demand values are simulated for inventory/demand scenario analysis.
High Demand,674,1774.14,1400,500,250,Synthetic Academic Simulation,Demand values are simulated for inventory/demand scenario analysis.
High Demand,675,1649.78,1400,500,250,Synthetic Academic Simulation,Demand values are simulated for inventory/demand scenario analysis.
High Demand,676,1654.67,1400,500,250,Synthetic Academic Simulation,Demand values are simulated for inventory/demand scenario analysis.
High Demand,677,1578.86,1400,500,250,Synthetic Academic Simulation,Demand values are simulated for inventory/demand scenario analysis.
High Demand,678,1458.2,1400,500,250,Synthetic Academic Simulation,Demand values are simulated for inventory/demand scenario analysis.
High Demand,679,1425.66,1400,500,250,Synthetic Academic Simulation,Demand values are simulated for inventory/demand scenario analysis.
High Demand,680,1911.12,1400,500,250,Synthetic Academic Simulation,Demand values are simulated for inventory/demand scenario analysis.
High Demand,681,1620.51,1400,500,250,Synthetic Academic Simulation,Demand values are simulated for inventory/demand scenario analysis.
High Demand,682,1802.55,1400,500,250,Synthetic Academic Simulation,Demand values are simulated for inventory/demand scenario analysis.
High Demand,683,1849.28,1400,500,250,Synthetic Academic Simulation,Demand values are simulated for inventory/demand scenario analysis.
High Demand,684,1526.05,1400,500,250,Synthetic Academic Simulation,Demand values are simulated for inventory/demand scenario analysis.
High Demand,685,1676.23,1400,500,250,Synthetic Academic Simulation,Demand values are simulated for inventory/demand scenario analysis.
High Demand,686,1608.1,1400,500,250,Synthetic Academic Simulation,Demand values are simulated for inventory/demand scenario analysis.
High Demand,687,1391.7,1400,500,250,Synthetic Academic Simulation,Demand values are simulated for inventory/demand scenario analysis.
High Demand,688,1566.61,1400,500,250,Synthetic Academic Simulation,Demand values are simulated for inventory/demand scenario analysis.
High Demand,689,1705.75,1400,500,250,Synthetic Academic Simulation,Demand values are simulated for inventory/demand scenario analysis.
High Demand,690,1510.17,1400,500,250,Synthetic Academic Simulation,Demand values are simulated for inventory/demand scenario analysis.
High Demand,691,1541.53,1400,500,250,Synthetic Academic Simulation,Demand values are simulated for inventory/demand scenario analysis.
High Demand,692,1568.79,1400,500,250,Synthetic Academic Simulation,Demand values are simulated for inventory/demand scenario analysis.
High Demand,693,1980.08,1400,500,250,Synthetic Academic Simulation,Demand values are simulated for inventory/demand scenario analysis.
High Demand,694,1269.87,1400,500,250,Synthetic Academic Simulation,Demand values are simulated for inventory/demand scenario analysis.
High Demand,695,1690.3,1400,500,250,Synthetic Academic Simulation,Demand values are simulated for inventory/demand scenario analysis.
High Demand,696,1554.4,1400,500,250,Synthetic Academic Simulation,Demand values are simulated for inventory/demand scenario analysis.
High Demand,697,1484.68,1400,500,250,Synthetic Academic Simulation,Demand values are simulated for inventory/demand scenario analysis.
High Demand,698,1549.98,1400,500,250,Synthetic Academic Simulation,Demand values are simulated for inventory/demand scenario analysis.
High Demand,699,1720.13,1400,500,250,Synthetic Academic Simulation,Demand values are simulated for inventory/demand scenario analysis.
High Demand,700,1730.41,1400,500,250,Synthetic Academic Simulation,Demand values are simulated for inventory/demand scenario analysis.
High Demand,701,1633.48,1400,500,250,Synthetic Academic Simulation,Demand values are simulated for inventory/demand scenario analysis.
High Demand,702,1796.69,1400,500,250,Synthetic Academic Simulation,Demand values are simulated for inventory/demand scenario analysis.
High Demand,703,1828.39,1400,500,250,Synthetic Academic Simulation,Demand values are simulated for inventory/demand scenario analysis.
High Demand,704,1746.95,1400,500,250,Synthetic Academic Simulation,Demand values are simulated for inventory/demand scenario analysis.
High Demand,705,1501.69,1400,500,250,Synthetic Academic Simulation,Demand values are simulated for inventory/demand scenario analysis.
High Demand,706,1689.0,1400,500,250,Synthetic Academic Simulation,Demand values are simulated for inventory/demand scenario analysis.
High Demand,707,1689.86,1400,500,250,Synthetic Academic Simulation,Demand values are simulated for inventory/demand scenario analysis.
High Demand,708,1453.19,1400,500,250,Synthetic Academic Simulation,Demand values are simulated for inventory/demand scenario analysis.
High Demand,709,1317.5,1400,500,250,Synthetic Academic Simulation,Demand values are simulated for inventory/demand scenario analysis.
High Demand,710,1235.9,1400,500,250,Synthetic Academic Simulation,Demand values are simulated for inventory/demand scenario analysis.
High Demand,711,1612.57,1400,500,250,Synthetic Academic Simulation,Demand values are simulated for inventory/demand scenario analysis.
High Demand,712,1653.65,1400,500,250,Synthetic Academic Simulation,Demand values are simulated for inventory/demand scenario analysis.
High Demand,713,1387.28,1400,500,250,Synthetic Academic Simulation,Demand values are simulated for inventory/demand scenario analysis.
High Demand,714,1788.29,1400,500,250,Synthetic Academic Simulation,Demand values are simulated for inventory/demand scenario analysis.
High Demand,715,1627.4,1400,500,250,Synthetic Academic Simulation,Demand values are simulated for inventory/demand scenario analysis.
High Demand,716,1842.9,1400,500,250,Synthetic Academic Simulation,Demand values are simulated for inventory/demand scenario analysis.
High Demand,717,1666.7,1400,500,250,Synthetic Academic Simulation,Demand values are simulated for inventory/demand scenario analysis.
High Demand,718,1408.06,1400,500,250,Synthetic Academic Simulation,Demand values are simulated for inventory/demand scenario analysis.
High Demand,719,1682.49,1400,500,250,Synthetic Academic Simulation,Demand values are simulated for inventory/demand scenario analysis.
High Demand,720,1720.62,1400,500,250,Synthetic Academic Simulation,Demand values are simulated for inventory/demand scenario analysis.
High Demand,721,1501.43,1400,500,250,Synthetic Academic Simulation,Demand values are simulated for inventory/demand scenario analysis.
High Demand,722,1340.42,1400,500,250,Synthetic Academic Simulation,Demand values are simulated for inventory/demand scenario analysis.
High Demand,723,1618.05,1400,500,250,Synthetic Academic Simulation,Demand values are simulated for inventory/demand scenario analysis.
High Demand,724,1419.85,1400,500,250,Synthetic Academic Simulation,Demand values are simulated for inventory/demand scenario analysis.
High Demand,725,1801.76,1400,500,250,Synthetic Academic Simulation,Demand values are simulated for inventory/demand scenario analysis.
High Demand,726,1526.71,1400,500,250,Synthetic Academic Simulation,Demand values are simulated for inventory/demand scenario analysis.
High Demand,727,1910.43,1400,500,250,Synthetic Academic Simulation,Demand values are simulated for inventory/demand scenario analysis.
High Demand,728,1217.65,1400,500,250,Synthetic Academic Simulation,Demand values are simulated for inventory/demand scenario analysis.
High Demand,729,1624.26,1400,500,250,Synthetic Academic Simulation,Demand values are simulated for inventory/demand scenario analysis.
High Demand,730,1857.29,1400,500,250,Synthetic Academic Simulation,Demand values are simulated for inventory/demand scenario analysis.
High Demand,731,1439.75,1400,500,250,Synthetic Academic Simulation,Demand values are simulated for inventory/demand scenario analysis.
High Demand,732,1571.34,1400,500,250,Synthetic Academic Simulation,Demand values are simulated for inventory/demand scenario analysis.
High Demand,733,1527.45,1400,500,250,Synthetic Academic Simulation,Demand values are simulated for inventory/demand scenario analysis.
High Demand,734,1476.92,1400,500,250,Synthetic Academic Simulation,Demand values are simulated for inventory/demand scenario analysis.
High Demand,735,1644.03,1400,500,250,Synthetic Academic Simulation,Demand values are simulated for inventory/demand scenario analysis.
High Demand,736,1366.82,1400,500,250,Synthetic Academic Simulation,Demand values are simulated for inventory/demand scenario analysis.
High Demand,737,1580.03,1400,500,250,Synthetic Academic Simulation,Demand values are simulated for inventory/demand scenario analysis.
High Demand,738,1692.88,1400,500,250,Synthetic Academic Simulation,Demand values are simulated for inventory/demand scenario analysis.
High Demand,739,1561.28,1400,500,250,Synthetic Academic Simulation,Demand values are simulated for inventory/demand scenario analysis.
High Demand,740,1419.96,1400,500,250,Synthetic Academic Simulation,Demand values are simulated for inventory/demand scenario analysis.
High Demand,741,1785.43,1400,500,250,Synthetic Academic Simulation,Demand values are simulated for inventory/demand scenario analysis.
High Demand,742,1731.45,1400,500,250,Synthetic Academic Simulation,Demand values are simulated for inventory/demand scenario analysis.
High Demand,743,1412.59,1400,500,250,Synthetic Academic Simulation,Demand values are simulated for inventory/demand scenario analysis.
High Demand,744,1367.06,1400,500,250,Synthetic Academic Simulation,Demand values are simulated for inventory/demand scenario analysis.
High Demand,745,1428.65,1400,500,250,Synthetic Academic Simulation,Demand values are simulated for inventory/demand scenario analysis.
High Demand,746,1698.15,1400,500,250,Synthetic Academic Simulation,Demand values are simulated for inventory/demand scenario analysis.
High Demand,747,1649.6,1400,500,250,Synthetic Academic Simulation,Demand values are simulated for inventory/demand scenario analysis.
High Demand,748,1742.21,1400,500,250,Synthetic Academic Simulation,Demand values are simulated for inventory/demand scenario analysis.
High Demand,749,1541.29,1400,500,250,Synthetic Academic Simulation,Demand values are simulated for inventory/demand scenario analysis.
High Demand,750,1433.55,1400,500,250,Synthetic Academic Simulation,Demand values are simulated for inventory/demand scenario analysis.
High Demand,751,1765.39,1400,500,250,Synthetic Academic Simulation,Demand values are simulated for inventory/demand scenario analysis.
High Demand,752,1500.38,1400,500,250,Synthetic Academic Simulation,Demand values are simulated for inventory/demand scenario analysis.
High Demand,753,1633.58,1400,500,250,Synthetic Academic Simulation,Demand values are simulated for inventory/demand scenario analysis.
High Demand,754,1321.01,1400,500,250,Synthetic Academic Simulation,Demand values are simulated for inventory/demand scenario analysis.
High Demand,755,1497.43,1400,500,250,Synthetic Academic Simulation,Demand values are simulated for inventory/demand scenario analysis.
High Demand,756,1781.69,1400,500,250,Synthetic Academic Simulation,Demand values are simulated for inventory/demand scenario analysis.
High Demand,757,1471.07,1400,500,250,Synthetic Academic Simulation,Demand values are simulated for inventory/demand scenario analysis.
High Demand,758,1746.61,1400,500,250,Synthetic Academic Simulation,Demand values are simulated for inventory/demand scenario analysis.
High Demand,759,1180.42,1400,500,250,Synthetic Academic Simulation,Demand values are simulated for inventory/demand scenario analysis.
High Demand,760,1499.31,1400,500,250,Synthetic Academic Simulation,Demand values are simulated for inventory/demand scenario analysis.
High Demand,761,1569.16,1400,500,250,Synthetic Academic Simulation,Demand values are simulated for inventory/demand scenario analysis.
High Demand,762,1913.66,1400,500,250,Synthetic Academic Simulation,Demand values are simulated for inventory/demand scenario analysis.
High Demand,763,1389.57,1400,500,250,Synthetic Academic Simulation,Demand values are simulated for inventory/demand scenario analysis.
High Demand,764,1720.78,1400,500,250,Synthetic Academic Simulation,Demand values are simulated for inventory/demand scenario analysis.
High Demand,765,1790.25,1400,500,250,Synthetic Academic Simulation,Demand values are simulated for inventory/demand scenario analysis.
High Demand,766,1470.13,1400,500,250,Synthetic Academic Simulation,Demand values are simulated for inventory/demand scenario analysis.
High Demand,767,1532.77,1400,500,250,Synthetic Academic Simulation,Demand values are simulated for inventory/demand scenario analysis.
High Demand,768,1625.49,1400,500,250,Synthetic Academic Simulation,Demand values are simulated for inventory/demand scenario analysis.
High Demand,769,1333.33,1400,500,250,Synthetic Academic Simulation,Demand values are simulated for inventory/demand scenario analysis.
High Demand,770,1518.08,1400,500,250,Synthetic Academic Simulation,Demand values are simulated for inventory/demand scenario analysis.
High Demand,771,1829.7,1400,500,250,Synthetic Academic Simulation,Demand values are simulated for inventory/demand scenario analysis.
High Demand,772,1694.08,1400,500,250,Synthetic Academic Simulation,Demand values are simulated for inventory/demand scenario analysis.
High Demand,773,1571.78,1400,500,250,Synthetic Academic Simulation,Demand values are simulated for inventory/demand scenario analysis.
High Demand,774,1620.35,1400,500,250,Synthetic Academic Simulation,Demand values are simulated for inventory/demand scenario analysis.
High Demand,775,1704.56,1400,500,250,Synthetic Academic Simulation,Demand values are simulated for inventory/demand scenario analysis.
High Demand,776,1739.03,1400,500,250,Synthetic Academic Simulation,Demand values are simulated for inventory/demand scenario analysis.
High Demand,777,1499.85,1400,500,250,Synthetic Academic Simulation,Demand values are simulated for inventory/demand scenario analysis.
High Demand,778,1876.25,1400,500,250,Synthetic Academic Simulation,Demand values are simulated for inventory/demand scenario analysis.
High Demand,779,1836.94,1400,500,250,Synthetic Academic Simulation,Demand values are simulated for inventory/demand scenario analysis.
High Demand,780,1721.91,1400,500,250,Synthetic Academic Simulation,Demand values are simulated for inventory/demand scenario analysis.
High Demand,781,1448.27,1400,500,250,Synthetic Academic Simulation,Demand values are simulated for inventory/demand scenario analysis.
High Demand,782,1416.36,1400,500,250,Synthetic Academic Simulation,Demand values are simulated for inventory/demand scenario analysis.
High Demand,783,1541.21,1400,500,250,Synthetic Academic Simulation,Demand values are simulated for inventory/demand scenario analysis.
High Demand,784,1610.94,1400,500,250,Synthetic Academic Simulation,Demand values are simulated for inventory/demand scenario analysis.
High Demand,785,1281.67,1400,500,250,Synthetic Academic Simulation,Demand values are simulated for inventory/demand scenario analysis.
High Demand,786,1689.04,1400,500,250,Synthetic Academic Simulation,Demand values are simulated for inventory/demand scenario analysis.
High Demand,787,1831.74,1400,500,250,Synthetic Academic Simulation,Demand values are simulated for inventory/demand scenario analysis.
High Demand,788,1703.77,1400,500,250,Synthetic Academic Simulation,Demand values are simulated for inventory/demand scenario analysis.
High Demand,789,1478.31,1400,500,250,Synthetic Academic Simulation,Demand values are simulated for inventory/demand scenario analysis.
High Demand,790,1457.01,1400,500,250,Synthetic Academic Simulation,Demand values are simulated for inventory/demand scenario analysis.
High Demand,791,1653.97,1400,500,250,Synthetic Academic Simulation,Demand values are simulated for inventory/demand scenario analysis.
High Demand,792,1572.41,1400,500,250,Synthetic Academic Simulation,Demand values are simulated for inventory/demand scenario analysis.
High Demand,793,1679.75,1400,500,250,Synthetic Academic Simulation,Demand values are simulated for inventory/demand scenario analysis.
High Demand,794,1708.31,1400,500,250,Synthetic Academic Simulation,Demand values are simulated for inventory/demand scenario analysis.
High Demand,795,1796.54,1400,500,250,Synthetic Academic Simulation,Demand values are simulated for inventory/demand scenario analysis.
High Demand,796,1396.22,1400,500,250,Synthetic Academic Simulation,Demand values are simulated for inventory/demand scenario analysis.
High Demand,797,1639.89,1400,500,250,Synthetic Academic Simulation,Demand values are simulated for inventory/demand scenario analysis.
High Demand,798,1534.57,1400,500,250,Synthetic Academic Simulation,Demand values are simulated for inventory/demand scenario analysis.
High Demand,799,1582.25,1400,500,250,Synthetic Academic Simulation,Demand values are simulated for inventory/demand scenario analysis.
High Demand,800,1755.59,1400,500,250,Synthetic Academic Simulation,Demand values are simulated for inventory/demand scenario analysis.
High Demand,801,1775.16,1400,500,250,Synthetic Academic Simulation,Demand values are simulated for inventory/demand scenario analysis.
High Demand,802,1851.72,1400,500,250,Synthetic Academic Simulation,Demand values are simulated for inventory/demand scenario analysis.
High Demand,803,1676.61,1400,500,250,Synthetic Academic Simulation,Demand values are simulated for inventory/demand scenario analysis.
High Demand,804,1580.2,1400,500,250,Synthetic Academic Simulation,Demand values are simulated for inventory/demand scenario analysis.
High Demand,805,1554.48,1400,500,250,Synthetic Academic Simulation,Demand values are simulated for inventory/demand scenario analysis.
High Demand,806,1287.74,1400,500,250,Synthetic Academic Simulation,Demand values are simulated for inventory/demand scenario analysis.
High Demand,807,1841.15,1400,500,250,Synthetic Academic Simulation,Demand values are simulated for inventory/demand scenario analysis.
High Demand,808,1542.06,1400,500,250,Synthetic Academic Simulation,Demand values are simulated for inventory/demand scenario analysis.
High Demand,809,1691.06,1400,500,250,Synthetic Academic Simulation,Demand values are simulated for inventory/demand scenario analysis.
High Demand,810,1722.22,1400,500,250,Synthetic Academic Simulation,Demand values are simulated for inventory/demand scenario analysis.
High Demand,811,1375.84,1400,500,250,Synthetic Academic Simulation,Demand values are simulated for inventory/demand scenario analysis.
High Demand,812,1433.8,1400,500,250,Synthetic Academic Simulation,Demand values are simulated for inventory/demand scenario analysis.
High Demand,813,1878.46,1400,500,250,Synthetic Academic Simulation,Demand values are simulated for inventory/demand scenario analysis.
High Demand,814,1652.28,1400,500,250,Synthetic Academic Simulation,Demand values are simulated for inventory/demand scenario analysis.
High Demand,815,1495.49,1400,500,250,Synthetic Academic Simulation,Demand values are simulated for inventory/demand scenario analysis.
High Demand,816,1577.26,1400,500,250,Synthetic Academic Simulation,Demand values are simulated for inventory/demand scenario analysis.
High Demand,817,1795.52,1400,500,250,Synthetic Academic Simulation,Demand values are simulated for inventory/demand scenario analysis.
High Demand,818,1768.18,1400,500,250,Synthetic Academic Simulation,Demand values are simulated for inventory/demand scenario analysis.
High Demand,819,1336.11,1400,500,250,Synthetic Academic Simulation,Demand values are simulated for inventory/demand scenario analysis.
High Demand,820,1894.17,1400,500,250,Synthetic Academic Simulation,Demand values are simulated for inventory/demand scenario analysis.
High Demand,821,1773.91,1400,500,250,Synthetic Academic Simulation,Demand values are simulated for inventory/demand scenario analysis.
High Demand,822,1572.55,1400,500,250,Synthetic Academic Simulation,Demand values are simulated for inventory/demand scenario analysis.
High Demand,823,1385.49,1400,500,250,Synthetic Academic Simulation,Demand values are simulated for inventory/demand scenario analysis.
High Demand,824,1789.72,1400,500,250,Synthetic Academic Simulation,Demand values are simulated for inventory/demand scenario analysis.
High Demand,825,1685.76,1400,500,250,Synthetic Academic Simulation,Demand values are simulated for inventory/demand scenario analysis.
High Demand,826,1337.6,1400,500,250,Synthetic Academic Simulation,Demand values are simulated for inventory/demand scenario analysis.
High Demand,827,1558.23,1400,500,250,Synthetic Academic Simulation,Demand values are simulated for inventory/demand scenario analysis.
High Demand,828,2162.71,1400,500,250,Synthetic Academic Simulation,Demand values are simulated for inventory/demand scenario analysis.
High Demand,829,1602.97,1400,500,250,Synthetic Academic Simulation,Demand values are simulated for inventory/demand scenario analysis.
High Demand,830,1466.45,1400,500,250,Synthetic Academic Simulation,Demand values are simulated for inventory/demand scenario analysis.
High Demand,831,1418.47,1400,500,250,Synthetic Academic Simulation,Demand values are simulated for inventory/demand scenario analysis.
High Demand,832,1918.98,1400,500,250,Synthetic Academic Simulation,Demand values are simulated for inventory/demand scenario analysis.
High Demand,833,1752.6,1400,500,250,Synthetic Academic Simulation,Demand values are simulated for inventory/demand scenario analysis.
High Demand,834,1853.34,1400,500,250,Synthetic Academic Simulation,Demand values are simulated for inventory/demand scenario analysis.
High Demand,835,1644.67,1400,500,250,Synthetic Academic Simulation,Demand values are simulated for inventory/demand scenario analysis.
High Demand,836,1825.72,1400,500,250,Synthetic Academic Simulation,Demand values are simulated for inventory/demand scenario analysis.
High Demand,837,1447.3,1400,500,250,Synthetic Academic Simulation,Demand values are simulated for inventory/demand scenario analysis.
High Demand,838,1629.27,1400,500,250,Synthetic Academic Simulation,Demand values are simulated for inventory/demand scenario analysis.
High Demand,839,1651.67,1400,500,250,Synthetic Academic Simulation,Demand values are simulated for inventory/demand scenario analysis.
High Demand,840,1848.84,1400,500,250,Synthetic Academic Simulation,Demand values are simulated for inventory/demand scenario analysis.
High Demand,841,1657.39,1400,500,250,Synthetic Academic Simulation,Demand values are simulated for inventory/demand scenario analysis.
High Demand,842,1487.41,1400,500,250,Synthetic Academic Simulation,Demand values are simulated for inventory/demand scenario analysis.
High Demand,843,1611.53,1400,500,250,Synthetic Academic Simulation,Demand values are simulated for inventory/demand scenario analysis.
High Demand,844,1298.25,1400,500,250,Synthetic Academic Simulation,Demand values are simulated for inventory/demand scenario analysis.
High Demand,845,1182.23,1400,500,250,Synthetic Academic Simulation,Demand values are simulated for inventory/demand scenario analysis.
High Demand,846,1749.64,1400,500,250,Synthetic Academic Simulation,Demand values are simulated for inventory/demand scenario analysis.
High Demand,847,1532.55,1400,500,250,Synthetic Academic Simulation,Demand values are simulated for inventory/demand scenario analysis.
High Demand,848,1552.94,1400,500,250,Synthetic Academic Simulation,Demand values are simulated for inventory/demand scenario analysis.
High Demand,849,1749.57,1400,500,250,Synthetic Academic Simulation,Demand values are simulated for inventory/demand scenario analysis.
High Demand,850,1851.46,1400,500,250,Synthetic Academic Simulation,Demand values are simulated for inventory/demand scenario analysis.
High Demand,851,1696.21,1400,500,250,Synthetic Academic Simulation,Demand values are simulated for inventory/demand scenario analysis.
High Demand,852,1947.05,1400,500,250,Synthetic Academic Simulation,Demand values are simulated for inventory/demand scenario analysis.
High Demand,853,1690.48,1400,500,250,Synthetic Academic Simulation,Demand values are simulated for inventory/demand scenario analysis.
High Demand,854,1654.4,1400,500,250,Synthetic Academic Simulation,Demand values are simulated for inventory/demand scenario analysis.
High Demand,855,1643.27,1400,500,250,Synthetic Academic Simulation,Demand values are simulated for inventory/demand scenario analysis.
High Demand,856,1368.61,1400,500,250,Synthetic Academic Simulation,Demand values are simulated for inventory/demand scenario analysis.
High Demand,857,1772.08,1400,500,250,Synthetic Academic Simulation,Demand values are simulated for inventory/demand scenario analysis.
High Demand,858,1159.82,1400,500,250,Synthetic Academic Simulation,Demand values are simulated for inventory/demand scenario analysis.
High Demand,859,1494.47,1400,500,250,Synthetic Academic Simulation,Demand values are simulated for inventory/demand scenario analysis.
High Demand,860,1604.13,1400,500,250,Synthetic Academic Simulation,Demand values are simulated for inventory/demand scenario analysis.
High Demand,861,1457.84,1400,500,250,Synthetic Academic Simulation,Demand values are simulated for inventory/demand scenario analysis.
High Demand,862,1518.68,1400,500,250,Synthetic Academic Simulation,Demand values are simulated for inventory/demand scenario analysis.
High Demand,863,1931.09,1400,500,250,Synthetic Academic Simulation,Demand values are simulated for inventory/demand scenario analysis.
High Demand,864,1798.72,1400,500,250,Synthetic Academic Simulation,Demand values are simulated for inventory/demand scenario analysis.
High Demand,865,1476.55,1400,500,250,Synthetic Academic Simulation,Demand values are simulated for inventory/demand scenario analysis.
High Demand,866,1515.48,1400,500,250,Synthetic Academic Simulation,Demand values are simulated for inventory/demand scenario analysis.
High Demand,867,1370.14,1400,500,250,Synthetic Academic Simulation,Demand values are simulated for inventory/demand scenario analysis.
High Demand,868,1726.9,1400,500,250,Synthetic Academic Simulation,Demand values are simulated for inventory/demand scenario analysis.
High Demand,869,1555.05,1400,500,250,Synthetic Academic Simulation,Demand values are simulated for inventory/demand scenario analysis.
High Demand,870,1246.04,1400,500,250,Synthetic Academic Simulation,Demand values are simulated for inventory/demand scenario analysis.
High Demand,871,1618.14,1400,500,250,Synthetic Academic Simulation,Demand values are simulated for inventory/demand scenario analysis.
High Demand,872,1679.02,1400,500,250,Synthetic Academic Simulation,Demand values are simulated for inventory/demand scenario analysis.
High Demand,873,1773.37,1400,500,250,Synthetic Academic Simulation,Demand values are simulated for inventory/demand scenario analysis.
High Demand,874,1586.8,1400,500,250,Synthetic Academic Simulation,Demand values are simulated for inventory/demand scenario analysis.
High Demand,875,1532.92,1400,500,250,Synthetic Academic Simulation,Demand values are simulated for inventory/demand scenario analysis.
High Demand,876,1957.53,1400,500,250,Synthetic Academic Simulation,Demand values are simulated for inventory/demand scenario analysis.
High Demand,877,1601.19,1400,500,250,Synthetic Academic Simulation,Demand values are simulated for inventory/demand scenario analysis.
High Demand,878,1729.52,1400,500,250,Synthetic Academic Simulation,Demand values are simulated for inventory/demand scenario analysis.
High Demand,879,1502.88,1400,500,250,Synthetic Academic Simulation,Demand values are simulated for inventory/demand scenario analysis.
High Demand,880,1724.18,1400,500,250,Synthetic Academic Simulation,Demand values are simulated for inventory/demand scenario analysis.
High Demand,881,1337.99,1400,500,250,Synthetic Academic Simulation,Demand values are simulated for inventory/demand scenario analysis.
High Demand,882,1516.83,1400,500,250,Synthetic Academic Simulation,Demand values are simulated for inventory/demand scenario analysis.
High Demand,883,1382.51,1400,500,250,Synthetic Academic Simulation,Demand values are simulated for inventory/demand scenario analysis.
High Demand,884,1491.1,1400,500,250,Synthetic Academic Simulation,Demand values are simulated for inventory/demand scenario analysis.
High Demand,885,1825.08,1400,500,250,Synthetic Academic Simulation,Demand values are simulated for inventory/demand scenario analysis.
High Demand,886,1489.78,1400,500,250,Synthetic Academic Simulation,Demand values are simulated for inventory/demand scenario analysis.
High Demand,887,1729.29,1400,500,250,Synthetic Academic Simulation,Demand values are simulated for inventory/demand scenario analysis.
High Demand,888,1873.11,1400,500,250,Synthetic Academic Simulation,Demand values are simulated for inventory/demand scenario analysis.
High Demand,889,1595.04,1400,500,250,Synthetic Academic Simulation,Demand values are simulated for inventory/demand scenario analysis.
High Demand,890,1778.88,1400,500,250,Synthetic Academic Simulation,Demand values are simulated for inventory/demand scenario analysis.
High Demand,891,1695.6,1400,500,250,Synthetic Academic Simulation,Demand values are simulated for inventory/demand scenario analysis.
High Demand,892,1620.96,1400,500,250,Synthetic Academic Simulation,Demand values are simulated for inventory/demand scenario analysis.
High Demand,893,1735.06,1400,500,250,Synthetic Academic Simulation,Demand values are simulated for inventory/demand scenario analysis.
High Demand,894,1931.19,1400,500,250,Synthetic Academic Simulation,Demand values are simulated for inventory/demand scenario analysis.
High Demand,895,1485.29,1400,500,250,Synthetic Academic Simulation,Demand values are simulated for inventory/demand scenario analysis.
High Demand,896,1427.34,1400,500,250,Synthetic Academic Simulation,Demand values are simulated for inventory/demand scenario analysis.
High Demand,897,1416.78,1400,500,250,Synthetic Academic Simulation,Demand values are simulated for inventory/demand scenario analysis.
High Demand,898,1779.0,1400,500,250,Synthetic Academic Simulation,Demand values are simulated for inventory/demand scenario analysis.
High Demand,899,1803.29,1400,500,250,Synthetic Academic Simulation,Demand values are simulated for inventory/demand scenario analysis.
High Demand,900,1503.33,1400,500,250,Synthetic Academic Simulation,Demand values are simulated for inventory/demand scenario analysis.
High Demand,901,1215.52,1400,500,250,Synthetic Academic Simulation,Demand values are simulated for inventory/demand scenario analysis.
High Demand,902,1478.54,1400,500,250,Synthetic Academic Simulation,Demand values are simulated for inventory/demand scenario analysis.
High Demand,903,1698.61,1400,500,250,Synthetic Academic Simulation,Demand values are simulated for inventory/demand scenario analysis.
High Demand,904,1587.99,1400,500,250,Synthetic Academic Simulation,Demand values are simulated for inventory/demand scenario analysis.
High Demand,905,1632.46,1400,500,250,Synthetic Academic Simulation,Demand values are simulated for inventory/demand scenario analysis.
High Demand,906,1505.8,1400,500,250,Synthetic Academic Simulation,Demand values are simulated for inventory/demand scenario analysis.
High Demand,907,1782.54,1400,500,250,Synthetic Academic Simulation,Demand values are simulated for inventory/demand scenario analysis.
High Demand,908,1661.77,1400,500,250,Synthetic Academic Simulation,Demand values are simulated for inventory/demand scenario analysis.
High Demand,909,1705.56,1400,500,250,Synthetic Academic Simulation,Demand values are simulated for inventory/demand scenario analysis.
High Demand,910,1628.63,1400,500,250,Synthetic Academic Simulation,Demand values are simulated for inventory/demand scenario analysis.
High Demand,911,1694.39,1400,500,250,Synthetic Academic Simulation,Demand values are simulated for inventory/demand scenario analysis.
High Demand,912,1682.54,1400,500,250,Synthetic Academic Simulation,Demand values are simulated for inventory/demand scenario analysis.
High Demand,913,1432.95,1400,500,250,Synthetic Academic Simulation,Demand values are simulated for inventory/demand scenario analysis.
High Demand,914,1667.15,1400,500,250,Synthetic Academic Simulation,Demand values are simulated for inventory/demand scenario analysis.
High Demand,915,1742.47,1400,500,250,Synthetic Academic Simulation,Demand values are simulated for inventory/demand scenario analysis.
High Demand,916,1807.93,1400,500,250,Synthetic Academic Simulation,Demand values are simulated for inventory/demand scenario analysis.
High Demand,917,1674.9,1400,500,250,Synthetic Academic Simulation,Demand values are simulated for inventory/demand scenario analysis.
High Demand,918,1426.25,1400,500,250,Synthetic Academic Simulation,Demand values are simulated for inventory/demand scenario analysis.
High Demand,919,1453.96,1400,500,250,Synthetic Academic Simulation,Demand values are simulated for inventory/demand scenario analysis.
High Demand,920,1521.67,1400,500,250,Synthetic Academic Simulation,Demand values are simulated for inventory/demand scenario analysis.
High Demand,921,1634.1,1400,500,250,Synthetic Academic Simulation,Demand values are simulated for inventory/demand scenario analysis.
High Demand,922,1578.0,1400,500,250,Synthetic Academic Simulation,Demand values are simulated for inventory/demand scenario analysis.
High Demand,923,1397.73,1400,500,250,Synthetic Academic Simulation,Demand values are simulated for inventory/demand scenario analysis.
High Demand,924,1396.65,1400,500,250,Synthetic Academic Simulation,Demand values are simulated for inventory/demand scenario analysis.
High Demand,925,1222.27,1400,500,250,Synthetic Academic Simulation,Demand values are simulated for inventory/demand scenario analysis.
High Demand,926,1038.49,1400,500,250,Synthetic Academic Simulation,Demand values are simulated for inventory/demand scenario analysis.
High Demand,927,1576.28,1400,500,250,Synthetic Academic Simulation,Demand values are simulated for inventory/demand scenario analysis.
High Demand,928,2017.64,1400,500,250,Synthetic Academic Simulation,Demand values are simulated for inventory/demand scenario analysis.
High Demand,929,1923.42,1400,500,250,Synthetic Academic Simulation,Demand values are simulated for inventory/demand scenario analysis.
High Demand,930,1423.92,1400,500,250,Synthetic Academic Simulation,Demand values are simulated for inventory/demand scenario analysis.
High Demand,931,1626.98,1400,500,250,Synthetic Academic Simulation,Demand values are simulated for inventory/demand scenario analysis.
High Demand,932,1336.38,1400,500,250,Synthetic Academic Simulation,Demand values are simulated for inventory/demand scenario analysis.
High Demand,933,1363.82,1400,500,250,Synthetic Academic Simulation,Demand values are simulated for inventory/demand scenario analysis.
High Demand,934,1384.45,1400,500,250,Synthetic Academic Simulation,Demand values are simulated for inventory/demand scenario analysis.
High Demand,935,1559.41,1400,500,250,Synthetic Academic Simulation,Demand values are simulated for inventory/demand scenario analysis.
High Demand,936,1567.16,1400,500,250,Synthetic Academic Simulation,Demand values are simulated for inventory/demand scenario analysis.
High Demand,937,1645.49,1400,500,250,Synthetic Academic Simulation,Demand values are simulated for inventory/demand scenario analysis.
High Demand,938,1719.38,1400,500,250,Synthetic Academic Simulation,Demand values are simulated for inventory/demand scenario analysis.
High Demand,939,1539.36,1400,500,250,Synthetic Academic Simulation,Demand values are simulated for inventory/demand scenario analysis.
High Demand,940,1606.52,1400,500,250,Synthetic Academic Simulation,Demand values are simulated for inventory/demand scenario analysis.
High Demand,941,1403.11,1400,500,250,Synthetic Academic Simulation,Demand values are simulated for inventory/demand scenario analysis.
High Demand,942,1357.99,1400,500,250,Synthetic Academic Simulation,Demand values are simulated for inventory/demand scenario analysis.
High Demand,943,1330.18,1400,500,250,Synthetic Academic Simulation,Demand values are simulated for inventory/demand scenario analysis.
High Demand,944,1716.86,1400,500,250,Synthetic Academic Simulation,Demand values are simulated for inventory/demand scenario analysis.
High Demand,945,1539.18,1400,500,250,Synthetic Academic Simulation,Demand values are simulated for inventory/demand scenario analysis.
High Demand,946,1263.2,1400,500,250,Synthetic Academic Simulation,Demand values are simulated for inventory/demand scenario analysis.
High Demand,947,1588.64,1400,500,250,Synthetic Academic Simulation,Demand values are simulated for inventory/demand scenario analysis.
High Demand,948,1375.21,1400,500,250,Synthetic Academic Simulation,Demand values are simulated for inventory/demand scenario analysis.
High Demand,949,1898.87,1400,500,250,Synthetic Academic Simulation,Demand values are simulated for inventory/demand scenario analysis.
High Demand,950,1495.81,1400,500,250,Synthetic Academic Simulation,Demand values are simulated for inventory/demand scenario analysis.
High Demand,951,1722.67,1400,500,250,Synthetic Academic Simulation,Demand values are simulated for inventory/demand scenario analysis.
High Demand,952,1796.01,1400,500,250,Synthetic Academic Simulation,Demand values are simulated for inventory/demand scenario analysis.
High Demand,953,1428.11,1400,500,250,Synthetic Academic Simulation,Demand values are simulated for inventory/demand scenario analysis.
High Demand,954,1613.69,1400,500,250,Synthetic Academic Simulation,Demand values are simulated for inventory/demand scenario analysis.
High Demand,955,1699.62,1400,500,250,Synthetic Academic Simulation,Demand values are simulated for inventory/demand scenario analysis.
High Demand,956,1620.8,1400,500,250,Synthetic Academic Simulation,Demand values are simulated for inventory/demand scenario analysis.
High Demand,957,1665.0,1400,500,250,Synthetic Academic Simulation,Demand values are simulated for inventory/demand scenario analysis.
High Demand,958,1360.67,1400,500,250,Synthetic Academic Simulation,Demand values are simulated for inventory/demand scenario analysis.
High Demand,959,1699.73,1400,500,250,Synthetic Academic Simulation,Demand values are simulated for inventory/demand scenario analysis.
High Demand,960,1512.49,1400,500,250,Synthetic Academic Simulation,Demand values are simulated for inventory/demand scenario analysis.
High Demand,961,1662.9,1400,500,250,Synthetic Academic Simulation,Demand values are simulated for inventory/demand scenario analysis.
High Demand,962,1765.6,1400,500,250,Synthetic Academic Simulation,Demand values are simulated for inventory/demand scenario analysis.
High Demand,963,1720.39,1400,500,250,Synthetic Academic Simulation,Demand values are simulated for inventory/demand scenario analysis.
High Demand,964,1662.77,1400,500,250,Synthetic Academic Simulation,Demand values are simulated for inventory/demand scenario analysis.
High Demand,965,1715.58,1400,500,250,Synthetic Academic Simulation,Demand values are simulated for inventory/demand scenario analysis.
High Demand,966,1723.91,1400,500,250,Synthetic Academic Simulation,Demand values are simulated for inventory/demand scenario analysis.
High Demand,967,1869.19,1400,500,250,Synthetic Academic Simulation,Demand values are simulated for inventory/demand scenario analysis.
High Demand,968,1593.87,1400,500,250,Synthetic Academic Simulation,Demand values are simulated for inventory/demand scenario analysis.
High Demand,969,1629.51,1400,500,250,Synthetic Academic Simulation,Demand values are simulated for inventory/demand scenario analysis.
High Demand,970,1767.77,1400,500,250,Synthetic Academic Simulation,Demand values are simulated for inventory/demand scenario analysis.
High Demand,971,1511.73,1400,500,250,Synthetic Academic Simulation,Demand values are simulated for inventory/demand scenario analysis.
High Demand,972,1359.65,1400,500,250,Synthetic Academic Simulation,Demand values are simulated for inventory/demand scenario analysis.
High Demand,973,1688.78,1400,500,250,Synthetic Academic Simulation,Demand values are simulated for inventory/demand scenario analysis.
High Demand,974,1562.92,1400,500,250,Synthetic Academic Simulation,Demand values are simulated for inventory/demand scenario analysis.
High Demand,975,1382.65,1400,500,250,Synthetic Academic Simulation,Demand values are simulated for inventory/demand scenario analysis.
High Demand,976,1690.1,1400,500,250,Synthetic Academic Simulation,Demand values are simulated for inventory/demand scenario analysis.
High Demand,977,1857.6,1400,500,250,Synthetic Academic Simulation,Demand values are simulated for inventory/demand scenario analysis.
High Demand,978,1306.65,1400,500,250,Synthetic Academic Simulation,Demand values are simulated for inventory/demand scenario analysis.
High Demand,979,1784.02,1400,500,250,Synthetic Academic Simulation,Demand values are simulated for inventory/demand scenario analysis.
High Demand,980,1143.33,1400,500,250,Synthetic Academic Simulation,Demand values are simulated for inventory/demand scenario analysis.
High Demand,981,1527.95,1400,500,250,Synthetic Academic Simulation,Demand values are simulated for inventory/demand scenario analysis.
High Demand,982,1931.29,1400,500,250,Synthetic Academic Simulation,Demand values are simulated for inventory/demand scenario analysis.
High Demand,983,1540.9,1400,500,250,Synthetic Academic Simulation,Demand values are simulated for inventory/demand scenario analysis.
High Demand,984,1616.19,1400,500,250,Synthetic Academic Simulation,Demand values are simulated for inventory/demand scenario analysis.
High Demand,985,1737.32,1400,500,250,Synthetic Academic Simulation,Demand values are simulated for inventory/demand scenario analysis.
High Demand,986,1291.03,1400,500,250,Synthetic Academic Simulation,Demand values are simulated for inventory/demand scenario analysis.
High Demand,987,1612.98,1400,500,250,Synthetic Academic Simulation,Demand values are simulated for inventory/demand scenario analysis.
High Demand,988,1611.56,1400,500,250,Synthetic Academic Simulation,Demand values are simulated for inventory/demand scenario analysis.
High Demand,989,1935.22,1400,500,250,Synthetic Academic Simulation,Demand values are simulated for inventory/demand scenario analysis.
High Demand,990,1377.57,1400,500,250,Synthetic Academic Simulation,Demand values are simulated for inventory/demand scenario analysis.
High Demand,991,1531.32,1400,500,250,Synthetic Academic Simulation,Demand values are simulated for inventory/demand scenario analysis.
High Demand,992,1432.9,1400,500,250,Synthetic Academic Simulation,Demand values are simulated for inventory/demand scenario analysis.
High Demand,993,1413.81,1400,500,250,Synthetic Academic Simulation,Demand values are simulated for inventory/demand scenario analysis.
High Demand,994,1802.93,1400,500,250,Synthetic Academic Simulation,Demand values are simulated for inventory/demand scenario analysis.
High Demand,995,1604.8,1400,500,250,Synthetic Academic Simulation,Demand values are simulated for inventory/demand scenario analysis.
High Demand,996,1500.0,1400,500,250,Synthetic Academic Simulation,Demand values are simulated for inventory/demand scenario analysis.
High Demand,997,1506.79,1400,500,250,Synthetic Academic Simulation,Demand values are simulated for inventory/demand scenario analysis.
High Demand,998,1498.62,1400,500,250,Synthetic Academic Simulation,Demand values are simulated for inventory/demand scenario analysis.
High Demand,999,1514.72,1400,500,250,Synthetic Academic Simulation,Demand values are simulated for inventory/demand scenario analysis.
High Demand,1000,1372.4,1400,500,250,Synthetic Academic Simulation,Demand values are simulated for inventory/demand scenario analysis.
